æ³¡æ³¡	bubbles
ç›´æ’­ç»æµ	Live broadcast economy; 
éå¾—	Must; (followed by a verb phrase, then â€“ optionally â€“ ä¸å¯, or ä¸è¡Œ etc) must
é€æ°”	aspiration; aspiration (phonetics, explosion of breath on consonants distinguishing Chinese p, t from b, d)
ç»´åŸºç™¾ç§‘	Wikipedia; Wikipedia (online encyclopedia)
ä¿¡ï¼ˆåŠ¨ï¼‰	believe; trust; 
æ˜Ÿçƒå¤§æˆ˜	Star Wars
å¸¦è´§ç›´æ’­	Live broadcast with goods; 
å–‚ï¼ˆå¹ï¼‰	hello; hey; 
ç›¸äº²è§’	blind date corner; "matchmaking corner", a gathering in a park for parents who seek marriage partners for their adult children by connecting with other parents who put up posters displaying their unmarried child's details
æœé²œğŸ‡°ğŸ‡µ	North Korea; 
é½¿é¾ˆåéŸ³	postalveolar sound; 
â€¦æäº†	extremely; exceedingly; 
åŠ å¼ºè¯­æ°”	Strengthen the tone; 
ä¸æŸ“å°˜	Untainted by dust; 
æœ‰åŠ²å„¿	strong; energetic; 
æœºå™¨ç¿»è¯‘	machine translation
å‡ åƒå¹´å‰	thousands of years ago; 
å‡å®š	assumed, assumption; to assume; to suppose; supposed; so-called; assumption; hypothesis
è—è¯­	Tibetan language
æ‹–æ‹‰æœº	tractor; tractor/CL:å°[tÃ¡i]
æ•² 	knock on the door, or type; 
ä¼šï¼ˆåï¼‰	meeting; gathering; conference; union; party; 
é è°±	reliable; reasonable; probable
å±å¹•ğŸ–¥	Screen ğŸ–¥; 
å¤§æ¦‚äº†è§£	roughly understand; 
è¯¥æ˜¯ä½ çš„	It should be yours; 
çº¯å¾‹	Just intonation; 
åˆ†å·	semicolon; semicolon (punct.)
Aæ”¹å˜B	A changes B; 
éŸ³ç¨‹	interval (music)
ä¹¡åœŸä¸­å›½	rural China (book); 
é›¶ï½œã€‡	zero; 
é’æ—…	hostel; youth hostel; abbr. for é’å¹´æ—…èˆ[qÄ«ng niÃ¡n lu:3 shÃ¨]
è€å¥¶å¥¶	granny; (coll.) father's father's mother; paternal great-grandmother; respectful form of address for an old woman
èƒšå­	Embryon; 
æˆ‘é†’äº†	I woke up; 
ä¸€ç±³äº”äº”	1.55 meters; 
å‰ææ¡ä»¶	Prerequisites; preconditions
ç½‘çƒé¦†	tennis hall; 
å®¶å…»çš„	domesticated; 
ç¤¾äº¤æ´»åŠ¨	social activities / social interaction; 
å†°æ²™	Smoothies; slushie; smoothie; crushed ice drink; frappucino
çœï¼ˆåï¼‰	province; 
ä¸ä¸€ä¼šå„¿	in a moment; in a little while; soon; 
è¡Œæç‰Œ	Luggage tag; 
åœŸï¼ˆå½¢ï¼‰	local; native; folk; indigenous; unfashionable; 
å…¬å¸æ”¶å…¥	company revenue; 
é¢è¯•å®˜	interviewer; 
å”æœ	Tang Dynasty; Tang dynasty (618-907)
ä»£ 	to replace ; 
é›…æ€	IELTS; IELTS (International English Language Testing System)
åŒ¿åçš„	anonymous; 
h -k	h -k; 
ç ”ç©¶äººå‘˜	researcher; research worker; research personnel
ç‹å˜‰å°”	Jackson Wang; 
å°ä¼—	niche; minority of the population; non-mainstream (activity, pursuit etc); niche (market etc)
å¤šå·´èƒº	dopamine
æ¯•ä¸šæ—…è¡Œ	graduation trip; 
é©¬èœ‚	wasp; hornet
åä¸ªç»„	ten groups (of people); 
è¾…éŸ³	consonant
é¼»çª¦ç‚	sinusitis
è´Ÿå€º	loan; liability/ to be in debt; to be in debt; to incur debts; liability (finance)
çˆ±ç‹®å…‹	ISAG; 
è½¯è…­åŒ–	Velarization; 
ç¾Šé©¼æ¯›	alpaca wool; 
å†’å·	colon; colon (punct.)
é‚£ï¼ˆä»£ï¼‰	that; 
æ‰€ï¼ˆåŠ©ï¼‰	(auxiliary word); 
å›ä¸»æ–‘è¶	monarch butterfly; 
ä¸€é¢é•œå­	a mirror; 
æµ™æ±Ÿ	Zhejiang (place); Zhejiang province (Chekiang) in east China, abbr. æµ™, capital Hangzhou æ­å·
ç¨‹åº¦ 	degree; 
æ´—ç¢—æœº	dishwasher
æ€•ï¼ˆåŠ¨ï¼‰	be afraid; fear; dread; 
åˆ†å¼€ç¿»è¯‘	Translate separately; 
æ¶ˆè€—å°½	to exhaust/use up; 
è¦ä¸æ˜¯	If not; if it were not for; but for
ç²¤æ‹¼ç³»ç»Ÿ	Yue Pin System; 
çŒ¥ç	creepy; wretched (esp. appearance)/vulgar
è™½è¯´å¦‚æ­¤	having said that; 
æƒ…ç»ªå´©æºƒ	emotional breakdown; 
æŒºï¼ˆåŠ¨ï¼‰	stand; hold out; endure; stick out; 
ä¸€é˜Ÿå£«å…µ	a group of soldiers; 
åˆ«ï¼ˆåŠ¨ï¼‰	do not; leave; separate; pin; 
å«ï¼ˆåŠ¨ï¼‰	call; be called; 
å½“è€å¸ˆ	to work as teacher; 
å¯æ¯”æ€§	Comparability; 
å‰è‹è”	former Soviet Union
å…­å°ºä¸‰å¯¸	six feet three inches; 
ç›”ç”²	armor; body armor and helmet
åç«¯	back end; backend (computing)
ä¼ç¬”	Foreshadowing; foreshadowing (literary device); foretaste of material to come (in an essay or story)
è¯»ç¡•å£«	study for a master; 
å¿ƒä¸åœ¨ç„‰	absent-minded; preoccupied; inattentive; with one's thoughts wandering
éŸ³é˜¶	scale (musical); musical scale
å…±äº§å…šäºº	communist; 
æ©˜çŒ«	orange cat; 
é›¶å’Œç¤¾ä¼š	zero sum society; 
æµæµªæ±‰	homeless person; tramp; wanderer
å†œæ°‘å·¥	migrant workers; migrant worker (who moved from a rural area of China to a city to find work)
éŸ³èŠ‚è¾…éŸ³	Syllabic consonant; 
ä¸ªäººæ”¶å…¥	personal income; 
å·®ä¸å¤šé«˜	about the same height; 
åŒå”‡éŸ³	bilabial sounds; bilabial consonant (b, p, or m)
å¸ˆå¾’	master and apprentice/teacher and student; master and disciple
ç³»é‹å¸¦	tie shoelaces; 
å½“åš	as; to treat as; to regard as; to look upon as
æµ·é²ˆ	sea bass
æ‰ï¼ˆåï¼‰	ability; talent; gift; endowment; 
æ¯›ï¼ˆé‡ï¼‰	a fractional unit of money in China (measure word); 
æ ¸å¿ƒè¯	core words; 
è®©äººè®¨åŒ	hateable; 
è‡ªç”±èŒä¸š	Freelance; self-employed; profession
åˆå¤œ	midnight
åŒä¸€æ¡è¡—	same street; 
åŠªåŠ›ğŸ’ª	Work hard ğŸ’ª; 
åŒ–è§£ç¾éš¾	resolve disaster; 
ä¸èƒ½å¿˜æœ¬	Don't forget your roots; 
å®‰ä¹æ­»	euthanasia
å¹¸ç¦é˜€å€¼	happiness threshold; 
ç™¾ç§‘å…¨ä¹¦	encyclopedia; encyclopedia/CL:æœ¬[bÄ›n],é›†[jÃ­]
è…“å°¼åŸºäºº	Phoenicians; 
æ‹äºšç™–	Yellow fever (fetish towards Asians); 
æ—¥ç›Šå¢é•¿	growing day by day; 
åº‡æŠ¤	asylum; shelter; to shield; to put under protection; to take under one's wing
ç¾å›½å¤§é€‰	US election; 
ä»–å½’ç½ªæˆ‘	He blamed me; 
åº”æˆ˜	accept the war; to take up a challenge; to face an attack and meet it
ä¸€æ ¹æ‰‹æŒ‡	a finger; 
è„šé¢	Instep; instep (upper surface of the foot)
ä¸»æ—‹å¾‹	mainstream idea (that the gvt plays, that you have to go along with); (music) theme; principal melody/(fig.) central theme; main idea/(of a movie) created with the purpose of promoting Party values and point of view
æµçœ¼æ³ªğŸ¥²	shed tears ğŸ¥²; 
å«å¤–å–	Order takeout; 
è¿ç»­æ€§	continuum; continuity
åƒï¼ˆåŠ¨ï¼‰	be like; resemble; look like; such as; 
å¨å°”å£«	Wales; Wales, constituent nation of UK
æ‘˜çœ¼é•œ	take off glasses; 
æ£æµ‹	speculation; to guess; to conjecture
è¿è¯	conjunction
åŒ¿å	anonymous
æ¼”å¥éŸ³é˜¶	play a musical scale; 
æ•°å­—åŠ³å·¥	digital labor; 
æˆ‘ä¸ºä½ å¥½	I want the best for you; 
çº¸è€è™	paper tiger
å¨å°¼æ–¯	Venice; Venice/Venezia
æ— æ€§æ‹	asexual; 
å”‡é½¿éŸ³	Labial and dental sounds; labiodental (e.g. the consonant f in standard Chinese)
ä»»ï¼ˆè¿ï¼‰	no matter (how, what, etc.); 
ç”µè„‘ç§‘å­¦	computer science; 
å¤§ä¸å¦‚å‰	Not as good as before; 
å¡éŸ³	stop consonant; (linguistics) plosive; stop
ç”µå­ç—•è¿¹	electronic traces (trail); 
å½’ä¸»	Return to the Lord (die?); 
ç”„å¬›ä¼ 	The Legend of Zhen Huan; 
ä¹±è±¡ 	Chaotic; 
æ‰“å‹¾â˜‘ï¸	Tick â€‹â€‹â˜‘ï¸; 
æ‹›è´¢çŒ«	Lucky Cat; maneki-neko or "lucky cat", Japanese figurine cat usually found at the entrance of shops, restaurants etc, believed to bring good fortune
çŸ¥è¯†å¾ˆå¹¿	Very broad knowledge; 
æ‰“å·¥å‡æœŸ	working holiday; 
ç”Ÿï¼ˆå½¢ï¼‰	unripe; green; living; raw; unfamiliar; 
å¹³æ‰‹	(sports) draw; tie
ç¡…è°·	Silicon Valley
è«è¨€	Mo Yan; Mo Yan (1955-), Chinese novelist, winner of 2012 Nobel Prize in Literature
æ¸¸ç‰§æ°‘æ—	nomads; 
æŠŠï¼ˆä»‹ï¼‰	(particle marking the following noun as a direct object); 
è€ï¼ˆå‰¯ï¼‰	always; constantly; 
ç—›ï¼ˆå½¢ï¼‰	sore; painful; sad; 
ä¸€æ‹œå¤©åœ°	Pay homage to heaven and earth; 
å¼¥èµ›äºš	Messiah
æ…¢çƒ­	Slow to warm up to sth (e.g. to a person in a relationship); slow to heat up/(fig.) (of a person) reserved; introverted; slow to develop relationships; (of a product etc) to take time to become popular; (sports) slow to reach peak performance
é˜²ç«å¢™	firewall; firewall/CL:å µ[dÇ”]
å…¨éŸ³	whole tone; whole tone (musical interval)
åŒæ€§æ‹	bisexual; bisexuality
åˆ»ï¼ˆé‡ï¼‰	a quarter (of an hour); 
ç¤¾ä¼šè¿åŠ¨	social movement; 
çŸ¥æ— ä¸è¨€	Tell everything you know (?); 
ä¸‹åœ°ç‹±	Go to hell; 
æ‰¹ï¼ˆé‡ï¼‰	(measure word); 
æ¬§æ¥‚å˜è½¯	medlars becomes soft; 
ä½“åŠ›æ´»	physical work; 
è®¨åƒçš„	Begging for food; 
å­¦ç”Ÿè´·æ¬¾	student loans; 
å’½åŒ–	Pharyngealization; 
å°åœ°è¯­	Hindi; Hindi (language)
æŠŠï¼ˆé‡ï¼‰	(measure word); 
é…¸èœé±¼	boiled fish with pickled cabbage; 
å›´å¢™	wall; perimeter wall; fence; CL:é“[dÃ o]
æ‰ï¼ˆå‰¯ï¼‰	only; just; 
åˆ»ï¼ˆåŠ¨ï¼‰	carve; engrave; cut; 
è®©äººå›°æƒ‘	confusing; 
è´Ÿä¼¤	wounded; to be wounded; to sustain an injury
é«˜/ çŸ®	tall/short; 
ç‰›ï¼ˆåï¼‰	cattle; ox; cow; 
æŒ‰ç…§è¦æ±‚	as required; 
æ­£å¿µ	Mindfulness; correct mindfulness (Buddhism)
ç³ç‘çŒ«	tortoiseshell cat; 
é½¿éŸ³	dental consonant
æ¡‚èŠ±	osmanthus ; osmanthus flowers/Osmanthus fragrans
çº æ­£é”™è¯¯	correct errors; 
å·§åˆ	coincide; coincidence; coincidental; to coincide
è¯­æºå­¦	etymology; 
åŒäººåºŠ	double bed
é‡‘æªé±¼	tuna
å·¥ä½œå®¤	studio; workshop
ç‰¡è›	oyster
ç½—å…°å·´ç‰¹	Roland Barthes; 
æ°´æ§½	sink
æˆï¼ˆåŠ¨ï¼‰	become; finish; 
è¡€æ¸…ç´ 	serotonin
çš®åˆ’è‰‡	canoe; kayak
é¢ä¸´æƒ…å†µ	facing situation; 
å…¬æ¯	Male and female (of animals); 
æŠ½æ ·	sampling (e.g. sampling bias); sample; sampling
å°æ¹¾	Taiwan
å…³ï¼ˆåï¼‰	pass; check point; customhouse; mechanism; barrier; 
æ ‡è¯­	slogan; written slogan; placard; CL:å¹…[fÃº],å¼ [zhÄng],æ¡[tiÃ¡o]
è®¢é˜…	to subscribe; subscription; to subscribe to
æ’ä»¶	plug-in; plug-in (software or hardware)/to plug in a component
åšå£«å	post doc; postdoc; a postdoctoral position
èƒŒï¼ˆåŠ¨ï¼‰	carry on the back; shoulder; 
æ— èŠ±æœ	Fig; fig (Ficus carica)
å¹³å‡èº«é«˜	Average height; 
æ¬¡è´§	Defective goods; inferior goods; substandard products
åˆè‚¥æ–¹è¨€	Hefei dialect; 
ä»¥çˆ¶ä¹‹å	in the name of the father; 
æ‰“ï¼ˆä»‹ï¼‰	from; since; 
è¿‘éŸ³	approximant; 
æ–‡è‰ºå¤å…´	Renaissance; the Renaissance
å•äººåºŠ	single bed; single bed/CL:å¼ [zhÄng]
ç”¨æ³•æ›´å¹¿	the usage is more general/broad; 
æ²ªè¯­	Shanghainese; Shanghainese/Shanghai dialect
ç‰¹åˆ«æ¼‚äº®	especially beautiful; 
åœŸçŒ«	native cat (e.g. the local variety); 
å’½éŸ³	pharyngeal sounds; 
Aå˜äº†	A has changed; 
å…¨èŒ	full time; full-time job
æ¸…è’¸	steamed it with water; steamed in broth
å®‰å®šä¸‹æ¥	settle down; 
ç¡¬è…­éŸ³	Palatal sound; 
èµŒè¾“	lose at gambling; 
è„šåè·Ÿ	heel
å¤©ç”Ÿè´±èƒš	Born to be a jerk; 
å¯è®¸è¯	Licensable; 
ä¾é™„ç†è®º	attachment theory; 
æ±‰è—è¯­ç³»	Sino-Tibetan language family
å¼€å¿ƒæœ	pistachio; pistachio nuts; fig. amusing person
è¡—åŒº	block/neighborhood; block; neighborhood
æ‹¿ç»¿å¡	Get a green card; 
æ“¦éŸ³	fricative
ä¸é€æ°”	tenuis; unaspirated
å¥´æ‰æ ·	slave-like (describing someone's attitude); slave-like; 
ä¸ºï¼ˆåŠ¨ï¼‰	act as; become; be; mean; 
50é›†	50 episodes; 
ç†Ÿæ‚‰çš„äºº	familiar person; 
æœªåˆ†åŒ–	Undifferentiated; 
ä¿¡ï¼ˆåï¼‰	letter; mail; faith; 
çµå¼‚ç»å†	paranormal experience; 
åˆ›å¯è´´	band-aid; sticking plaster
ç”Ÿç« 	Make a fire; 
æ¥”å½¢æ–‡å­—	cuneiform; cuneiform (Babylonian script)
æ‰¹ï¼ˆåŠ¨ï¼‰	criticize; batch; 
ç¡•æœç´¯ç´¯	fruitful; heavily laden with fruit; fertile (of trees); many noteworthy achievements
å¤šï¼ˆå‰¯ï¼‰	much more; far more; 
è®­è¯«	admonition(??); to reprimand; to admonish; to lecture sb
å›ï¼ˆé‡ï¼‰	(measure word); 
æ¬¡ï¼ˆé‡ï¼‰	(measure word for times, frequency); 
å…‰æ˜¯åƒ	only eat; 
å¤´çš®	scalp
è¥¿è—æ–‡åŒ–	tibetan culture; 
è·¨æ€§åˆ«	transgender
å¤§åå¤©	the day after the day after tomorrow; The day after tomorrow; three days from now; day after day after tomorrow
é»˜è®¤	default; to agree tacitly; tacit approval; default (setting)
ç‰›ï¼ˆå½¢ï¼‰	stubborn; brave; awesome; 
é«˜/ ä½	high/low; 
è¯è¯­æ­é…	Word collocation; 
ç­¾ï¼ˆåŠ¨ï¼‰	sign; autograph; sign oneâ€™s name; 
æµ‹è¯„	review/ assessment; to test and evaluate
è·³ä¸‹åºŠ	jump out of bed; 
å‡€æ•ˆåº”	net effect; 
è¿æ¥çš„	connected; 
å°èˆŒéŸ³	uvular sound; 
å†¬çœ 	to hibernate; hibernation
ç¾Šç»’	Cashmere; 
é±¿é±¼	squid
ç”Ÿè¯è¡¨	vocabulary list; 
è·¨å­¦ç§‘	interdisciplinary
æ€•ï¼ˆå‰¯ï¼‰	perhaps; afraid; 
ç‰ç±³çŒªè‚‰	Corn Pork; 
æœ¬æ¥åº”è¯¥	should have been; 
å”¤é†’	awakening; to wake sb; to rouse
é™ªå®¶äºº	spend time with family; 
è¥¿å¼	Western; Western style
å°è°ƒéŸ³é˜¶	Minor scale; 
ç¤¾ä¼šå­¦	sociology
å¥´æ‰æ–—èƒ†	The servant dares; 
å¦ˆå¦ˆï½œå¦ˆ	mom; mother; 
æ–™ï¼ˆåï¼‰	material; feed; stuff; grain; 
å¡”ç½—ç‰Œ	tarot cards; 
ä¸Šä¸€èŠ‚è¯¾	have a lesson; 
ä¸¤ï¼ˆé‡ï¼‰	a unit of weight (=50 grams); 
åä¸‰å¤©	latter three days; 
å¨å£«å¿Œé…’	whiskey; whiskey (loanword)
å‘½å¤§	Luckily; lucky (to have escaped death or serious injury)
åŠ©å­¦é‡‘	financial aid; student grant; education grant; scholarship
å·èˆŒéŸ³	Retroflex sound; retroflex; 
æœºä¼šé™ä¸´	opportunity comes; 
æ°”æ´¾å®ä¼Ÿ	magnificent; 
ææ–‡æœˆ	Li Wenyue (teacher's name); 
å·å‘	curls; to curl hair
å¤ºå‰‘	Seize the sword; 
é¥¥è’	crop failure; famine; debt; difficulty
å‰¯ï¼ˆé‡ï¼‰	(measure word); 
500äº¿	50 billion; 
æ˜¥å›°ç§‹ä¹	Sleepiness in spring and fatigue in autumn; 
æ‰‹è¯­	sign language
å®é™…æ¥è¯´	Practically speaking; 
æœ‰å£éŸ³	Have an accent; 
è¿‘ä¹‰è¯ 	synonyms; 
æˆ’æ¯’	detoxification; to kick a drug habit; to abstain from drugs
å¹¿æ³›åº”ç”¨	widely used; 
æ ¸æ­¦å™¨	nuclear weapon
æŒ¤å–‰éŸ³	ejective sound; 
æŠ½å¤§éº»	smoke marijuana; 
åˆ†ï¼ˆåŠ¨ï¼‰	divide; part; distribute; 
ç¼©å†™	abbreviation; to abridge
å–‚ï¼ˆåŠ¨ï¼‰	feed; 
æ•£æ¼«	flaky; undisciplined; unorganized
â€¦åˆ†ä¹‹â€¦	fractional number; 
è¦ï¼ˆåŠ¨ï¼‰	want; 
ä¸€ä¸ªé¡ºåº	a sequence; 
è„±æ¬§	Brexit; to withdraw from the European Union; abbr. for è„«é›¢æ­ç›Ÿ|è„±ç¦»æ¬§ç›Ÿ
å·æ™®	trump (informal); Sichuanese pidgin (the mix of Standard Mandarin and Sichuanese dialect)/(Tw) surname Trump
ä½•å¿…ï¼Ÿ	Why bother?; 
æ‹œä¸ªå¸ˆå‚…	learn from a master; 
æ€æ­»	kill; to kill
é€šè¯»å…¨æ–‡	Read the full article; 
æ–­è”ç³»	disconnect; 
å†…çˆ†éŸ³	implosion; 
æ°¸æ— æ­¢å¢ƒ	never ending; without end; never-ending
è‡ªç„¶å…‰	natural light; 
ç­‰ï¼ˆåŠ¨ï¼‰	wait; 
å—äº¬	Nanjing; Nanjing subprovincial city on the Changjiang, capital of Jiangsu province æ±Ÿè˜‡|æ±Ÿè‹/capital of China at different historical periods
çŸ¥è¶³ 	contented; 
è¦ï¼ˆè¿ï¼‰	if; 
æ—¥ç›Šå‡å°‘	Decreasing; 
å…«çˆªé±¼	octopus
ä»–å¾ˆå‡†æ—¶	he is on time; 
èŠ±ï¼ˆåŠ¨ï¼‰	spend; expend; 
æ‰“å“ˆæ¬ 	yawn; 
æš–æ°”ç‰‡	Radiator; radiator (for heating)
é¼»éŸ³åŒ–	nasalization; 
çœ¼çš®è·³äº†	Eyelids twitched; 
å±€ï¼ˆåï¼‰	bureau; part; portion; innings; gathering; 
ä¸Šå¤©å ‚	go to heaven; 
ç½—é”…	person who hunches over (was a person's name called Luoguo); to hunch one's back (coll.)/a hunchback
è‹è‡	fly; housefly/CL:åª[zhÄ«]
ç»æµå­¦è€…	economist
æ­å˜´éŸ³	Click consonant; 
å‘½ï¼ˆåï¼‰	life; order; fate; 
ä¸­åº¸ä¹‹é“	golden mean; doctrine of the mean; moderation in all things
è´ªé’± 	greedy; 
è¿‡é“ 	corridor; 
ç…§é¡¾è€…	caregiver; 
ä¸å‰åˆ©	Unlucky; ominous
ä¸€æ®µå©šå§»	a marriage; 
å‰‘é±¼	swordfish
ç¬¦åˆè¦æ±‚	Meet the requirements (as a result); Meet the requirements; 
ç½—éé±¼	Tilapia; 
ç¬¦åˆé€»è¾‘	logical; 
è¾¨éŸ³èƒ½åŠ›	Sound discrimination ability; 
æ·±æµ·é±¼	deep sea fish; 
æŠ¢äº²	marriage by capture; bride kidnapping
èƒŒï¼ˆåï¼‰	back of the body; back side of an object; 
å›è§	See you later (beijing); See you later!
å·¡æŠš	Governor; inspector-general of province in Ming and Qing times
åŒ–è§£å†²çª	resolve conflicts; 
æ”¯ï¼ˆåŠ¨ï¼‰	put up; protrude; support; send away; 
çŸ­è¯­ 	phrase; 
ç»µç¾Š	sheep
é€æ°”éŸ³	Aspirated consonant; 
å°½ç®¡è¿™æ ·	in spite of this; 
é³—é±¼	eel
å¤§è°ƒéŸ³é˜¶	Major scale; 
èŠ±ï¼ˆåï¼‰	flower; 
ä¸€ç¥¨å¦å†³	One-vote veto; 
å‰äº›å¹´	a few years ago; 
æ’ï¼ˆåŠ¨ï¼‰	arrange; put in order; exclude; rehearse; 
è’éƒŠé‡é‡Œ	In the wilderness; 
ä¹ å¾—	acquire, learn; to learn; to acquire (some skill through practice); acquisition
å¼Ÿå¼Ÿï½œå¼Ÿ	younger brother; 
è½æ±¤é¸¡	be caught in the rain and soaked through; a person who looks drenched and bedraggled; like a drowned rat; deep distress
é›ªç³•	ice cream; ice cream bar; ice cream popsicle
è™å¦ˆ	tiger mother; 
ä¸€æ®µçˆ±æƒ…	a love; 
é»‘å¤©é¹…	Black Swan; 
ç™½ï¼ˆå½¢ï¼‰	white; 
é˜´è°‹è®º	conspiracy theory
ç›¸ç”±å¿ƒç”Ÿ	phase comes from the heart; 
éºç‰›	musk ox
æ°´ç–—	water spa; hydrotherapy; aquatherapy
æ¬¡ï¼ˆå½¢ï¼‰	second-rate; secondary; 
ç”¨è¿›åºŸé€€	Use it or lose it; 
æ’­å®¢	podcast; podcast (loanword)
ä¸‹ï¼ˆé‡ï¼‰	(measure word); 
ç«ï¼ˆåï¼‰	fire; anger; temper; 
æ¯›ï¼ˆåï¼‰	a fractional unit of money in China; hair; fur; 
ç»´ä»–å‘½	vitamin; vitamin (loanword)
ä¸‹æœŸ	next issue; next period (week, month or quarter etc)
å½’å±æ„Ÿ	sense of belonging
ç«ï¼ˆå½¢ï¼‰	fiery; flaming; urgent; 
æˆï¼ˆé‡ï¼‰	(measure word); 
åŠéŸ³	semitone
ç”Ÿï¼ˆåŠ¨ï¼‰	give birth; be born; 
æ¤°æ£	dates (european dates); 
å„ç“œå¤šå°”	Ecuador
ç¤¾ä¼šç¦åˆ©	social welfare; 
ç”°é‡è°ƒæŸ¥	fieldwork; 
æŒºï¼ˆå‰¯ï¼‰	very; quite; pretty; rather; 
è¡¨äº²	cousin; cousin (via female line)
å†…åè¾¾	Nevada; Nevada, US state
å›ï¼ˆåŠ¨ï¼‰	go back; return; 
ä¸€ç±³å…­ä¸ƒ	1.67 meters; 
æ·¡æ°´é±¼	freshwater fish
æ‰‹æŒ‡äº¤å‰	cross one's fingers; 
ç®—æˆ‘ä¸€ä¸ª	Count me in; 
å¹³æ·¡	flat; dull; ordinary; nothing special
è‚Œé…¸	Creatine; 
åº“å°”å¾·è¯­	Kurdish; 
å¤§è„‘ğŸ§ 	Brain ğŸ§ ; 
å¥´æ‰	minion/flunkey/lackey; slave; fig. flunkey
ç«æ¯›	eyelash; eyelashes
æ´»åœ¨å½“ä¸‹	Living in the moment; 
æ¢ç®—	convert (between different measurements); to convert; conversion; (in accounting, referring to currency conversion) translation
å­¦æ¸£	slacker student; (coll.) unenthusiastic, mediocre student; underachiever
è„šè¶¾	toe
ä¹‰ä¹Œ	Yiwu (place); Yiwu, county-level city in Jinhua é‡‘è¯|é‡‘å[jÄ«n huÃ¡], Zhejiang
å¤©æ´¥	Tianjin (city); Tianjin, a municipality in northeast China, abbr. æ´¥
å«ï¼ˆä»‹ï¼‰	(preposition); 
é¦–ï¼ˆé‡ï¼‰	(measure word); 
å‘åœˆ	scrunchy; 
å…ƒéŸ³	vowel
è½¯è…­éŸ³	velar consonant; (linguistics) velar consonant
æ•°å­—ç»æµ	digital economy; 
å£°é—¨éŸ³	glottal sound; 
ä»–ä¸´æ­»å‰	before he died; 
ä¸Šä¼ 	upload; to upload
æ— æ€æ— æƒ³	no thoughts; 
å®‡å®™é£èˆ¹	UFO; spacecraft
è‡ªç”±æ‹çˆ±	love marriage; 
æ€§æ ¼ç‰¹è´¨	character trait; 
ç¼–ç¨‹èƒ½åŠ›	Programming ability; 
ä¹¡åœŸç¤¾ä¼š	rural society; 
æ•°æ•°	Count; to count; to reckon
å°åº¦ç¥è¯	indian mythology; 
è±Œè±†	pea; pea (Pisum sativum)
å¸¦è´§ä¸»æ’­	Anchor with goods; 
å†ä¼š	Goodbye (shanghai); to meet again; until we meet again; goodbye
èŠ±ï¼ˆå½¢ï¼‰	multicoloured; coloured; flowery; 
è·¯äººç”²	a passerby/ an unimportant person; ordinary person A; generic person; some random person
å°ºåº¦å¤ªå¤§	too sexual or joking about serious matters; 
åˆè‚¥è¯	Hefei dialect; 
æ‹¿èµ°ç‹—	take away the dog; 
ç«™ï¼ˆåï¼‰	station; 
æ–™ï¼ˆåŠ¨ï¼‰	expect; anticipate; guess; 
å¯„ç”Ÿè™«ğŸª±	Parasite ğŸª±; 
åˆ«ï¼ˆå‰¯ï¼‰	Donâ€™t; 
é¾™è™¾	lobster
åæ‰¬å¤©ä¸‹	Be famous all over the world; 
é²±é±¼	herring
å¦¹å¦¹ï½œå¦¹	younger sister; 
æˆ˜ç»©ç´¯ç´¯	have a lot of war achievements; 
ç½‘çƒåœº	tennis court
å†…è’™å¤	Inner Mongolia; Inner Mongolia (abbr. for å…§è’™å¤è‡ªæ²»å€|å†…è’™å¤è‡ªæ²»åŒº[nÃ¨i mÄ›ng gÇ” ZÃ¬ zhÃ¬ qÅ«])
é½¿é¾ˆéŸ³	alveolar sound; alveolar, apical, or supradental sound (linguistics)
è„‘éœ‡è¡	concussion; (med.) cerebral concussion
ä¸¤ï¼ˆæ•°ï¼‰	two; 
é¹°å˜´è±†ç²‰	chickpea flour; 
æ³¥æ¿	clay tablet; 
æ¶ˆè´¹äº«å—	consumption enjoyment; 
é•¿/ çŸ­	long/short; 
æœºä¼šæˆæœ¬	opportunity cost
å¥½ï¼ˆå‰¯ï¼‰	well; fine; okay; 
æ ¡å‹ä¼š	Alumni Association; 
ç±³ï¼ˆåï¼‰	meter; rice; 
å½“çˆ¸çˆ¸	to be a dad; 
ä¸ºï¼ˆä»‹ï¼‰	(preposition); 
æŸäº‹	something; a certain matter
æ‰“ï¼ˆåŠ¨ï¼‰	hit, take; 
å¯¹ï¼ˆå½¢ï¼‰	right; 
è€ï¼ˆå½¢ï¼‰	old; aged; 
å‰¯ï¼ˆå½¢ï¼‰	secondary; auxiliary; subsidiary; 
å°çº¢ä¹¦	little red book; 
å‰ä¸‰å¤©	first three days; 
æ˜“å»ºè”	Yi Jianlian (basketbal player who crossdresses); Yi Jianlian (1987-), Chinese basketball player for the New Jersey Nets (NBA)
ä¸ç”šè‡³	Not even; 
usb	USB; 
åœŸï¼ˆåï¼‰	soil; earth; land; ground; 
è¡¨é‡Œä¸ä¸€	Inconsistent; outside appearance and inner reality differ (idiom); not what it seems; saying one thing but meaning sth different
å¹¶ï¼ˆåŠ¨ï¼‰	combine; merge; incorporate; 
èŠ‚ï¼ˆåŠ¨ï¼‰	economize; save; abridge; 
ç”·æ€§ä¸»å¯¼	male dominance; 
åŒè´¨çš„	homogeneous; 
çƒ§æ°´	boil water; to heat water; to boil water
åœŸè‘—	indigenous; aboriginal
æ¸©å·®å¾ˆå¤§	big temperature difference; 
åœ£æœ¨	sacred wood/ palo santo; 
ä¸»ä¿®ä¸“ä¸š	Major; 
ç™½èœçŒªè‚‰	Pork with cabbage; 
å®¡æ ¸	censorship; to audit; to investigate thoroughly
è¯­ç³»	language family
æ´»åœ¨è¿‡å»	live in the past; 
å°ï¼ˆåŠ¨ï¼‰	seal; confer; envelop; 
è¿™å°æ»‘å¤´	This little rascal; 
åˆ»æ¿å°è±¡	stereotype
ä¼ ç»Ÿå¦»å­	traditional wife; 
çˆ¸çˆ¸ï½œçˆ¸	dad; 
æœ‰å±€é™	There are limitations; 
æ­£ï¼ˆå½¢ï¼‰	straight; upright; positive; correct; main; 
æ¢å­£	Season change; 
äº¤å‹è½¯ä»¶	dating app; 
çœ¼ç†Ÿ	Looks familiar; familiar-looking; to seem familiar
æœˆæ”¶å…¥	monthly income
å°ï¼ˆé‡ï¼‰	(measure word); 
é‚£ï¼ˆè¿ï¼‰	then; in that case; 
éš§æ´	tunnel
å®šç„¶	certainly; of course
å¥½è‡ªä¸ºä¹‹	Take care of yourself; to do one's best; to shape up; to fend for oneself; you're on your own
æ‰“å‰âœ–ï¸	Cross âœ–ï¸; 
å°æ¬§è¯­ç³»	Indo-European language family; Indo-European family of languages
è¯¥ï¼ˆåŠ¨ï¼‰	deserve; should; owe; 
é˜¶çº§	social class; (social) class/CL:ä¸ª[gÃ¨]
å‘åŠ¨æˆ˜äº‰	Wage a war; 
æ€ªï¼ˆåŠ¨ï¼‰	blame; 
ç™½ï¼ˆå‰¯ï¼‰	without results; in vain; waste efforts; 
ä¸€ç§ç›´è§‰	A kind of intuition; 
å•†ç§‘	Business; business studies; Shangke corporation, PRC IT company (since 1994)
æ‘”è¿›	Fall in; 
ç›˜è…¿å	sit cross-legged; 
è¾…ä¿®ä¸“ä¸š	Minor; 
ä¸€æ®µå‹è°Š	a friendship; 
è°¨è¨€æ…è¡Œ	Be cautious in your words and deeds; 
é£Ÿé“ç™Œ	esophageal cancer
æ­£ï¼ˆå‰¯ï¼‰	just; exactly; 
å¯†é›†è®­ç»ƒ	intensive training; 
å†…è€—	internal friction; internal dissipation of energy (in mechanics); fig. waste or discord within an organization
æ”¯ï¼ˆé‡ï¼‰	(measure word); 
å‘½æ¡ˆ	murder, homicide; homicide case; murder case
æ–°èƒ½æºè½¦	New energy vehicles; 
ä¸‰æœˆå…­å·	March 6th; 
å“¥å“¥ï½œå“¥	elder brother; 
é¦–ï¼ˆåï¼‰	head; leader; chief; aspect; 
é—ªéŸ³	tap/flap sound; 
æœ‰æ€æƒ³	profound; 
å®¾è¯­	object; object (grammar)
è§£è˜	to fire someone; to fire; to dismiss an employee; to sack
å› çº½ç‰¹äºº	inuit; 
æš–æ°”æœº	radiator; heater
å¾ˆéš¾è¯´	hard to say; 
å¤©å¹²åœ°æ”¯	Heavenly stems and earthly branches; 
æœ¬ï¼ˆé‡ï¼‰	(measure word for books or volumes); 
åˆ†ææ¡ˆä¾‹	Analysis case; 
ä¼šï¼ˆåŠ¨ï¼‰	can; be able to; 
å‚è®®å‘˜	senator
ç¬¦åˆæ ‡å‡†	Meet standards; to comply with a standard; standards-compliant
æ¢µè¯­	Sanskrit; Sanskrit (language)
æŠ¥ï¼ˆåï¼‰	newspaper; periodical; journal; report; telegram; 
å°ç¯†	Xiaozhuan; the small or lesser seal, the form of Chinese character standardized by the Qin dynasty
å¥½ï¼ˆå½¢ï¼‰	good; 
å¤´ï¼ˆå½¢ï¼‰	lead; head; 
æ‰å¤´å‘	hair loss; 
æ‰“é’©	Tick / checkmark; to tick; to check; tick mark; check mark
æ‹‰è‚šå­	have diarrhoea; (coll.) to have diarrhea
ä¸Šçº¿	to launch online; to go online; to put sth online
æ²‰æµ¸å¼åœ°	immersively (e.g. language learning); 
æƒ…æ„Ÿå‹’ç´¢	emotional blackmail; 
é³Ÿé±¼	trout
æœ‰è¦äº‹	Something important; 
å”‡éŸ³åŒ–	labialization; 
å æœ‰æ¬²	Possessive; 
ä¸€ç±³ä¹	1.9 meters; 
å§å§ï½œå§	elder sister; 
é¢„æƒ³åˆ°	expected; 
é²Ÿé±¼	sturgeon
è¡—åŒº 	neighborhood; 
é¼»ç‚	rhinitis
å…±äº§ä¸»ä¹‰	communism
ä¸¤-ä¸‰å¹´	Two to three years; 
å…³ï¼ˆåŠ¨ï¼‰	shut; close; turn off; 
æ²¡ç”µğŸª«	No batteryğŸª«; 
æŠ½æ ·åè§	sampling bias; 
æ¯”ç›®é±¼	halibut; flatfish; flounder
é©¼èƒŒ	hunchbacked; stooping; hunchback
å¹´æ”¶å…¥	annual income
ä¿„è¯­	Russian; Russian (language)
ç²¾ç¥å†…è€—	mental friction; 
é³•é±¼	cod
ç«™ï¼ˆåŠ¨ï¼‰	stand; stop; halt; 
é¦™è•‰è›è“	banana slug; 
è¯„æµ‹	evaluation; 
ä»»ï¼ˆåŠ¨ï¼‰	appoint; assign; 
å°–è„¸ 	sharp face; 
ç‹¬è§’é²¸	Narwhal; narwhal (Monodon monoceros)
å¢¨é±¼	cuttlefish
ä¸€æ¯’æ”»æ¯’	One poison to fight poison; 
çœï¼ˆåŠ¨ï¼‰	economize; save; omit; leave out; 
å˜æ€§	to denature; denaturation; to have a sex change; transsexual
ç±³ï¼ˆé‡ï¼‰	meter; 
ç»©ç‚¹	GPA; (education) grade point
è´Ÿå€ºç´¯ç´¯	Heavy in debt; deep in debt
å±€ï¼ˆé‡ï¼‰	(measure word); 
å¼ä½“éªŒ	experience; 
å…‰çº¿å¾ˆå¼º	The light is very strong; 
