"ä½ å¥½";"nÇ hÇo";"hello; hi; how are you";"ä½  (you)";"Other words using this character: ä½ ä»¬ (you [plural]; nÇmen); ä½ çš„ (your; nÇ de); ä½ è‡ªå·± (yourself; nÇ zÃ¬jÇ)";"å¥½ (good)";"Other words using this character: å¥½çš„ (okay; hÇo de); æ—©ä¸Šå¥½ (good morning; zÇoshang hÇo); çˆ±å¥½ (hobby; Ã ihÃ o); å¥½åƒ (delicious; hÇochÄ«); å¥½çœ‹ (good-looking; hÇokÃ n)";"usage notes";"ä½ å¥½ (nÇ hÇo) is the most common and standard greeting in Mandarin Chinese, equivalent to ""hello"". It can be used at any time of day and in most social situations, both formal and informal.<NEWLINE>To be more polite, especially towards elders or superiors, use æ‚¨å¥½ (nÃ­n hÇo).<NEWLINE>To greet a group of people, use å¤§å®¶å¥½ (dÃ jiÄ hÇo) or ä½ ä»¬å¥½ (nÇmen hÇo).";"âˆ ä½ å¥½ï¼Œè¯·é—®æ´—æ‰‹é—´åœ¨å“ªé‡Œï¼Ÿ";"ã€nÇ hÇo, qÇngwÃ¨n xÇshÇ’ujiÄn zÃ i nÇlÇ?ã€‘<NEWLINE>Hello, may I ask where the restroom is?";"âˆ è€å¸ˆï¼Œä½ å¥½ï¼";"ã€lÇoshÄ«, nÇ hÇo!ã€‘<NEWLINE>Hello, teacher!";"âˆ ä»–ç¬‘ç€å¯¹æˆ‘è¯´â€œä½ å¥½â€ã€‚";"ã€tÄ xiÃ ozhe duÃ¬ wÇ’ shuÅ â€œnÇ hÇoâ€.ã€‘<NEWLINE>He smiled and said ""hello"" to me.";"ğŸ‡ è“å¿˜æœºå¯¹åˆæ¬¡è§é¢çš„é­æ— ç¾¡åªæ˜¯ç‚¹äº†ç‚¹å¤´ï¼Œæ²¡æœ‰è¯´â€œä½ å¥½â€ã€‚";"ã€lÃ¡n wÃ ngjÄ« duÃ¬ chÅ«cÃ¬ jiÃ nmiÃ n de wÃ¨i wÃºxiÃ n zhÇshÃ¬ diÇn le diÇn tÃ³u, mÃ©iyÇ’u shuÅ â€œnÇ hÇoâ€.ã€‘<NEWLINE>Lan Wangji just gave a nod to Wei Wuxian upon their first meeting and didn't say ""hello"".";"set";"Greetings & Common Phrases: Beginning"
"è°¢è°¢";"xiÃ¨xie";"thank you; thanks";"è°¢ (to thank)";"Other words using this character: æ„Ÿè°¢ (to be grateful; gÇnxiÃ¨); é“è°¢ (to express thanks; dÃ oxiÃ¨); å‡‹è°¢ (to wither; diÄoxiÃ¨)";"è°¢ (to thank)";"This is a repeated character. No other unique characters.";"usage notes";"è°¢è°¢ (xiÃ¨xie) is the universal way to say ""thank you.""<NEWLINE>To be more formal or emphatic, you can say è°¢è°¢ä½  (xiÃ¨xie nÇ) or éå¸¸æ„Ÿè°¢ (fÄ“ichÃ¡ng gÇnxiÃ¨, thank you very much).<NEWLINE>A common response to è°¢è°¢ is ä¸å®¢æ°” (bÃº kÃ¨qi, you're welcome) or ä¸ç”¨è°¢ (bÃºyÃ²ng xiÃ¨, no need for thanks).";"âˆ è°¢è°¢ä½ çš„å¸®åŠ©ã€‚";"ã€xiÃ¨xie nÇ de bÄngzhÃ¹.ã€‘<NEWLINE>Thank you for your help.";"âˆ è¿™ä¸ªç¤¼ç‰©å¤ªè´µé‡äº†ï¼Œè°¢è°¢ï¼";"ã€zhÃ¨ge lÇwÃ¹ tÃ i guÃ¬zhÃ²ng le, xiÃ¨xie!ã€‘<NEWLINE>This gift is too precious, thank you!";"âˆ â€œç»™ä½ ã€‚â€ â€œå•Šï¼Œè°¢è°¢ï¼â€";"ã€â€œgÄ›i nÇ.â€ â€œa, xiÃ¨xie!â€ã€‘<NEWLINE>""Here you go."" ""Oh, thanks!""";"ğŸ‡ é­æ— ç¾¡æ€»æ˜¯ç¬‘ç€è¯´â€œè°¢è°¢â€ï¼Œå³ä½¿æ˜¯åœ¨æœ€å›°éš¾çš„æ—¶å€™ã€‚";"ã€wÃ¨i wÃºxiÃ n zÇ’ng shÃ¬ xiÃ ozhe shuÅ â€œxiÃ¨xieâ€, jÃ­shÇ shÃ¬ zÃ i zuÃ¬ kÃ¹nnÃ¡n de shÃ­hÃ²u.ã€‘<NEWLINE>Wei Wuxian always says ""thank you"" with a smile, even in the most difficult times.";"set";"Greetings & Common Phrases: Beginning"
"å¯¹ä¸èµ·";"duÃ¬buqÇ";"sorry; excuse me; I'm sorry";"å¯¹ (correct; to face)";"Other words using this character: å¯¹ (correct; duÃ¬); å¯¹è¯ (dialogue; duÃ¬huÃ ); å¯¹æ–¹ (the other side; duÃ¬fÄng)";"ä¸ (not; no)";"Other words using this character: ä¸æ˜¯ (is not; bÃºshÃ¬); ä¸å¥½ (not good; bÃ¹ hÇo); ä¸å¯ä»¥ (not allowed; bÃ¹ kÄ›yÇ)";"èµ· (to rise; to start)";"Other words using this character: èµ·æ¥ (to get up; qÇlÃ¡i); ä¸€èµ· (together; yÄ«qÇ); çœ‹ä¸èµ· (to look down on; kÃ nbÃ¹qÇ)";"usage notes";"å¯¹ä¸èµ· (duÃ¬buqÇ) is a formal apology for when you have made a mistake or caused inconvenience. It carries a sense of responsibility.<NEWLINE>For minor situations, like bumping into someone, a lighter phrase like ä¸å¥½æ„æ€ (bÃ¹hÇoyÃ¬si) is more common. ä¸å¥½æ„æ€ can mean ""excuse me,"" ""sorry,"" or ""to feel embarrassed.""<NEWLINE>A common response to å¯¹ä¸èµ· is æ²¡å…³ç³» (mÃ©i guÄnxi, it's okay/no problem).";"âˆ å¯¹ä¸èµ·ï¼Œæˆ‘è¿Ÿåˆ°äº†ã€‚";"ã€duÃ¬buqÇ, wÇ’ chÃ­dÃ o le.ã€‘<NEWLINE>I'm sorry, I'm late.";"âˆ å¯¹ä¸èµ·ï¼Œæˆ‘ä¸æ˜¯æ•…æ„çš„ã€‚";"ã€duÃ¬buqÇ, wÇ’ bÃºshÃ¬ gÃ¹yÃ¬ de.ã€‘<NEWLINE>I'm sorry, I didn't do it on purpose.";"âˆ æˆ‘å¿…é¡»ä¸ºæˆ‘çš„é”™è¯¯è¯´å£°å¯¹ä¸èµ·ã€‚";"ã€wÇ’ bÃ¬xÅ« wÃ¨i wÇ’ de cuÃ²wÃ¹ shuÅ shÄ“ng duÃ¬buqÇ.ã€‘<NEWLINE>I must say sorry for my mistake.";"ğŸ‡ æ±Ÿæ¾„ä¸€ç›´æ²¡èƒ½å¯¹é­æ— ç¾¡è¯´å‡ºé‚£å¥â€œå¯¹ä¸èµ·â€ã€‚";"ã€jiÄng chÃ©ng yÄ«zhÃ­ mÃ©i nÃ©ng duÃ¬ wÃ¨i wÃºxiÃ n shuÅ chÅ« nÃ  jÃ¹ â€œduÃ¬buqÇâ€.ã€‘<NEWLINE>Jiang Cheng was never able to say that ""sorry"" to Wei Wuxian.";"set";"Greetings & Common Phrases: Beginning"
"å†è§";"zÃ ijiÃ n";"goodbye";"å† (again)";"Other words using this character: å†æ¬¡ (once more; zÃ icÃ¬); å†æ¥ä¸€ä¸ª (one more; zÃ i lÃ¡i yÄ«gÃ¨)";"è§ (to see)";"Other words using this character: çœ‹è§ (to see; kÃ njiÃ n); è§é¢ (to meet; jiÃ nmiÃ n); æ„è§ (opinion; yÃ¬jiÃ n)";"usage notes";"å†è§ (zÃ ijiÃ n) literally means ""see you again"" and is the standard way to say ""goodbye.""<NEWLINE>It can be used in almost any context, from formal to informal.<NEWLINE>More casual alternatives include æ‹œæ‹œ (bÃ¡ibÃ¡i, from English ""bye-bye"") or informal phrases like æˆ‘èµ°äº† (wÇ’ zÇ’u le, I'm leaving).";"âˆ å¥½çš„ï¼Œæ˜å¤©å…¬å¸è§ï¼Œå†è§ï¼";"ã€hÇo de, mÃ­ngtiÄn gÅngsÄ« jiÃ n, zÃ ijiÃ n!ã€‘<NEWLINE>Okay, see you at the company tomorrow, goodbye!";"âˆ ä»–æŒ¥äº†æŒ¥æ‰‹ï¼Œè¯´äº†å£°â€œå†è§â€ã€‚";"ã€tÄ huÄ«le huÄ« shÇ’u, shuÅle shÄ“ng â€œzÃ ijiÃ nâ€.ã€‘<NEWLINE>He waved his hand and said ""goodbye"".";"âˆ å¦ˆå¦ˆï¼Œæˆ‘å»ä¸Šå­¦äº†ï¼Œå†è§ï¼";"ã€mÄmÄ, wÇ’ qÃ¹ shÃ ngxuÃ© le, zÃ ijiÃ n!ã€‘<NEWLINE>Mom, I'm going to school, goodbye!";"ğŸ‡ é‚£æ¬¡åœ¨è²èŠ±åçš„åˆ†åˆ«ï¼Œç«Ÿæ˜¯é­æ— ç¾¡ä¸æ±ŸåŒç¦»çš„æœ€åä¸€é¢ï¼Œä»–æ²¡èƒ½å¥½å¥½è¯´ä¸€å£°â€œå†è§â€ã€‚";"ã€nÃ  cÃ¬ zÃ i liÃ¡nhuÄwÃ¹ de fÄ“nbiÃ©, jÃ¬ng shÃ¬ wÃ¨i wÃºxiÃ n yÇ” jiÄng yÃ nlÃ­ de zuÃ¬hÃ²u yÄ«miÃ n, tÄ mÃ©i nÃ©ng hÇohÇo shuÅ yÄ«shÄ“ng â€œzÃ ijiÃ nâ€.ã€‘<NEWLINE>That parting at Lotus Pier was unexpectedly Wei Wuxian's last time seeing Jiang Yanli; he wasn't able to properly say ""goodbye"".";"set";"Greetings & Common Phrases: Beginning"
"ä¸€";"yÄ«";"one; a; an";"ä¸€ (one)";"Other words using this character: ä¸€èµ· (together; yÄ«qÇ); ç¬¬ä¸€ä¸ª (the first; dÃ¬ yÄ« gÃ¨); ä¸€äº› (some; yÄ«xiÄ“); ä¸€æ · (same; yÄ«yÃ ng)";"";"";"usage notes";"ä¸€ (yÄ«) is the number one. Its tone can change depending on the tone of the following character. It is pronounced as yÃ­ when followed by a fourth-tone character (e.g., ä¸€æ · yÃ­yÃ ng) and as yÃ¬ when followed by a first, second, or third-tone character (e.g., ä¸€å¤© yÃ¬ tiÄn). When used alone or at the end of a word, it retains the first tone, yÄ«.";"âˆ æˆ‘åªæœ‰ä¸€ä¸ªè‹¹æœã€‚";"ã€wÇ’ zhÇyÇ’u yÄ«gÃ¨ pÃ­ngguÇ’.ã€‘<NEWLINE>I only have one apple.";"âˆ æˆ‘ä»¬ä»ç¬¬ä¸€è¯¾å¼€å§‹å­¦ã€‚";"ã€wÇ’men cÃ³ng dÃ¬ yÄ« kÃ¨ kÄishÇ xuÃ©.ã€‘<NEWLINE>We will start learning from lesson one.";"âˆ è¯·ç»™æˆ‘ä¸€æ¯æ°´ã€‚";"ã€qÇng gÄ›i wÇ’ yÄ«bÄ“i shuÇ.ã€‘<NEWLINE>Please give me a cup of water.";"ğŸ‡ äº‘æ·±ä¸çŸ¥å¤„å®¶è§„æœ‰ä¸‰åƒå¤šæ¡ï¼Œä½†ç¬¬ä¸€æ¡å°±æ˜¯â€œä¸å¯æ€ç”Ÿâ€ã€‚";"ã€yÃºnshÄ“n bÃ¹zhÄ« chÃ¹ jiÄguÄ« yÇ’u sÄnqiÄn duÅ tiÃ¡o, dÃ n dÃ¬ yÄ« tiÃ¡o jiÃ¹shÃ¬ â€œbÃ¹kÄ› shÄshÄ“ngâ€.ã€‘<NEWLINE>The Cloud Recesses has over three thousand rules, but the first one is ""do not kill"".";"set";"Numbers, Dates & Time: Beginning"
"å°æ—¶";"xiÇoshÃ­";"hour";"å° (small)";"Other words using this character: å°å¿ƒ (careful; xiÇoxÄ«n); å°å§ (miss; xiÇojie); å¤§å° (size; dÃ xiÇo)";"æ—¶ (time; o'clock)";"Other words using this character: æ—¶é—´ (time; shÃ­jiÄn); æ—¶å€™ (moment; shÃ­hou); æŒ‰æ—¶ (on time; Ã nshÃ­)";"usage notes";"å°æ—¶ (xiÇoshÃ­) is used to express a duration of time, like ""hour"" in English. To say ""o'clock,"" you use ç‚¹ (diÇn), e.g., ä¸‰ç‚¹ (sÄn diÇn) is 3 o'clock.<NEWLINE>A key difference: to say ""one hour,"" you must use the measure word ä¸ª (ge), as in ä¸€ä¸ªå°æ—¶ (yÄ« gÃ¨ xiÇoshÃ­). For two hours, it's ä¸¤ä¸ªå°æ—¶ (liÇng gÃ¨ xiÇoshÃ­).";"âˆ æˆ‘æ¯å¤©å·¥ä½œå…«ä¸ªå°æ—¶ã€‚";"ã€wÇ’ mÄ›itiÄn gÅngzuÃ² bÄ gÃ¨ xiÇoshÃ­.ã€‘<NEWLINE>I work eight hours every day.";"âˆ ç”µå½±è¿˜æœ‰ä¸€ä¸ªå°æ—¶æ‰å¼€å§‹ã€‚";"ã€diÃ nyÇng hÃ¡i yÇ’u yÄ«gÃ¨ xiÇoshÃ­ cÃ¡i kÄishÇ.ã€‘<NEWLINE>The movie doesn't start for another hour.";"âˆ ä»è¿™é‡Œåˆ°æœºåœºå¼€è½¦è¦ä¸¤ä¸ªå°æ—¶ã€‚";"ã€cÃ³ng zhÃ¨lÇ dÃ o jÄ«chÇng kÄichÄ“ yÃ o liÇng gÃ¨ xiÇoshÃ­.ã€‘<NEWLINE>It takes two hours to drive from here to the airport.";"ğŸ‡ é­æ— ç¾¡åœ¨è—ä¹¦é˜æŠ„äº†ä¸€ä¸ªæœˆçš„ä¹¦ï¼Œæ¯å¤©éƒ½è¦å’Œè“å¿˜æœºå¾…å¥½å‡ ä¸ªå°æ—¶ã€‚";"ã€wÃ¨i wÃºxiÃ n zÃ i cÃ¡ngshÅ« gÃ© chÄole yÄ«gÃ¨ yuÃ¨ de shÅ«, mÄ›itiÄn dÅ« yÃ o hÃ© lÃ¡n wÃ ngjÄ« dÃ i hÇo jÇ gÃ¨ xiÇoshÃ­.ã€‘<NEWLINE>Wei Wuxian copied books in the Library Pavilion for a month, having to stay with Lan Wangji for several hours every day.";"set";"Numbers, Dates & Time: Beginning"
"ç”Ÿæ—¥";"shÄ“ngrÃ¬";"birthday";"ç”Ÿ (to be born; life)";"Other words using this character: å­¦ç”Ÿ (student; xuÃ©shÄ“ng); ç”Ÿæ´» (life; shÄ“nghuÃ³); åŒ»ç”Ÿ (doctor; yÄ«shÄ“ng)";"æ—¥ (day; sun)";"Other words using this character: æ—¥æœŸ (date; rÃ¬qÄ«); æ˜ŸæœŸæ—¥ (Sunday; xÄ«ngqÄ«rÃ¬); æ—¥æœ¬ (Japan; rÃ¬bÄ›n)";"usage notes";"no special notes.";"âˆ ç¥ä½ ç”Ÿæ—¥å¿«ä¹ï¼";"ã€zhÃ¹ nÇ shÄ“ngrÃ¬ kuÃ ilÃ¨!ã€‘<NEWLINE>Happy birthday to you!";"âˆ ä½ çš„ç”Ÿæ—¥æ˜¯å‡ æœˆå‡ å·ï¼Ÿ";"ã€nÇ de shÄ“ngrÃ¬ shÃ¬ jÇ yuÃ¨ jÇ hÃ o?ã€‘<NEWLINE>When is your birthday (what month, what day)?";"âˆ æˆ‘ä»¬ä¸ºä»–ä¸¾åŠäº†ä¸€ä¸ªç”Ÿæ—¥æ´¾å¯¹ã€‚";"ã€wÇ’men wÃ¨i tÄ jÇ”bÃ nle yÄ«gÃ¨ shÄ“ngrÃ¬ pÃ iduÃ¬.ã€‘<NEWLINE>We held a birthday party for him.";"ğŸ‡ é­æ— ç¾¡çš„ç”Ÿæ—¥æ˜¯åæœˆä¸‰åä¸€æ—¥ï¼Œè¿™å¤©ä¹Ÿæ˜¯è¥¿æ–¹çš„ä¸‡åœ£èŠ‚ã€‚";"ã€wÃ¨i wÃºxiÃ n de shÄ“ngrÃ¬ shÃ¬ shÃ­ yuÃ¨ sÄnshÃ­yÄ« rÃ¬, zhÃ¨ tiÄn yÄ›shÃ¬ xÄ«fÄng de wÃ nshÃ¨ngjiÃ©.ã€‘<NEWLINE>Wei Wuxian's birthday is October 31st, which is also Halloween in the West.";"set";"Numbers, Dates & Time: Beginning"
"æ¼‚äº®";"piÃ oliang";"beautiful; pretty";"æ¼‚ (elegant; beautiful)";"Other words using this character: æ¼‚ç™½ (to bleach; piÇobÃ¡i)";"äº® (bright; light)";"Other words using this character: æœˆäº® (moon; yuÃ¨liang); æ˜äº® (bright; mÃ­ngliÃ ng); é—ªäº® (shining; shÇnliÃ ng)";"usage notes";"æ¼‚äº® (piÃ oliang) is a very common adjective used to describe people (usually women), objects, or even actions as ""beautiful"" or ""pretty."" It's versatile and widely used.<NEWLINE>å¥½çœ‹ (hÇokÃ n), literally ""good-looking,"" is very similar and often interchangeable with æ¼‚äº® for describing appearance.<NEWLINE>ç¾ä¸½ (mÄ›ilÃ¬) also means ""beautiful"" but is often considered more profound or formal, used for breathtaking scenery, art, or a person's inner beauty as well as outer appearance.";"âˆ ä½ çš„è£™å­çœŸæ¼‚äº®ã€‚";"ã€nÇ de qÃºnzi zhÄ“n piÃ oliang.ã€‘<NEWLINE>Your dress is really beautiful.";"âˆ å¥¹é•¿å¾—åˆèªæ˜åˆæ¼‚äº®ã€‚";"ã€tÄ zhÇng dÃ© yÃ²u cÅngmÃ­ng yÃ²u piÃ oliang.ã€‘<NEWLINE>She is both smart and beautiful.";"âˆ è¿™ä¸ªåŸå¸‚çš„å¤œæ™¯å¾ˆæ¼‚äº®ã€‚";"ã€zhÃ¨ge chÃ©ngshÃ¬ de yÃ¨jÇng hÄ›n piÃ oliang.ã€‘<NEWLINE>The night view of this city is very beautiful.";"ğŸ‡ æ±ŸåŒç¦»æ˜¯ä¸–ç•Œä¸Šæœ€æ¸©æŸ”çš„å¸ˆå§ï¼Œä¹Ÿæ˜¯ä¸€ä¸ªéå¸¸æ¼‚äº®çš„å¥³å­ã€‚";"ã€jiÄng yÃ nlÃ­ shÃ¬ shÃ¬jiÃ¨ shÃ ng zuÃ¬ wÄ“nrÃ³u de shÄ«jiÄ›, yÄ›shÃ¬ yÄ«gÃ¨ fÄ“ichÃ¡ng piÃ oliang de nÇšzÇ.ã€‘<NEWLINE>Jiang Yanli is the gentlest shijie in the world, and also a very beautiful woman.";"set";"Describing People: Beginning"
"èªæ˜";"cÅngming";"smart; intelligent; clever";"èª (intelligent; sharp hearing)";"Other words using this character: è€³èªç›®æ˜ (sharp ears and keen eyes; Ä›r cÅng mÃ¹ mÃ­ng)";"æ˜ (bright; clear)";"Other words using this character: æ˜ç™½ (to understand; mÃ­ngbai); æ˜å¤© (tomorrow; mÃ­ngtiÄn); æ˜æ˜Ÿ (star [celebrity]; mÃ­ngxÄ«ng)";"usage notes";"èªæ˜ (cÅngming) is the most common word for ""smart"" or ""intelligent."" It can describe a person's innate intelligence, their ability to learn quickly, or a clever idea.<NEWLINE>It is generally used to describe people or animals, but not objects or situations.";"âˆ è¿™ä¸ªå­©å­éå¸¸èªæ˜ã€‚";"ã€zhÃ¨ge hÃ¡izi fÄ“ichÃ¡ng cÅngming.ã€‘<NEWLINE>This child is very smart.";"âˆ ä½ èƒ½æƒ³åˆ°è¿™ä¸ªåŠæ³•ï¼ŒçœŸèªæ˜ï¼";"ã€nÇ nÃ©ng xiÇngdÃ o zhÃ¨ge bÃ nfÇ, zhÄ“n cÅngming!ã€‘<NEWLINE>It's really clever of you to think of this method!";"âˆ ä»–æ˜¯ç­é‡Œæœ€èªæ˜çš„å­¦ç”Ÿã€‚";"ã€tÄ shÃ¬ bÄn lÇ zuÃ¬ cÅngming de xuÃ©shÄ“ng.ã€‘<NEWLINE>He is the smartest student in the class.";"ğŸ‡ é­æ— ç¾¡è™½ç„¶çˆ±ç©ï¼Œä½†ä»–å…¶å®éå¸¸èªæ˜ï¼Œæ€»èƒ½æƒ³å‡ºåˆ«äººæƒ³ä¸åˆ°çš„æ–¹æ³•ã€‚";"ã€wÃ¨i wÃºxiÃ n suÄ«rÃ¡n Ã i wÃ¡n, dÃ n tÄ qÃ­shÃ­ fÄ“ichÃ¡ng cÅngming, zÇ’ng nÃ©ng xiÇng chÅ« biÃ©rÃ©n xiÇngbÃºdÃ o de fÄngfÇ.ã€‘<NEWLINE>Although Wei Wuxian loves to fool around, he is actually extremely intelligent and can always come up with methods others can't think of.";"set";"Describing People: Beginning"
"é«˜å…´";"gÄoxÃ¬ng";"happy; glad; cheerful";"é«˜ (high; tall)";"Other words using this character: å¾ˆé«˜ (very tall; hÄ›n gÄo); é«˜ä¸­ (high school; gÄozhÅng); æé«˜ (to improve; tÃ­gÄo)";"å…´ (excitement; interest)";"Other words using this character: å…´å¥‹ (excited; xÄ«ngfÃ¨n); å…´è¶£ (interest; xÃ¬ngqÃ¹); æ‰«å…´ (disappointing; sÇoxÃ¬ng)";"usage notes";"é«˜å…´ (gÄoxÃ¬ng) describes a temporary state of happiness or joy, often triggered by a specific event. It's similar to ""glad"" or ""pleased.""<NEWLINE>å¼€å¿ƒ (kÄixÄ«n) is very similar and often interchangeable. It can also describe a more general state of being happy or having a good time.<NEWLINE>å¿«ä¹ (kuÃ ilÃ¨) often refers to a deeper, more long-lasting state of happiness or contentment. It's used in phrases like ç”Ÿæ—¥å¿«ä¹ (shÄ“ngrÃ¬ kuÃ ilÃ¨, Happy Birthday).";"âˆ è§åˆ°ä½ æˆ‘å¾ˆé«˜å…´ã€‚";"ã€jiÃ n dÃ o nÇ wÇ’ hÄ›n gÄoxÃ¬ng.ã€‘<NEWLINE>I am very happy to see you.";"âˆ å¬åˆ°è¿™ä¸ªå¥½æ¶ˆæ¯ï¼Œå¤§å®¶éƒ½å¾ˆé«˜å…´ã€‚";"ã€tÄ«ng dÃ o zhÃ¨ge hÇo xiÄoxÄ«, dÃ jiÄ dÅu hÄ›n gÄoxÃ¬ng.ã€‘<NEWLINE>Everyone was very happy to hear the good news.";"âˆ ä»–ä»Šå¤©çœ‹èµ·æ¥ä¸å¤ªé«˜å…´ã€‚";"ã€tÄ jÄ«ntiÄn kÃ n qÇlÃ¡i bÃ¹ tÃ i gÄoxÃ¬ng.ã€‘<NEWLINE>He doesn't look very happy today.";"ğŸ‡ æ¯æ¬¡çœ‹åˆ°è“å¿˜æœºä¸ºä»–åšçš„äº‹ï¼Œé­æ— ç¾¡å¿ƒé‡Œéƒ½éå¸¸é«˜å…´ã€‚";"ã€mÄ›i cÃ¬ kÃ n dÃ o lÃ¡n wÃ ngjÄ« wÃ¨i tÄ zuÃ² de shÃ¬, wÃ¨i wÃºxiÃ n xÄ«nlÇ dÅu fÄ“ichÃ¡ng gÄoxÃ¬ng.ã€‘<NEWLINE>Every time he saw the things Lan Wangji did for him, Wei Wuxian was very happy in his heart.";"set";"Emotions & Feelings: Beginning"
"éš¾è¿‡";"nÃ¡nguÃ²";"sad; feel sorry; hard to bear";"éš¾ (difficult)";"Other words using this character: å›°éš¾ (difficulty; kÃ¹nnan); éš¾é“ (could it be...?; nÃ¡ndÃ o); éš¾çœ‹ (ugly; nÃ¡nkÃ n)";"è¿‡ (to pass; to cross)";"Other words using this character: è¿‡å» (past; guÃ²qÃ¹); ç»è¿‡ (to pass by; jÄ«ngguÃ²); è¶…è¿‡ (to surpass; chÄoguÃ²)";"usage notes";"éš¾è¿‡ (nÃ¡nguÃ²) describes a feeling of sadness, sorrow, or being upset, often due to a specific event like a loss, a failure, or bad news. The literal meaning ""difficult to pass"" evokes the feeling of a hard time one is going through.<NEWLINE>ä¼¤å¿ƒ (shÄngxÄ«n), literally ""injured heart,"" often implies a deeper, more intense sadness or heartbreak.";"âˆ è€ƒå¾—ä¸å¥½ï¼Œä»–å¿ƒé‡Œå¾ˆéš¾è¿‡ã€‚";"ã€kÇo dÃ© bÃ¹ hÇo, tÄ xÄ«nlÇ hÄ›n nÃ¡nguÃ².ã€‘<NEWLINE>He feels very sad in his heart for not doing well on the test.";"âˆ åˆ«éš¾è¿‡äº†ï¼Œä¸€åˆ‡éƒ½ä¼šå¥½èµ·æ¥çš„ã€‚";"ã€biÃ© nÃ¡nguÃ² le, yÄ«qiÃ¨ dÅu huÃ¬ hÇo qÇlÃ¡i de.ã€‘<NEWLINE>Don't be sad, everything will get better.";"âˆ å¬åˆ°ä»–ç¦»å¼€çš„æ¶ˆæ¯ï¼Œæˆ‘ä»¬éƒ½å¾ˆéš¾è¿‡ã€‚";"ã€tÄ«ng dÃ o tÄ lÃ­kÄi de xiÄoxÄ«, wÇ’men dÅu hÄ›n nÃ¡nguÃ².ã€‘<NEWLINE>We were all very sad to hear the news of his departure.";"ğŸ‡ çœ‹åˆ°æ¸©å®å¤±æ§ï¼Œé­æ— ç¾¡æ—¢æ„¤æ€’åˆéš¾è¿‡ã€‚";"ã€kÃ n dÃ o wÄ“n nÃ­ng shÄ«kÃ²ng, wÃ¨i wÃºxiÃ n jÃ¬ fÃ¨nnÃ¹ yÃ²u nÃ¡nguÃ².ã€‘<NEWLINE>Seeing Wen Ning lose control, Wei Wuxian was both furious and sad.";"set";"Emotions & Feelings: Beginning"
"äº²æˆš";"qÄ«nqi";"relative; kin";"äº² (related by blood; parent)";"Other words using this character: æ¯äº² (mother; mÇ”qÄ«n); çˆ¶äº² (father; fÃ¹qÄ«n); äº²çˆ± (dear; qÄ«n'Ã i)";"æˆš (relative)";"Other words using this character: äº²æˆš (relative; qÄ«nqi); æˆšé£è›‹ç³• (chiffon cake; qÄ«fÄ“ng dÃ ngÄo - loanword)";"usage notes";"äº²æˆš (qÄ«nqi) is a general term for all relatives, including both your immediate and extended family. It covers everyone from parents and siblings to cousins, aunts, and uncles.<NEWLINE>å®¶äºº (jiÄrÃ©n) specifically refers to ""family members,"" usually those who live with you or are part of your core family unit (parents, spouse, children). All å®¶äºº are äº²æˆš, but not all äº²æˆš are considered your immediate å®¶äºº.";"âˆ è¿‡å¹´çš„æ—¶å€™ï¼Œæˆ‘ä»¬å®¶ä¼šæ¥å¾ˆå¤šäº²æˆšã€‚";"ã€guÃ²niÃ¡n de shÃ­hÃ²u, wÇ’men jiÄ huÃ¬ lÃ¡i hÄ›nduÅ qÄ«nqi.ã€‘<NEWLINE>During Chinese New Year, many relatives come to our house.";"âˆ ä»–æ˜¯æˆ‘å¦ˆå¦ˆé‚£è¾¹çš„è¿œæˆ¿äº²æˆšã€‚";"ã€tÄ shÃ¬ wÇ’ mÄmÄ nÃ  biÄn de yuÇnfÃ¡ng qÄ«nqi.ã€‘<NEWLINE>He is a distant relative from my mother's side.";"âˆ æˆ‘ä»¬è™½ç„¶æ˜¯äº²æˆšï¼Œä½†å¾ˆå°‘è”ç³»ã€‚";"ã€wÇ’men suÄ«rÃ¡n shÃ¬ qÄ«nqi, dÃ n hÄ›n shÇo liÃ¡nxÃ¬.ã€‘<NEWLINE>Although we are relatives, we rarely keep in touch.";"ğŸ‡ é‡‘å…‰ç‘¶å’Œé‡‘å­è½©æ˜¯åŒçˆ¶å¼‚æ¯çš„å…„å¼Ÿï¼Œä¹Ÿæ˜¯äº²æˆšï¼Œä½†ä»–ä»¬çš„åœ°ä½å´å¤©å·®åœ°åˆ«ã€‚";"ã€jÄ«n guÄngyÃ¡o hÃ© jÄ«n zixuÄn shÃ¬ tÃ³ngfÃ¹yÃ¬mÇ” de xiÅngdÃ¬, yÄ›shÃ¬ qÄ«nqi, dÃ n tÄmen de dÃ¬wÃ¨i quÃ¨ tiÄnchÄ dÃ¬biÃ©.ã€‘<NEWLINE>Jin Guangyao and Jin Zixuan are half-brothers and also relatives, but their statuses were worlds apart.";"set";"Family & Relationships: Intermediate"
"åŒäº‹";"tÃ³ngshÃ¬";"colleague; co-worker";"åŒ (same; together)";"Other words using this character: åŒå­¦ (classmate; tÃ³ngxuÃ©); åŒæ„ (to agree; tÃ³ngyÃ¬); ç›¸åŒ (the same; xiÄngtÃ³ng)";"äº‹ (matter; affair; work)";"Other words using this character: äº‹æƒ… (matter; thing; shÃ¬qing); å·¥ä½œ (work; gÅngzuÃ²); æ•…äº‹ (story; gÃ¹shÃ¬)";"usage notes";"åŒäº‹ (tÃ³ngshÃ¬) specifically refers to people who work at the same company or organization as you. It is the direct equivalent of ""colleague"" or ""co-worker.""<NEWLINE>åŒå­¦ (tÃ³ngxuÃ©) means ""classmate,"" and follows the same åŒ + [domain] pattern, meaning ""same school.""<NEWLINE>æœ‹å‹ (pÃ©ngyou) means ""friend."" A åŒäº‹ can be a æœ‹å‹, but they are not the same thing by default.";"âˆ æˆ‘å’ŒåŒäº‹ä»¬çš„å…³ç³»å¾ˆå¥½ã€‚";"ã€wÇ’ hÃ© tÃ³ngshÃ¬men de guÄnxÃ¬ hÄ›n hÇo.ã€‘<NEWLINE>I have a good relationship with my colleagues.";"âˆ ä»–ä¸ä»…æ˜¯æˆ‘çš„åŒäº‹ï¼Œä¹Ÿæ˜¯æˆ‘çš„å¥½æœ‹å‹ã€‚";"ã€tÄ bÃ¹jÇn shÃ¬ wÇ’ de tÃ³ngshÃ¬, yÄ›shÃ¬ wÇ’ de hÇo pÃ©ngyÇ’u.ã€‘<NEWLINE>He is not only my colleague, but also my good friend.";"âˆ ä¸‹ç­åï¼Œæˆ‘ç»å¸¸å’ŒåŒäº‹ä¸€èµ·å»åƒé¥­ã€‚";"ã€xiÃ bÄn hÃ²u, wÇ’ jÄ«ngchÃ¡ng hÃ© tÃ³ngshÃ¬ yÄ«qÇ qÃ¹ chÄ«fÃ n.ã€‘<NEWLINE>After work, I often go to dinner with my colleagues.";"ğŸ‡ åœ¨ç°ä»£AUé‡Œï¼Œè“å¿˜æœºå’Œé­æ— ç¾¡å¯èƒ½æ˜¯åœ¨åŒä¸€ä¸ªè®¾è®¡å…¬å¸å·¥ä½œçš„åŒäº‹ã€‚";"ã€zÃ i xiÃ ndÃ i AU lÇ, lÃ¡n wÃ ngjÄ« hÃ© wÃ¨i wÃºxiÃ n kÄ›nÃ©ng shÃ¬ zÃ i tÃ³ngyÄ«gÃ¨ shÃ¨jÃ¬ gÅngsÄ« gÅngzuÃ² de tÃ³ngshÃ¬.ã€‘<NEWLINE>In a modern AU, Lan Wangji and Wei Wuxian might be colleagues working at the same design firm.";"set";"Family & Relationships: Intermediate"
"ç‚’";"chÇo";"to stir-fry";"ç‚’ (to stir-fry)";"Other words using this character: ç‚’é¥­ (fried rice; chÇofÃ n); ç‚’é¢ (fried noodles; chÇomiÃ n); ç‚’ä½œ (to hype up; chÇozuÃ²)";"";"";"usage notes";"ç‚’ (chÇo) is a fundamental cooking technique in Chinese cuisine, involving cooking food quickly in a hot wok with a small amount of oil while stirring continuously. It is one of the most common cooking methods.<NEWLINE>It differs from ç… (jiÄn, to pan-fry), which uses less stirring and often a flat pan, and ç‚¸ (zhÃ¡, to deep-fry), which involves submerging food in hot oil.";"âˆ æˆ‘ä»Šæ™šè¦ç‚’ä¸€ä¸ªé’èœã€‚";"ã€wÇ’ jÄ«nwÇn yÃ o chÇo yÄ«gÃ¨ qÄ«ngcÃ i.ã€‘<NEWLINE>I'm going to stir-fry a vegetable dish tonight.";"âˆ ä½ ä¼šåšè¥¿çº¢æŸ¿ç‚’é¸¡è›‹å—ï¼Ÿ";"ã€nÇ huÃ¬ zuÃ² xÄ«hÃ³ngshÃ¬ chÇo jÄ«dÃ n ma?ã€‘<NEWLINE>Do you know how to make stir-fried tomatoes and eggs?";"âˆ ç‚’èœçš„æ—¶å€™ç«è¦å¤§ï¼Œé€Ÿåº¦è¦å¿«ã€‚";"ã€chÇocÃ i de shÃ­hÃ²u huÇ’ yÃ o dÃ , sÃ¹dÃ¹ yÃ o kuÃ i.ã€‘<NEWLINE>When stir-frying, the heat should be high and the speed should be fast.";"ğŸ‡ é­æ— ç¾¡åšçš„èœéƒ½éå¸¸è¾£ï¼Œå°±ç®—æ˜¯ç®€å•çš„ç‚’é’èœï¼Œä»–ä¹Ÿä¼šæ”¾å¾ˆå¤šè¾£æ¤’è¿›å»ç‚’ã€‚";"ã€wÃ¨i wÃºxiÃ n zuÃ² de cÃ i dÅu fÄ“ichÃ¡ng lÃ , jiÃ¹suÃ n shÃ¬ jiÇndÄn de chÇo qÄ«ngcÃ i, tÄ yÄ› huÃ¬ fÃ ng hÄ›nduÅ lÃ jiÄo jÃ¬nqÃ¹ chÇo.ã€‘<NEWLINE>The dishes Wei Wuxian makes are all extremely spicy; even for a simple stir-fried vegetable, he will add a lot of chili peppers to it.";"set";"Cooking: Intermediate"
"é…±æ²¹";"jiÃ ngyÃ³u";"soy sauce";"é…± (sauce; paste)";"Other words using this character: è¾£æ¤’é…± (chili sauce; lÃ jiÄojiÃ ng); æœé…± (jam; guÇ’jiÃ ng); è±†ç“£é…± (bean paste; dÃ²ubÃ njiÃ ng)";"æ²¹ (oil)";"Other words using this character: çŸ³æ²¹ (petroleum; shÃ­yÃ³u); åŠ æ²¹ (to cheer on; jiÄyÃ³u); é»„æ²¹ (butter; huÃ¡ngyÃ³u)";"usage notes";"é…±æ²¹ (jiÃ ngyÃ³u) is a cornerstone ingredient in Chinese and many other Asian cuisines. There are two main types:<NEWLINE>ç”ŸæŠ½ (shÄ“ngchÅu): Light soy sauce, which is thinner and saltier, used for seasoning and dipping.<NEWLINE>è€æŠ½ (lÇochÅu): Dark soy sauce, which is thicker, less salty, and slightly sweeter, used primarily for adding a rich, dark color to dishes like braised pork.";"âˆ åˆ«å¿˜äº†åœ¨èœé‡ŒåŠ ç‚¹é…±æ²¹ã€‚";"ã€biÃ© wÃ ngle zÃ i cÃ i lÇ jiÄ diÇn jiÃ ngyÃ³u.ã€‘<NEWLINE>Don't forget to add a little soy sauce to the dish.";"âˆ æˆ‘å–œæ¬¢ç”¨é¥ºå­è˜¸é…±æ²¹åƒã€‚";"ã€wÇ’ xÇhuÄn yÃ²ng jiÇozi zhÃ n jiÃ ngyÃ³u chÄ«.ã€‘<NEWLINE>I like to eat dumplings by dipping them in soy sauce.";"âˆ è¿™ç“¶æ˜¯ç”ŸæŠ½é…±æ²¹ï¼Œä¸æ˜¯è€æŠ½ã€‚";"ã€zhÃ¨ pÃ­ng shÃ¬ shÄ“ngchÅu jiÃ ngyÃ³u, bÃºshÃ¬ lÇochÅu.ã€‘<NEWLINE>This bottle is light soy sauce, not dark soy sauce.";"ğŸ‡ è“å¿˜æœºå¨è‰ºå¾ˆå¥½ï¼Œä»–åšçš„èœå’¸æ·¡é€‚ä¸­ï¼Œé…±æ²¹çš„ç”¨é‡æ€»æ˜¯æ°åˆ°å¥½å¤„ã€‚";"ã€lÃ¡n wÃ ngjÄ« chÃºyÃ¬ hÄ›n hÇo, tÄ zuÃ² de cÃ i xiÃ¡n dÃ n shÃ¬zhÅng, jiÃ ngyÃ³u de yÃ²ngliÃ ng zÇ’ng shÃ¬ qiÃ dÃ ohÇochÃ¹.ã€‘<NEWLINE>Lan Wangji's cooking skills are excellent; the dishes he makes are perfectly seasoned, and the amount of soy sauce he uses is always just right.";"set";"Cooking: Intermediate"
"è‚¡ç¥¨";"gÇ”piÃ o";"stock; share (of a company)";"è‚¡ (share; portion; thigh)";"Other words using this character: è‚¡ä»½ (stock share; gÇ”fÃ¨n); è‚¡ä¸œ (shareholder; gÇ”dÅng); å±è‚¡ (buttocks; pÃ¬gu)";"ç¥¨ (ticket; ballot)";"Other words using this character: é—¨ç¥¨ (entrance ticket; mÃ©npiÃ o); ç”µå½±ç¥¨ (movie ticket; diÃ nyÇngpiÃ o); æŠ•ç¥¨ (to vote; tÃ³upiÃ o)";"usage notes";"è‚¡ç¥¨ (gÇ”piÃ o) refers to the shares of a company traded on the stock market (è‚¡å¸‚; gÇ”shÃ¬).<NEWLINE>ç‚’è‚¡ (chÇo gÇ”), literally ""stir-fry stocks,"" is the common colloquial term for ""to trade stocks"" or ""to play the stock market."" The character ç‚’ is the same one used for stir-frying food, vividly depicting the fast-paced, speculative nature of stock trading.";"âˆ ä»–é€šè¿‡æŠ•èµ„è‚¡ç¥¨èµšäº†å¾ˆå¤šé’±ã€‚";"ã€tÄ tÅngguÃ² tÃ³uzÄ« gÇ”piÃ o zhuÃ nle hÄ›nduÅ qiÃ¡n.ã€‘<NEWLINE>He made a lot of money by investing in stocks.";"âˆ æœ€è¿‘è‚¡å¸‚å¤§è·Œï¼Œå¾ˆå¤šè‚¡ç¥¨éƒ½è´¬å€¼äº†ã€‚";"ã€zuÃ¬jÃ¬n gÇ”shÃ¬ dÃ diÄ“, hÄ›nduÅ gÇ”piÃ o dÅu biÇnzhÃ­le.ã€‘<NEWLINE>The stock market has plummeted recently, and many stocks have depreciated.";"âˆ è¿™å®¶å…¬å¸çš„è‚¡ç¥¨æœ‰å¾ˆå¤§çš„å¢é•¿æ½œåŠ›ã€‚";"ã€zhÃ¨ jiÄ gÅngsÄ« de gÇ”piÃ o yÇ’u hÄ›ndÃ  de zÄ“ngzhÇng qiÃ¡nlÃ¬.ã€‘<NEWLINE>This company's stock has great growth potential.";"ğŸ‡ å¦‚æœå…°é™µé‡‘æ°æ˜¯ä¸€ä¸ªç°ä»£å…¬å¸ï¼Œå®ƒçš„è‚¡ç¥¨ä¸€å¼€å§‹è‚¯å®šéå¸¸æŠ¢æ‰‹ã€‚";"ã€rÃºguÇ’ lÃ¡nlÃ­ng jÄ«n shÃ¬ shÃ¬ yÄ«gÃ¨ xiÃ ndÃ i gÅngsÄ«, tÄ de gÇ”piÃ o yÄ« kÄishÇ kÄ›ndÃ¬ng fÄ“ichÃ¡ng qiÇngshÇ’u.ã€‘<NEWLINE>If the Lanling Jin Clan were a modern corporation, its stock would have surely been in high demand at the beginning.";"set";"Business & Finance: Advanced"
"é€šè´§è†¨èƒ€";"tÅnghuÃ² pÃ©ngzhÃ ng";"inflation";"é€š (to go through; common)";"Other words using this character: é€šè¿‡ (to pass through; tÅngguÃ²); æ™®é€š (common; pÇ”tÅng); äº¤é€š (traffic; jiÄotÅng)";"è´§ (goods; currency)";"Other words using this character: è´§ç‰© (goods; huÃ²wÃ¹); è´§å¸ (currency; huÃ²bÃ¬); ç™¾è´§å…¬å¸ (department store; bÇihuÃ² gÅngsÄ«)";"è†¨ (to swell; to expand)";"Other words using this character: è†¨èƒ€ (to expand; pÃ©ngzhÃ ng); è†¨åŒ–é£Ÿå“ (puffed food; pÃ©nghuÃ  shÃ­pÇn)";"èƒ€ (to swell; to be bloated)";"Other words using this character: è†¨èƒ€ (to expand; pÃ©ngzhÃ ng); è‚¿èƒ€ (to swell; zhÇ’ngzhÃ ng)";"usage notes";"é€šè´§è†¨èƒ€ (tÅnghuÃ² pÃ©ngzhÃ ng), often shortened to é€šèƒ€ (tÅngzhÃ ng), is the economic term for inflation. It literally translates to ""currency swelling.""<NEWLINE>The opposite, deflation, is é€šè´§ç´§ç¼© (tÅnghuÃ² jÇnsuÅ), or é€šç¼© (tÅngsuÅ), which literally means ""currency shrinking.""";"âˆ ä¸¥é‡çš„é€šè´§è†¨èƒ€å¯¼è‡´ç‰©ä»·é£æ¶¨ã€‚";"ã€yÃ¡nzhÃ²ng de tÅnghuÃ² pÃ©ngzhÃ ng dÇozhÃ¬ wÃ¹jiÃ  fÄ“izhÃ ng.ã€‘<NEWLINE>Severe inflation has led to soaring prices.";"âˆ å„å›½å¤®è¡Œéƒ½åœ¨åŠªåŠ›æ§åˆ¶é€šè´§è†¨èƒ€ã€‚";"ã€gÃ¨guÃ³ yÄnghÃ¡ng dÅu zÃ i nÇ”lÃ¬ kÃ²ngzhÃ¬ tÅnghuÃ² pÃ©ngzhÃ ng.ã€‘<NEWLINE>Central banks around the world are trying hard to control inflation.";"âˆ é€šè´§è†¨èƒ€ç‡æ˜¯è¡¡é‡ç»æµå¥åº·çš„é‡è¦æŒ‡æ ‡ã€‚";"ã€tÅnghuÃ² pÃ©ngzhÃ ng lÇœ shÃ¬ hÃ©ngliÃ¡ng jÄ«ngjÃ¬ jiÃ nkÄng de zhÃ²ngyÃ o zhÇbiÄo.ã€‘<NEWLINE>The inflation rate is an important indicator of economic health.";"ğŸ‡ æ¸…æ²³è‚æ°çš„è´¢æ”¿çŠ¶å†µä¼¼ä¹ä¸€ç›´ä¸å¤ªå¥½ï¼Œå¯èƒ½ç»å¸¸é¢ä¸´â€œé€šè´§è†¨èƒ€â€çš„å‹åŠ›ã€‚";"ã€qÄ«nghÃ© niÃ¨ shÃ¬ de cÃ¡izhÃ¨ng zhuÃ ngkuÃ ng sÃ¬hÅ« yÄ«zhÃ­ bÃ¹ tÃ i hÇo, kÄ›nÃ©ng jÄ«ngchÃ¡ng miÃ nlÃ­n â€œtÅnghuÃ² pÃ©ngzhÃ ngâ€ de yÄlÃ¬.ã€‘<NEWLINE>The financial situation of the Qinghe Nie Clan seems to have always been not so good, perhaps often facing the pressure of ""inflation"".";"set";"Business & Finance: Advanced"
"ç”»è›‡æ·»è¶³";"huÃ  shÃ© tiÄn zÃº";"to draw a snake and add feet; to ruin something by adding something superfluous";"ç”» (to draw; a painting)";"Other words using this character: ç”»ç”» (to draw a picture; huÃ  huÃ ); ç”»å®¶ (painter; huÃ jiÄ); åŠ¨ç”» (animation; dÃ²nghuÃ )";"è›‡ (snake)";"Other words using this character: æ¯’è›‡ (venomous snake; dÃºshÃ©); è›‡å¹´ (Year of the Snake; shÃ© niÃ¡n)";"æ·» (to add)";"Other words using this character: æ·»åŠ  (to add; tiÄnjiÄ); å¢æ·» (to add; to increase; zÄ“ngtiÄn)";"è¶³ (foot; sufficient)";"Other words using this character: è¶³çƒ (soccer; zÃºqiÃº); æ»¡è¶³ (to satisfy; mÇnzÃº); ä¸è¶³ (insufficient; bÃ¹zÃº)";"usage notes";"ç”»è›‡æ·»è¶³ (huÃ  shÃ© tiÄn zÃº) is a chengyu (idiom) that comes from a story about a drawing contest. The person who finished drawing a snake first decided to add feet to it, only to lose the contest because snakes don't have feet. It means to do something superfluous that ends up ruining the effort. It is similar to the English expression ""to gild the lily.""";"âˆ è¿™ç¯‡æ–‡ç« å·²ç»å¾ˆå¥½äº†ï¼Œå†åŠ ä¸€æ®µå°±æ˜¯ç”»è›‡æ·»è¶³ã€‚";"ã€zhÃ¨ piÄn wÃ©nzhÄng yÇjÄ«ng hÄ›n hÇole, zÃ i jiÄ yÄ«duÃ n jiÃ¹shÃ¬ huÃ shÃ©-tiÄnzÃº.ã€‘<NEWLINE>This article is already very good; adding another paragraph would be superfluous.";"âˆ ä»–çš„è§£é‡Šå¤ªå¤šäº†ï¼Œç®€ç›´æ˜¯ç”»è›‡æ·»è¶³ï¼Œåè€Œè®©äººæ›´ç³Šæ¶‚äº†ã€‚";"ã€tÄ de jiÄ›shÃ¬ tÃ i duÅ le, jiÇnzhÃ­ shÃ¬ huÃ shÃ©-tiÄnzÃº, fÇn'Ã©r rÃ ng rÃ©n gÃ¨ng hÃºtÃº le.ã€‘<NEWLINE>His explanation was too much, simply drawing a snake and adding feet, which made people even more confused.";"âˆ è®¾è®¡åº”è¯¥ç®€æ´ï¼Œé¿å…ä»»ä½•ç”»è›‡æ·»è¶³çš„å…ƒç´ ã€‚";"ã€shÃ¨jÃ¬ yÄ«nggÄi jiÇnjiÃ©, bÃ¬miÇn rÃ¨nhÃ© huÃ shÃ©-tiÄnzÃº de yuÃ¡nsÃ¹.ã€‘<NEWLINE>Design should be simple, avoiding any superfluous elements.";"ğŸ‡ é‡‘å…‰ç‘¶åœ¨è§‚éŸ³åº™çš„è®¡åˆ’æœ¬å·²å‘¨å¯†ï¼Œä½†ä»–æœ€åé‚£ç•ªå¤šä½™çš„ç‹¬ç™½ï¼Œæ— å¼‚äºç”»è›‡æ·»è¶³ï¼Œæš´éœ²äº†è‡ªå·±ã€‚";"ã€jÄ«n guÄngyÃ¡o zÃ i guÄnyÄ«n miÃ o de jÃ¬huÃ  bÄ›n yÇ zhÅumÃ¬, dÃ n tÄ zuÃ¬hÃ²u nÃ  fÄn duÅyÃº de dÃºbÃ¡i, wÃºyÃ¬ yÃº huÃ shÃ©-tiÄnzÃº, bÃ olÃ¹le zÃ¬jÇ.ã€‘<NEWLINE>Jin Guangyao's plan at the Guanyin Temple was already meticulous, but his final, unnecessary monologue was tantamount to drawing a snake with feet, exposing himself.";"set";"Idioms & Slang: Advanced"
"å®ˆæ ªå¾…å…”";"shÇ’u zhÅ« dÃ i tÃ¹";"to stand by a stump waiting for a hare; to trust to chance rather than taking initiative";"å®ˆ (to guard; to observe)";"Other words using this character: å®ˆæŠ¤ (to guard; to protect; shÇ’uhÃ¹); ä¿å®ˆ (conservative; bÇoshÇ’u); éµå®ˆ (to abide by; zÅ«nshÇ’u)";"æ ª (tree trunk; stump)";"Other words using this character: æ¤æ ª (plant; zhÃ­zhÅ«)";"å¾… (to wait)";"Other words using this character: ç­‰å¾… (to wait; dÄ›ngdÃ i); æœŸå¾… (to look forward to; qÃ­dÃ i)";"å…” (rabbit; hare)";"Other words using this character: å…”å­ (rabbit; tÃ¹zi); ç™½å…” (white rabbit; bÃ¡itÃ¹)";"usage notes";"å®ˆæ ªå¾…å…” (shÇ’u zhÅ« dÃ i tÃ¹) is a chengyu (idiom) from a fable about a farmer who saw a hare accidentally run into a tree stump and die. He then abandoned his farm work and waited by the stump every day, hoping for another hare to do the same. It is used to criticize someone who foolishly relies on luck and past successes without putting in active effort.";"âˆ ä½ ä¸èƒ½æ€»æƒ³ç€é è¿æ°”æˆåŠŸï¼Œé‚£æ˜¯åœ¨å®ˆæ ªå¾…å…”ã€‚";"ã€nÇ bÃ¹nÃ©ng zÇ’ng xiÇngzhe kÃ o yÃ¹nqÃ¬ chÃ©nggÅng, nÃ  shÃ¬ zÃ i shÇ’uzhÅ«-dÃ itÃ¹.ã€‘<NEWLINE>You can't always think about succeeding by luck; that's just waiting foolishly for a windfall.";"âˆ æœºä¼šè¦é è‡ªå·±äº‰å–ï¼Œè€Œä¸æ˜¯å®ˆæ ªå¾…å…”ã€‚";"ã€jÄ«huÃ¬ yÃ o kÃ o zÃ¬jÇ zhÄ“ngqÇ”, Ã©r bÃ¹shÃ¬ shÇ’uzhÅ«-dÃ itÃ¹.ã€‘<NEWLINE>You have to fight for opportunities yourself, not just wait for them to fall into your lap.";"âˆ ä»–çš„æŠ•èµ„ç­–ç•¥æ— å¼‚äºå®ˆæ ªå¾…å…”ï¼Œå®Œå…¨æ²¡æœ‰ä¸»åŠ¨æ€§ã€‚";"ã€tÄ de tÃ³uzÄ« cÃ¨lÃ¼Ã¨ wÃºyÃ¬ yÃº shÇ’uzhÅ«-dÃ itÃ¹, wÃ¡nquÃ¡n mÃ©iyÇ’u zhÇ”dÃ²ng xÃ¬ng.ã€‘<NEWLINE>His investment strategy is tantamount to waiting for a lucky break, completely lacking initiative.";"ğŸ‡ è“å¿˜æœºé—®çµåä¸‰è½½ï¼Œçœ‹ä¼¼å®ˆæ ªå¾…å…”ï¼Œå®åˆ™æ˜¯ä»–å”¯ä¸€èƒ½åšçš„ã€å……æ»¡æ‰§å¿µçš„ç­‰å¾…ã€‚";"ã€lÃ¡n wÃ ngjÄ« wÃ¨n lÃ­ng shÃ­sÄn zÇi, kÃ n sÃ¬ shÇ’uzhÅ«-dÃ itÃ¹, shÃ­zÃ© shÃ¬ tÄ wÃ©iyÄ« nÃ©ng zuÃ² de, chÅngmÇn zhÃ­niÃ n de dÄ›ngdÃ i.ã€‘<NEWLINE>Lan Wangji played Inquiry for thirteen years; it seemed like waiting for a fluke, but in reality, it was the only thing he could doâ€”a wait filled with obsession.";"set";"Idioms & Slang: Advanced"
