"æ¯›å·¾";"mÃ¡ojÄ«n";"/towel/CL:æ¢|æ¡[tiao2]/";"æ¯› (hair)";"Other words using this character: äº”æ¯›å…š; ç‚¸æ¯› (zhÃ  mÃ¡o); ç™½æ¯›å¥³ (bÃ¡i mÃ¡o nÇš)";"å·¾ (towel)";"Other words using this character: å›´å·¾ (wÃ©ijÄ«n)";"ğŸ‡ é­æ— ç¾¡æ‹¿èµ·æ¯›å·¾æ“¦äº†æ“¦è„¸ä¸Šçš„æ±—æ°´ã€‚";"Wei Wuxian picked up a towel and wiped the sweat from his face.";"ğŸ‡ é‡‘å‡ŒæŠŠæ¯›å·¾é€’ç»™å”å”ï¼Œè®©ä»–æ“¦æ“¦æ‰‹ã€‚";"Jin Ling handed the towel to his uncle, asking him to wipe his hands.";"ğŸ‡ è“æ›¦è‡£æŠŠæ¹¿æ¯›å·¾æ”¾åœ¨æ¸©æƒ…çš„é¢å¤´ä¸Šï¼Œå¸®å¥¹é€€é€€çƒ§ã€‚";"Lan Xichen put a wet towel on Wen Qing's forehead to help her reduce the fever.";"ğŸ‡ è“å¿˜æœºæŠŠæ¯›å·¾é€’ç»™é­æ— ç¾¡ï¼Œç¤ºæ„ä»–æ“¦æ“¦è„¸ã€‚";"Lan Wangji handed the towel to Wei Wuxian, indicating him to wipe his face.";"ğŸ‡ æ¸©æƒ…åœ¨å¨æˆ¿é‡Œæ‹¿ç€æ¯›å·¾ï¼Œå¿™ç€æ“¦æ‹­é”…ç¢—ç“¢ç›†ã€‚";"Wen Qing was in the kitchen holding a towel, busy wiping the pots and pans.";"There are no other HSK words in this level (or before) using this character.";"There are no other HSK words in this level (or before) using this character.";"There are no other HSK words in this level (or before) using this character.";"There are no other HSK words in this level (or before) using this character.";"There are no other HSK words in this level (or before) using this character.";"There are no other HSK words in this level (or before) using this character.";"There are no other HSK words in this level (or before) using this character.";"There are no other HSK words in this level (or before) using this character.";"There are no other HSK words in this level (or before) using this character.";"There are no other HSK words in this level (or before) using this character.";"There are no other HSK words in this level (or before) using this character.";"There are no other HSK words in this level (or before) using this character.";"There are no other HSK words in this level (or before) using this character.";"There are no other HSK words in this level (or before) using this character.";"There are no other HSK words in this level (or before) using this character.";"There are no other HSK words in this level (or before) using this character.";"There are no other HSK words in this level (or before) using this character.";"There are no other HSK words in this level (or before) using this character.";"There are no other HSK words in this level (or before) using this character.";"There are no other HSK words in this level (or before) using this character.";"There are no other HSK words in this level (or before) using this character.";"There are no other HSK words in this level (or before) using this character.";"There are no other HSK words in this level (or before) using this character.";"There are no other HSK words in this level (or before) using this character.";"There are no other HSK words in this level (or before) using this character.";"There are no other HSK words in this level (or before) using this character.";"There are no other HSK words in this level (or before) using this character.";"There are no other HSK words in this level (or before) using this character.";"There are no other HSK words in this level (or before) using this character.";"There are no other HSK words in this level (or before) using this character.";"There are no other HSK words in this level (or before) using this character.";"There are no other HSK words in this level (or before) using this character.";"There are no other HSK words in this level (or before) using this character.";"There are no other HSK words in this level (or before) using this character.";"There are no other HSK words in this level (or before) using this character.";"There are no other HSK words in this level (or before) using this character.";"There are no other HSK words in this level (or before) using this character.";"There are no other HSK words in this level (or before) using this character.";"There are no other HSK words in this level (or before) using this character.";"There are no other HSK words in this level (or before) using this character.";"There are no other HSK words in this level (or before) using this character.";"There are no other HSK words in this level (or before) using this character.";"There are no other HSK words in this level (or before) using this character."
"ç¾ä¸½";"mÄ›ilÃ¬";"/beautiful/";"related words";"ç¾ä¸½ (mÄ›ilÃ¬)Means beautiful or lovely, often used to describe something or someone as having a stunning or aesthetically pleasing appearance.æ¼‚äº® (piÃ oliang)Also means beautiful or pretty, specifically used to describe someone's appearance as attractive or pleasing to the eye.Both ç¾ä¸½ (mÄ›ilÃ¬) and æ¼‚äº® (piÃ oliang) mean beautiful, but ç¾ä¸½ (mÄ›ilÃ¬) is often used to describe stunning or aesthetically pleasing appearances, while æ¼‚äº® (piÃ oliang) is specifically used to describe someone's appearance as attractive or pleasing to the eye.";"ç¾ (beautiful)";"Other words using this character: ç››ä¸–ç¾é¢œ; è€½ç¾ (dÄn mÄ›i)";"ä¸½ (beautiful)";"Other words using this character: ç›ä¸½è‹";"ğŸ‡ è“å¿˜æœºè§‰å¾—é­æ— ç¾¡çš„ç¬‘å®¹æ˜¯ä¸–ç•Œä¸Šæœ€ç¾ä¸½çš„ã€‚";"Lan Wangji thinks Wei Wuxian's smile is the most beautiful in the world.";"ğŸ‡ é‡‘å‡Œåœ¨è²èŠ±åçœ‹åˆ°äº†ä¸€ç‰‡ç¾ä¸½çš„é£æ™¯ã€‚";"Jin Ling sees a beautiful scenery in Lotus Pier.";"ğŸ‡ æ¸©æƒ…ç”¨å¿ƒç…§é¡¾ç—…äººï¼Œè®©ä»–ä»¬é‡è·ç¾ä¸½å®¹é¢œã€‚";"Wen Qing takes care of the patients with all her heart, allowing them to regain their beautiful appearance.";"ğŸ‡ è“æ›¦è‡£çš„éŸ³ä¹æ€»æ˜¯å……æ»¡ç¾ä¸½çš„æ—‹å¾‹ï¼Œè®©äººå¿ƒé©°ç¥å¾€ã€‚";"Lan Xichen's music is always filled with beautiful melodies, captivating people's hearts.";"ğŸ‡ é‡‘å‡Œè®¤ä¸ºæ¯ä¸ªäººéƒ½æœ‰è‡ªå·±ç‹¬ç‰¹çš„ç¾ä¸½ä¹‹å¤„ã€‚";"Jin Ling believes that everyone has their own unique beauty."
"æ¢¦";"mÃ¨ng";"/dream (CL:å ´|åœº[chang2],å€‹|ä¸ª[ge4])/(bound form) to dream/";"æ¢¦ (dream)";"Other words using this character: ä»¥æ¢¦ä¸ºé©¬";"ğŸ‡ é­æ— ç¾¡åšäº†ä¸€ä¸ªå™©æ¢¦ï¼Œæ¢¦è§äº†è¿‡å»çš„å¾€äº‹ã€‚";"Wei Wuxian had a nightmare, dreaming about past events.";"ğŸ‡ è“å¿˜æœºå¸¸å¸¸æ¢¦è§è“æ›¦è‡£ï¼Œæ¯æ¬¡éƒ½è§‰å¾—å¾ˆçœŸå®ã€‚";"Lan Wangji often dreams about Lan Xichen, and each time it feels very real.";"ğŸ‡ é‡‘å‡Œæ¢¦åˆ°äº†ä»–çš„çˆ¶æ¯ï¼Œæ„Ÿåˆ°ååˆ†æƒ³å¿µã€‚";"Jin Ling dreamed about his parents and felt very nostalgic.";"ğŸ‡ é­æ— ç¾¡æ¢¦è§äº†ä¸€åªè¯´è¯çš„å…”å­ï¼Œè§‰å¾—å¾ˆå¥½ç¬‘ã€‚";"Wei Wuxian dreamed about a talking rabbit and found it very amusing.";"ğŸ‡ è“æ›¦è‡£æ¢¦ä¸­é‡åˆ°äº†ä¸€ä½ç¥ç§˜çš„ä¿®å£«ï¼Œç»™äº†ä»–é‡è¦çš„æŒ‡ç¤ºã€‚";"Lan Xichen encountered a mysterious cultivator in his dream, who gave him important guidance."
"è¿·è·¯";"mÃ­lÃ¹";"/to lose the way/lost/labyrinth/labyrinthus vestibularis (of the inner ear)/";"è¿· (to bewilder)";"Other words using this character: å¾ˆè¿· (hÄ›n mÃ­); è¿·å¦¹ (mÃ­ mÃ¨i); è¿·å¼Ÿ (mÃ­ dÃ¬)";"è·¯ (road)";"Other words using this character: èŠ±è·¯ (huÄ lÃ¹); é©¬è·¯æ€æ‰‹; å¥—è·¯ (tÃ o lÃ¹); è·¯ (lÃ¹); è·¯é€ (lÃ¹ tÃ²u)"
"å¯†ç ";"mÃ¬mÇ";"/cipher; secret code/password; PIN/";"å¯† (secret)";"Other words using this character: æ³„æ¼ç§˜å¯† (xiÃ¨lÃ²u mÃ¬mÃ¬); ç§˜å¯† (mÃ¬mÃ¬); ç§˜å¯†æ­¦å™¨ (mÃ¬mÃ¬wÇ”qÃ¬); è¾“å…¥å¯†ç  (shÅ«rÃ¹ mÃ¬mÇ)";"ç  (number)";"Other words using this character: ä»£ç  (dÃ imÇ); è¾“å…¥å¯†ç  (shÅ«rÃ¹ mÃ¬mÇ)";"ğŸ‡ é­æ— ç¾¡å¿˜è®°äº†è‡ªå·±çš„å¯†ç ï¼Œæ— æ³•æ‰“å¼€èšè´¤åº„çš„é—¨ã€‚";"Wei Wuxian forgot his password and couldn't open the door to the Burial Mounds.";"ğŸ‡ è“å¿˜æœºçš„å¯†ç éå¸¸å¤æ‚ï¼Œæ²¡æœ‰äººèƒ½ç ´è§£ã€‚";"Lan Wangji's password is very complex, and no one can crack it.";"ğŸ‡ é‡‘å‡Œçš„æ‰‹æœºå¯†ç æ˜¯ä»–å’Œé­æ— ç¾¡çš„ç”Ÿæ—¥ã€‚";"Jin Ling's phone password is the birthdays of him and Wei Wuxian.";"ğŸ‡ è“æ›¦è‡£æŠŠå¯†ç å‘Šè¯‰äº†é­æ— ç¾¡ï¼Œè®©ä»–å¯ä»¥éšæ—¶è¿›å…¥äº‘æ·±ä¸çŸ¥å¤„ã€‚";"Lan Xichen told Wei Wuxian the password, so he could enter the Cloud Recesses at any time.";"ğŸ‡ æ¸©æƒ…çš„å¯†ç è¢«é‡‘å…‰ç‘¶ç›—èµ°ï¼Œå¯¼è‡´äº†ä¸€ç³»åˆ—çš„éº»çƒ¦ã€‚";"Wen Qing's password was stolen by Jin Guangyao, leading to a series of troubles."
"å…è´¹";"miÇnfÃ¨i";"/free (of charge)/";"å… (excuse)";"Other words using this character: å…å¾— (miÇndÃ©)";"è´¹ (expenses)";"Other words using this character: å°è´¹ (xiÇofÃ¨i); äº¤æ°´ç”µè´¹ (jiÄo shuÇdiÃ nfÃ¨i); ä»˜æ°´ç”µè´¹ (fÃ¹ shuÇdiÃ nfÃ¨i)";"ğŸ‡ é­æ— ç¾¡ä¸ºå¤§å®¶æä¾›å…è´¹çš„é™å¦–é™¤é­”æœåŠ¡ã€‚";"Wei Wuxian provides free demon-slaying services for everyone.";"ğŸ‡ è“æ¹›çš„éŸ³ä¹ä¼šå…è´¹å‘å…¬ä¼—å¼€æ”¾ã€‚";"Lan Zhan's concert is open to the public for free.";"ğŸ‡ è“æ›¦è‡£çš„è®²åº§å…è´¹å‘å­¦ç”Ÿå¼€æ”¾ã€‚";"Lan Xichen's lectures are open to students for free.";"ğŸ‡ æ¸©æƒ…çš„åŒ»ç–—æœåŠ¡å¯¹ç©·äººå…è´¹ã€‚";"Wen Qing's medical services are free for the poor.";"ğŸ‡ è“æ¹›çš„æŒ‡å¯¼è¯¾å…è´¹å‘æœ‰éœ€è¦çš„äººå¼€æ”¾ã€‚";"Lan Zhan's coaching classes are open for free to those in need."
"ç§’";"miÇo";"/second (unit of time)/arc second (angular measurement unit)/(coll.) instantly/";"ç§’ (second)";"Other words using this character: ç§’æ‡‚ (miÇo dÇ’ng); ç§’åˆ ; ç§’å› (miÇo huÃ­)"
"æ°‘æ—";"mÃ­nzÃº";"/nationality; ethnic group/CL:å€‹|ä¸ª[ge4]/";"related words";"æ°‘æ— (mÃ­nzÃº)Refers to an ethnic group or nationality, often used to describe a group of people with a shared cultural or historical background.å›½ç± (guÃ³jÃ­)Refers to nationality or citizenship, specifically used to describe the legal relationship between an individual and a sovereign state.Both æ°‘æ— (mÃ­nzÃº) and å›½ç± (guÃ³jÃ­) are related to nationality, but æ°‘æ— (mÃ­nzÃº) refers to an ethnic group or nationality in a cultural or historical sense, while å›½ç± (guÃ³jÃ­) specifically refers to the legal relationship between an individual and a sovereign state.";"æ°‘ (people)";"Other words using this character: æˆ˜æ–—æ°‘æ—; å›½æ°‘è€å…¬; ç‹¼æ°‘ (lÃ¡ng mÃ­n)";"æ— (clan)";"Other words using this character: æˆ˜æ–—æ°‘æ—; å‰æ‰‹æ— (duÃ² shÇ’u zÃº)";"ğŸ‡ é­æ— ç¾¡æ˜¯å¤·é™µäººï¼Œå±äºå¤·é™µéƒ¨è½çš„æ°‘æ—ã€‚";"Wei Wuxian is from Yiling, belonging to the ethnic group of the Yiling tribe.";"ğŸ‡ é‡‘å‡Œæ˜¯è“å®¶çš„ä¸€å‘˜ï¼Œä¹Ÿæ˜¯è“å®¶æ°‘æ—çš„ä¸€ä»½å­ã€‚";"Jin Ling is a member of the Lan clan and also a part of the Lan clan's nationality.";"ğŸ‡ è“æ›¦è‡£å¯¹å„ä¸ªæ°‘æ—çš„æ–‡åŒ–éƒ½å……æ»¡äº†å¥½å¥‡å¿ƒï¼Œå¸Œæœ›èƒ½æœ‰æ‰€äº†è§£ã€‚";"Lan Xichen is full of curiosity about the cultures of various ethnic groups, hoping to understand them.";"ğŸ‡ è“å¿˜æœºå¯¹éŸ³ä¹æœ‰ç€æ·±åšçš„æ„Ÿæƒ…ï¼Œè¿™æ˜¯ä»–æ°‘æ—çš„ä¸€éƒ¨åˆ†ã€‚";"Lan Wangji has deep feelings for music, which is a part of his nationality.";"ğŸ‡ é­æ— ç¾¡å¯¹å¤·é™µçš„å†å²å’Œä¼ ç»Ÿæ°‘æ—æ–‡åŒ–æœ‰ç€æµ“åšçš„å…´è¶£ã€‚";"Wei Wuxian has a strong interest in the history and traditional ethnic culture of Yiling."
"æ¯äº²";"mÇ”qÄ«n";"/mother/also pr. [mu3 qin5]/CL:å€‹|ä¸ª[ge4]/";"related words";"æ¯äº² (mÇ”qÄ«n)This term refers to the concept of a mother in a more formal or respectful manner. It can be used in various contexts, including addressing one's own mother or referring to the general concept of motherhood.å¦ˆå¦ˆ (mÄma)This is a more casual and affectionate way of referring to one's own mother. It's commonly used in everyday conversations and is less formal compared to æ¯äº² (mÇ”qÄ«n).For example, when speaking to your own mother, you would likely use å¦ˆå¦ˆ (mÄma) to address her directly. However, if you were writing a formal letter or discussing the concept of motherhood in a respectful manner, you would use æ¯äº² (mÇ”qÄ«n).";"æ¯ (mother)";"Other words using this character: æ¯èŒæƒ©ç½š; æ…ˆæ¯ç¬‘ (cÃ­ mÇ” xiÃ o); å§¨æ¯ç¬‘ (yÃ­ mÇ” xiÃ o); æ¯ä¸Šå¤§äºº (mÇ” shÃ ng dÃ  rÃ©n)";"äº² (relative)";"Other words using this character: äº²å¦ˆç²‰; äº²æµ‹æœ‰æ•ˆ";"ğŸ‡ é­æ— ç¾¡å¯¹æ¯äº²çš„æ€å¿µå¦‚æ½®æ°´èˆ¬æ±¹æ¶Œã€‚";"Wei Wuxian's yearning for his mother surged like a tide.";"ğŸ‡ è“æ¹›å¯¹æ¯äº²çš„çˆ±æˆ´æº¢äºè¨€è¡¨ã€‚";"Lan Zhan's reverence for his mother was beyond words.";"ğŸ‡ æ¸©æƒ…å¯¹æ¯äº²çš„æ€€å¿µæ—¶å¸¸åœ¨å¿ƒå¤´ã€‚";"Wen Qing's nostalgia for her mother often lingered in her heart.";"ğŸ‡ é‡‘å‡Œå¯¹æ¯äº²çš„å…³æ€€ä»æœªé—´æ–­ã€‚";"Jin Ling's care for his mother has never ceased.";"ğŸ‡ è“æ›¦è‡£å¯¹æ¯äº²çš„æ•™è¯²é“­è®°åœ¨å¿ƒã€‚";"Lan Xichen's mother's teachings are engraved in his heart."
"ç›®çš„";"mÃ¹dÃ¬";"/purpose; aim; goal; target; objective/CL:å€‹|ä¸ª[ge4]/";"ç›® (eye)";"Other words using this character: è‡ªæˆ³åŒç›®; ç›®æµ‹è¦ç«";"çš„ (of)";"Other words using this character: ; æ±‚";"ğŸ‡ é­æ— ç¾¡çš„ç›®çš„æ˜¯ä¸ºäº†è§£å¼€è°œå›¢ï¼Œè¿˜åŸçœŸç›¸ã€‚";"Wei Wuxian's purpose is to unravel mysteries and restore the truth.";"ğŸ‡ è“å¿˜æœºçš„ç›®çš„æ˜¯å®ˆæŠ¤è“æ°å®¶æ—ï¼Œç»´æŠ¤æ­£ä¹‰ã€‚";"Lan Wangji's goal is to protect the Lan clan and uphold justice.";"ğŸ‡ æ¸©æƒ…çš„ç›®çš„æ˜¯åŒ»æ²»ä¼¤å‘˜ï¼Œæ‹¯æ•‘è‹ç”Ÿã€‚";"Wen Qing's aim is to heal the wounded and save the people.";"ğŸ‡ é‡‘å‡Œçš„ç›®çš„æ˜¯ç»§æ‰¿å®¶ä¸šï¼Œæˆä¸ºä¸€åå‡ºè‰²çš„é¢†è¢–ã€‚";"Jin Ling's objective is to inherit the family business and become an outstanding leader.";"ğŸ‡ è“æ›¦è‡£çš„ç›®çš„æ˜¯ç»´æŠ¤äº²æƒ…ï¼Œä¿æŠ¤å®¶äººã€‚";"Lan Xichen's target is to maintain family affection and protect his loved ones."
"è€å¿ƒ";"nÃ ixÄ«n";"/to be patient/patience/";"è€ (endure)";"Other words using this character: å£è€ (kÇ’u nÃ i); è€æ’• (nÃ i sÄ«)";"å¿ƒ (heart)";"Other words using this character: åˆå¿ƒ (chÅ« xÄ«n); å¤§å¿«äººå¿ƒ (dÃ  kuÃ i rÃ©n xÄ«n); ä¸å¿˜åˆå¿ƒ (bÃº wÃ ng chÅ« xÄ«n); å°‘å¥³å¿ƒ (shÃ o nÇš xÄ«n); å¿ƒå¤§ (xÄ«n dÃ ); ä¸§å¿ƒç—…ç‹‚; æ¯”å¿ƒ; å†…å¿ƒæˆ; æ±‚; ç»ç’ƒå¿ƒ (bÅ lÃ­ xÄ«n); ä¸šç•Œè‰¯å¿ƒ; è™å¿ƒ (nÃ¼Ã¨ xÄ«n); èµ°å¿ƒ (zÇ’u xÄ«n)";"ğŸ‡ è“å¿˜æœºå¯¹å¾…é­æ— ç¾¡æ€»æ˜¯å¾ˆæœ‰è€å¿ƒã€‚";"Lan Wangji always treats Wei Wuxian with great patience.";"ğŸ‡ é­æ— ç¾¡æ•™æ¸©å®å¼¹ç´ï¼Œéœ€è¦æœ‰è€å¿ƒã€‚";"Teaching Wen Ning to play the qin requires patience from Wei Wuxian.";"ğŸ‡ æ¸©æƒ…å¯¹å¾…ç—…äººéœ€è¦æœ‰è€å¿ƒå’Œçˆ±å¿ƒã€‚";"Treating patients requires patience and compassion.";"ğŸ‡ è“æ›¦è‡£è€å¿ƒåœ°æ•™å¯¼å¼Ÿå¼Ÿå­¦ä¹ å‰‘æœ¯ã€‚";"Lan Xichen patiently teaches his younger brother swordsmanship."
"éš¾é“";"nÃ¡ndÃ o";"/don't tell me .../could it be that...?/";"éš¾ (difficult)";"é“ (way)";"Other words using this character: é“å‹ (dÃ o yÇ’u); éœ¸é“æ€»è£";"ğŸ‡ é­æ— ç¾¡ï¼Œéš¾é“ä½ åˆæƒ¹å‡ºä»€ä¹ˆéº»çƒ¦äº†ï¼Ÿ";"Wei Wuxian, could it be that you have caused trouble again?";"ğŸ‡ è“å¿˜æœºï¼Œéš¾é“ä½ ä¸çŸ¥é“æˆ‘å¯¹ä½ çš„å¿ƒæ„å—ï¼Ÿ";"Lan Wangji, don't tell me you don't know my feelings for you?";"ğŸ‡ é‡‘å‡Œï¼Œéš¾é“ä½ è¿˜ä¸æ˜ç™½è¿™å…¶ä¸­çš„å¥¥å¦™å—ï¼Ÿ";"Jin Ling, could it be that you still don't understand the mystery behind this?";"ğŸ‡ è“æ›¦è‡£ï¼Œéš¾é“ä½ ä¸è§‰å¾—è¿™ä»¶äº‹æœ‰äº›ä¸å¯¹åŠ²å—ï¼Ÿ";"Lan Xichen, don't tell me you don't think there's something wrong with this?";"ğŸ‡ æ±Ÿæ¾„ï¼Œéš¾é“ä½ è¿˜ä¸çŸ¥é“æˆ‘å¯¹ä½ çš„å…³å¿ƒå—ï¼Ÿ";"Jiang Cheng, could it be that you still don't know my concern for you?"
"éš¾å—";"nÃ¡nshÃ²u";"/to feel unwell/to suffer pain/to be difficult to bear/";"éš¾ (difficult)";"å— (to receive)";"ğŸ‡ é­æ— ç¾¡çœ‹åˆ°è“å¿˜æœºå—ä¼¤ï¼Œå¿ƒæƒ…å¾ˆéš¾å—ã€‚";"Wei Wuxian felt very uncomfortable when he saw Lan Wangji injured.";"ğŸ‡ è“å¿˜æœºçœ‹åˆ°é­æ— ç¾¡å—ä¼¤ï¼Œå¿ƒæƒ…å¾ˆéš¾å—ã€‚";"Lan Wangji felt very uncomfortable when he saw Wei Wuxian injured.";"ğŸ‡ æ±Ÿæ¾„çœ‹åˆ°å®¶äººå—ä¼¤ï¼Œå¿ƒæƒ…å¾ˆéš¾å—ã€‚";"Jiang Cheng felt very uncomfortable when he saw his family members injured.";"ğŸ‡ è“æ›¦è‡£çœ‹åˆ°å¼Ÿå¼Ÿå—ä¼¤ï¼Œå¿ƒæƒ…å¾ˆéš¾å—ã€‚";"Lan Xichen felt very uncomfortable when he saw his younger brother injured.";"ğŸ‡ é‡‘å‡Œçœ‹åˆ°æœ‹å‹å—ä¼¤ï¼Œå¿ƒæƒ…å¾ˆéš¾å—ã€‚";"Jin Ling felt very uncomfortable when he saw his friend injured."
"å†…";"nÃ¨i";"/inside/inner/internal/within/interior/";"related words";"These two words have the same meaning and usage. Both refer to the concept of ""inside"" or ""within"" and can be used interchangeably in most contexts.";"å†… (inside)";"Other words using this character: å¢™å†…; å†…ä¸ª; å†…å¿ƒæˆ";"ğŸ‡ é­æ— ç¾¡å†…å¿ƒæ·±å¤„éšè—ç€è®¸å¤šä¸ä¸ºäººçŸ¥çš„ç§˜å¯†ã€‚";"Wei Wuxian hides many unknown secrets deep inside his heart.";"ğŸ‡ è“å¿˜æœºå†…å¿ƒæ·±å¤„å¯¹é­æ— ç¾¡çš„æ„Ÿæƒ…å¦‚æ»šæ»šæ±Ÿæ°´ï¼ŒåŠ¿ä¸å¯æŒ¡ã€‚";"Lan Wangji's feelings for Wei Wuxian deep inside his heart are like a surging river, unstoppable.";"ğŸ‡ æ¸©æƒ…å†…å¿ƒæ·±å¤„å……æ»¡äº†å¯¹ä¸»äººçš„å¿ è¯šå’Œçˆ±æ„ã€‚";"Wen Ning's heart is filled with loyalty and love for his master deep inside.";"ğŸ‡ è“æ›¦è‡£å†…å¿ƒæ·±å¤„éšè—ç€ä¸€é¢—æ…ˆæ‚²çš„å¿ƒã€‚";"Deep inside Lan Xichen's heart lies a compassionate nature."
"å†…å®¹";"nÃ¨irÃ³ng";"content";"å†… (inside)";"Other words using this character: å¢™å†…; å†…ä¸ª; å†…å¿ƒæˆ";"å®¹ (contain)";"Other words using this character: å½¢å®¹è¯ (xÃ­ngrÃ³ngcÃ­); æ–‡åŒ–åŒ…å®¹ (wÃ©nhuÃ  bÄorÃ³ng); åŒ…å®¹ (bÄorÃ³ng)";"ğŸ‡ é­æ— ç¾¡çš„è®²åº§å†…å®¹å¼•äººå…¥èƒœã€‚";"Wei Wuxian's lecture content is fascinating.";"ğŸ‡ è“å¿˜æœºçš„ä¹¦ç±å†…å®¹ä¸°å¯Œå¤šå½©ã€‚";"Lan Wangji's books are rich in content.";"ğŸ‡ è“æ›¦è‡£çš„ä¿¡ä»¶å†…å®¹è®©äººæ„ŸåŠ¨ã€‚";"Lan Xichen's letters are touching.";"ğŸ‡ æ¸©æƒ…çš„åŒ»å­¦å†…å®¹å¾ˆä¸“ä¸šã€‚";"Wen Qing's medical content is very professional.";"ğŸ‡ è“æ¹›çš„è¯—è¯å†…å®¹ä¼˜ç¾åŠ¨äººã€‚";"Lan Zhan's poetry is beautifully written.";"ğŸ‡ æŸ";"some; a certain; sb or sth indefinite; such-and-such";"ğŸ‡ é­æ— ç¾¡åœ¨æŸå¤©çªç„¶æ¶ˆå¤±äº†ã€‚";"Wei Wuxian suddenly disappeared one day.";"ğŸ‡ è“å¿˜æœºåœ¨æŸä¸ªæ™šä¸Šçœ‹åˆ°äº†ä¸€åªç½•è§çš„çµå…½ã€‚";"Lan Wangji saw a rare spiritual beast one evening.";"ğŸ‡ è“æ›¦è‡£åœ¨æŸæ¬¡æ¢é™©ä¸­å‘ç°äº†ä¸€åº§å¤è€çš„é—è¿¹ã€‚";"Lan Xichen discovered an ancient relic during a certain expedition.";"ğŸ‡ æ¸©æƒ…åœ¨æŸä¸ªå¤œæ™šæ•‘äº†ä¸€ä¸ªå—ä¼¤çš„å°åŠ¨ç‰©ã€‚";"Wen Qing saved an injured small animal on a certain night.";"ğŸ‡ è“æ¹›åœ¨æŸæ¬¡æˆ˜æ–—ä¸­å—äº†é‡ä¼¤ã€‚";"Lan Zhan was seriously injured in a certain battle."
"èƒ½åŠ›";"nÃ©nglÃ¬";"ability";"èƒ½ (able)";"Other words using this character: èƒ½æ‰“ (nÃ©ng dÇ); çˆ±æ— èƒ½; è§£é”æŠ€èƒ½; è´Ÿèƒ½é‡; å‰æ–¹é«˜èƒ½ (qiÃ¡n fÄng gÄo nÃ©ng); æ–°æŠ€èƒ½ (xÄ«n jÃ¬ nÃ©ng)";"åŠ› (power)";"Other words using this character: å®åŠ› (shÃ­lÃ¬); æ´ªè’ä¹‹åŠ› (hÃ³ng huÄng zhÄ« lÃ¬); ç”·å‹åŠ› (nÃ¡n yÇ’u lÃ¬); æ±¡åŠ›æ»”æ»” (wÅ« lÃ¬ tÄo tÄo); ç”¨åŠ›è¿‡çŒ›";"ğŸ‡ é­æ— ç¾¡æœ‰ç€éå‡¡çš„æ™ºæ…§å’Œæˆ˜æ–—èƒ½åŠ›ã€‚";"Wei Wuxian has extraordinary intelligence and combat capability.";"ğŸ‡ é‡‘å‡Œçš„é¢†å¯¼èƒ½åŠ›å¾—åˆ°äº†å¤§å®¶çš„è®¤å¯ã€‚";"Jin Ling's leadership ability has been recognized by everyone.";"ğŸ‡ æ¸©æƒ…çš„åŒ»æœ¯èƒ½åŠ›å¤‡å—èµèª‰ã€‚";"Wen Qing's medical skills are highly praised.";"ğŸ‡ è“å¿˜æœºçš„ç´è‰ºèƒ½åŠ›æ— äººèƒ½åŠã€‚";"Lan Wangji's musical talent is unparalleled.";"ğŸ‡ è“æ›¦è‡£çš„è°ˆåˆ¤èƒ½åŠ›ä½¿ä»–æˆä¸ºäº†ä¸€ä½æ°å‡ºçš„å¤–äº¤å®˜ã€‚";"Lan Xichen's negotiation skills have made him an outstanding diplomat."
"å¹´é¾„";"niÃ¡nlÃ­ng";"/(a person's) age/CL:æŠŠ[ba3],å€‹|ä¸ª[ge4]/";"å¹´ (year)";"Other words using this character: è…¿ç©å¹´ (tuÇ wÃ¡n niÃ¡n); æ–œæ é’å¹´ (xiÃ© gÃ ng qÄ«ng niÃ¡n); æš´éœ²å¹´é¾„; ä½›ç³»é’å¹´ (fÃ³ xÃ¬ qÄ«ng niÃ¡n); æ¯ç«¥å¹´";"é¾„ (age)";"Other words using this character: æš´éœ²å¹´é¾„";"ğŸ‡ é­æ— ç¾¡çš„å¹´é¾„å¹¶ä¸å¤§ï¼Œå´æœ‰ç€ä¸°å¯Œçš„äººç”Ÿç»å†ã€‚";"Wei Wuxian is not very old, but he has rich life experiences.";"ğŸ‡ è“å¿˜æœºçš„å¹´é¾„æ¯”é­æ— ç¾¡å¤§ä¸€äº›ï¼Œä½†å†…å¿ƒå´åƒä¸ªå­©å­ã€‚";"Lan Wangji is a little older than Wei Wuxian, but inside, he is like a child.";"ğŸ‡ é‡‘å‡Œçš„å¹´é¾„å°å°çš„ï¼Œä½†æ˜¯å¿ƒæ€å´å¾ˆæˆç†Ÿã€‚";"Jin Ling is young, but he is very mature in his thoughts.";"ğŸ‡ è“æ›¦è‡£çš„å¹´é¾„å¤§äº†ï¼Œä½†å¯¹å¾…äººè¿˜æ˜¯ä¸€å¦‚æ—¢å¾€çš„å®½åšã€‚";"Lan Xichen is getting older, but he still treats people with the same kindness as always.";"ğŸ‡ æ¸©æƒ…çš„å¹´é¾„è™½ç„¶ä¸å°ï¼Œä½†æ˜¯ä¾ç„¶ä¿æŒç€å¹´è½»äººçš„æ´»åŠ›ã€‚";"Wen Qing is not young, but she still maintains the vitality of a young person."
"å¼„";"nÃ²ng";"/variant of å¼„[long4]/";"related words";"These words have different meanings and usage:å¼„ (nÃ²ng)This word can mean ""to do,"" ""to make,"" ""to handle,"" or ""to get."" It's a versatile word that can be used in various contexts, such as ""å¼„æ¸…æ¥š"" (nÃ²ng qÄ«ngchu) meaning ""to figure out"" or ""å¼„å¥½"" (nÃ²ng hÇo) meaning ""to handle well.""å¹² (gÃ n)This word can mean ""to do,"" ""to work,"" ""to be engaged in,"" or ""to be involved in."" It's often used in the context of work or tasks, such as ""å·¥ä½œ"" (gÅngzuÃ²) meaning ""to work"" or ""åšäº‹"" (zuÃ² shÃ¬) meaning ""to do things.""äº¤ (jiÄo)This word can mean ""to hand over,"" ""to deliver,"" ""to exchange,"" or ""to intersect."" It's commonly used in the context of transactions, interactions, or exchanges, such as ""äº¤æœ‹å‹"" (jiÄo pÃ©ngyÇ’u) meaning ""to make friends"" or ""äº¤æµ"" (jiÄoliÃº) meaning ""to communicate.""ä½¿ (shÇ)This word can mean ""to make,"" ""to cause,"" ""to enable,"" or ""to use."" It's often used in the context of causing something to happen or using something for a specific purpose, such as ""ä½¿ç”¨"" (shÇyÃ²ng) meaning ""to use"" or ""ä½¿å‘½"" (shÇmÃ¬ng) meaning ""mission.""åš (zuÃ²)This word means ""to do"" or ""to make."" It's a general term for performing an action or engaging in an activity, such as ""åšé¥­"" (zuÃ² fÃ n) meaning ""to cook"" or ""åšä½œä¸š"" (zuÃ² zuÃ²yÃ¨) meaning ""to do homework.""èµ·æ¥ (qÇlÃ¡i)This word is used to indicate the beginning or completion of an action. It's often used in combination with other verbs to express the start or result of an action, such as ""ç«™èµ·æ¥"" (zhÃ n qÇlÃ¡i) meaning ""to stand up"" or ""è·³èµ·æ¥"" (tiÃ o qÇlÃ¡i) meaning ""to jump up.""èµ·åºŠ (qÇchuÃ¡ng)This word specifically means ""to get up"" or ""to rise from bed."" It's used in the context of waking up in the morning or getting out of bed.è·å¾— (huÃ²dÃ©)This word means ""to obtain"" or ""to acquire."" It's used to express the act of gaining or receiving something, such as ""è·å¾—å¥–åŠ±"" (huÃ²dÃ© jiÇnglÃ¬) meaning ""to receive a reward"" or ""è·å¾—è®¤å¯"" (huÃ²dÃ© rÃ¨nkÄ›) meaning ""to gain approval.""For example, you could use å¼„ (nÃ²ng) to say ""å¼„æ¸…æ¥š"" (nÃ²ng qÄ«ngchu) meaning ""to figure out,"" or you could use è·å¾— (huÃ²dÃ©) to say ""è·å¾—å¥–åŠ±"" (huÃ²dÃ© jiÇnglÃ¬) meaning ""to receive a reward.";"å¼„ (manage)";"ğŸ‡ é­æ— ç¾¡æ€»æ˜¯å–œæ¬¢å¼„ä¸€äº›å°æŠŠæˆé€—è“å¿˜æœºå¼€å¿ƒã€‚";"Wei Wuxian always likes to play some tricks to amuse Lan Wangji.";"ğŸ‡ è“å¿˜æœºä¸å–œæ¬¢åˆ«äººå¼„ä»–çš„å¤´å‘ï¼Œä½†é­æ— ç¾¡æ€»æ˜¯ä¾‹å¤–ã€‚";"Lan Wangji doesn't like others to mess with his hair, but Wei Wuxian is always an exception.";"ğŸ‡ è“æ›¦è‡£æ€»æ˜¯å–œæ¬¢å¼„ä¸€äº›å°ç©æ„å„¿é€—å¼Ÿå¼Ÿå¼€å¿ƒã€‚";"Lan Xichen always likes to play with some small toys to amuse his younger brother."
"æš–å’Œ";"nuÇnhuo";"warm";"æš– (warm)";"å’Œ (together)";"Other words using this character: è¯—å’Œè¿œæ–¹; æˆ‘ä¼™å‘†";"ğŸ‡ è“å¿˜æœºçš„æ€€æŠ±æ€»æ˜¯è®©äººæ„Ÿåˆ°æ¸©æš–å’Œå®‰å¿ƒã€‚";"Lan Wangji's embrace always makes people feel warm and at ease.";"ğŸ‡ è“æ›¦è‡£çš„å¾®ç¬‘æ€»æ˜¯ç»™äººä¸€ç§æ¸©å’Œæš–å’Œçš„æ„Ÿè§‰ã€‚";"Lan Xichen's smile always gives people a gentle and warm feeling.";"ğŸ‡ é‡‘å‡Œçš„æ€§æ ¼è™½ç„¶ç«çˆ†ï¼Œä½†å†…å¿ƒæ€»æ˜¯æ¸©å’Œæš–å’Œçš„ã€‚";"Although Jin Ling's temperament is fiery, his heart is always gentle and warm."
"å¶å°”";"Ç’uâ€™Ä›r";"/occasionally/once in a while/sometimes/";"å¶ (pair)";"Other words using this character: å¶é‡ (Ç’u yÃ¹); åœŸå¶ (tÇ” Ç’u); å¶åƒåŒ…è¢± (Ç’u xiÃ ng bÄo fu)";"å°” (thus)";"ğŸ‡ é­æ— ç¾¡å¶å°”ä¼šåœ¨äº‘æ·±ä¸çŸ¥å¤„çš„æ¹–è¾¹å‚é’“ã€‚";"Wei Wuxian occasionally fishes by the lake in the Cloud Recesses.";"ğŸ‡ è“æ¹›å¶å°”ä¼šåœ¨äº‘æ·±ä¸çŸ¥å¤„çš„ç«¹æ—ä¸­å¼¹ç´ã€‚";"Lan Zhan occasionally plays the qin in the bamboo forest of the Cloud Recesses.";"ğŸ‡ æ¸©æƒ…å¶å°”ä¼šåœ¨è¯ç‹è°·é‡‡é›†è‰è¯ã€‚";"Wen Qing occasionally collects herbs in the Herb-Collecting Valley.";"ğŸ‡ é‡‘å‡Œå¶å°”ä¼šåœ¨äº‘æ·±ä¸çŸ¥å¤„çš„ä¹¦æˆ¿é‡Œç‹¬è‡ªé˜…è¯»ã€‚";"Jin Ling occasionally reads alone in the study of the Cloud Recesses.";"ğŸ‡ è“æ›¦è‡£å¶å°”ä¼šåœ¨äº‘æ·±ä¸çŸ¥å¤„çš„èŠ±å›­é‡Œæ•£æ­¥ã€‚";"Lan Xichen occasionally takes a walk in the garden of the Cloud Recesses."
"æ’é˜Ÿ";"pÃ¡iduÃ¬";"queue";"æ’ (arrange)";"Other words using this character: å¼ºæ’";"é˜Ÿ (team)";"Other words using this character: ç«™é˜Ÿ";"ğŸ‡ è“æ›¦è‡£åœ¨é—¨å£æ’é˜Ÿç­‰ç€è¿›å…¥äº‘æ·±ä¸çŸ¥å¤„ã€‚";"Lan Xichen lined up at the gate waiting to enter the Cloud Recesses.";"ğŸ‡ é‡‘å‡Œå’Œå…¶ä»–å°æœ‹å‹æ’é˜Ÿä¸Šå­¦ï¼Œäº•äº•æœ‰æ¡ã€‚";"Jin Ling and the other children line up for school in an orderly manner.";"ğŸ‡ è“å¿˜æœºä¸å–œæ¬¢æ’é˜Ÿï¼Œæ€»æ˜¯ç›´æ¥èµ°è¿›å»ã€‚";"Lan Wangji doesn't like to line up and always walks in directly.";"ğŸ‡ æ¸©æƒ…å¸¦ç€æ¸©å®æ’é˜Ÿä¹°ç³–è‘«èŠ¦ã€‚";"Wen Qing lined up with Wen Ning to buy candied haws.";"ğŸ‡ é­æ— ç¾¡ä¸å–œæ¬¢æ’é˜Ÿï¼Œæ€»æ˜¯å–œæ¬¢æ’é˜Ÿã€‚";"Wei Wuxian doesn't like to line up and always likes to cut in line."
"æ’åˆ—";"pÃ¡iliÃ¨";"/to arrange in order/(math.) permutation/";"æ’ (arrange)";"Other words using this character: å¼ºæ’";"åˆ— (arrange)";"Other words using this character: ä¸€åˆ—ç«è½¦ (yÄ«liÃ¨ huÇ’chÄ“); ä»¥è‰²åˆ— (yÇsÃ¨liÃ¨)";"ğŸ‡ é­æ— ç¾¡å°†ä¹¦ç±æ’åˆ—æ•´é½ï¼Œæ‘†æ”¾åœ¨ä¹¦æ¶ä¸Šã€‚";"Wei Wuxian arranged the books neatly and placed them on the bookshelf.";"ğŸ‡ è“æ¹›æ’åˆ—ç€ç´è°±ï¼Œå‡†å¤‡å¼€å§‹æ¼”å¥ã€‚";"Lan Zhan arranged the music scores and prepared to play.";"ğŸ‡ æ¸©æƒ…æ’åˆ—è¯æï¼Œå‡†å¤‡ç‚¼åˆ¶çµä¸¹å¦™è¯ã€‚";"Wen Qing arranged the medicinal materials, preparing to refine elixirs.";"ğŸ‡ é‡‘å‡Œæ’åˆ—ç€å®¶æ—å›¾è°±ï¼Œç ”ç©¶å®¶æ—å†å²ã€‚";"Jin Ling arranged the family tree and studied the family history.";"ğŸ‡ è“æ›¦è‡£æ’åˆ—ç€æ–‡æˆ¿å››å®ï¼Œå‡†å¤‡æŒ¥æ¯«æ³¼å¢¨ã€‚";"Lan Xichen arranged the Four Treasures of the Study and prepared to paint and write."
"åˆ¤æ–­";"pÃ nduÃ n";"/to judge/to determine/judgment/";"åˆ¤ (judge/decide)";"Other words using this character: æ‰¹åˆ¤ (pÄ«pÃ n); åˆ¤ (pÃ n)";"æ–­ (break)";"Other words using this character: æ–­çœ‰";"ğŸ‡ è“å¿˜æœºä»ä¸è½»æ˜“å¯¹äººåˆ¤æ–­ã€‚";"Lan Wangji never judges people easily.";"ğŸ‡ é­æ— ç¾¡çš„åˆ¤æ–­åŠ›åœ¨å…³é”®æ—¶åˆ»å‘æŒ¥äº†é‡è¦ä½œç”¨ã€‚";"Wei Wuxian's judgment played a crucial role at a critical moment.";"ğŸ‡ æ¸©æƒ…çš„åˆ¤æ–­æ€»æ˜¯å‡†ç¡®æ— è¯¯ï¼Œè®©äººä½©æœã€‚";"Wen Qing's judgment is always accurate and admirable.";"ğŸ‡ é‡‘å‡Œä¸æ„¿æ„æ¥å—åˆ«äººå¯¹ä»–çš„åˆ¤æ–­ã€‚";"Jin Ling is unwilling to accept others' judgment of him.";"ğŸ‡ è“æ›¦è‡£çš„åˆ¤æ–­åŠ›ç»å¸¸è¢«äººæ‰€ä½©æœã€‚";"Lan Xichen's judgment is often admired by others."
"é™ª";"pÃ©i";"accompany/ spend time with";"é™ª (accomany)";"Other words using this character: é™ªè·‘ (pÃ©i pÇo)";"ğŸ‡ é­æ— ç¾¡é™ªè“å¿˜æœºä¸€èµ·å¼¹ç´ï¼Œä¸¤äººé»˜å¥‘åè¶³ã€‚";"Wei Wuxian accompanied Lan Wangji to play the qin, and the two of them were in perfect harmony.";"ğŸ‡ è“æ›¦è‡£é™ªé‡‘å‡Œä¸€èµ·ä¿®ç‚¼ï¼Œç»™äºˆä»–å¾ˆå¤šæŒ‡å¯¼ã€‚";"Lan Xichen accompanied Jin Ling to cultivate, giving him a lot of guidance.";"ğŸ‡ é‡‘å‡Œé™ªç€è“å¿˜æœºä¸€èµ·å·¡æŸ¥ï¼Œä¿æŠ¤å®¶æ—çš„å®‰å…¨ã€‚";"Jin Ling accompanied Lan Wangji on patrol to protect the safety of the family.";"ğŸ‡ è“å¿˜æœºé™ªç€é­æ— ç¾¡ä¸€èµ·æ¢ç´¢è¿·å®«ï¼Œå…±åŒé¢å¯¹é‡é‡å±æœºã€‚";"Lan Wangji accompanied Wei Wuxian to explore the maze, facing numerous crises together.";"ğŸ‡ æ±Ÿæ¾„é™ªç€æ±ŸåŒç¦»ä¸€èµ·å¤„ç†å®¶æ—äº‹åŠ¡ï¼Œåˆ†æ‹…å¥¹çš„å‹åŠ›ã€‚";"Jiang Cheng accompanied Jiang Yanli to handle family affairs, sharing her pressure."
"æ‰¹è¯„";"pÄ«pÃ­ng";"criticism";"æ‰¹ (criticize)";"Other words using this character: å¦ˆå–æ‰¹";"è¯„ (comment)";"ğŸ‡ è“å¿˜æœºä»ä¸éšæ„æ‰¹è¯„åˆ«äººã€‚";"Lan Wangji never criticizes others casually.";"ğŸ‡ é­æ— ç¾¡å¯¹è‡ªå·±çš„è¡Œä¸ºæŒç»­è¿›è¡Œè‡ªæˆ‘æ‰¹è¯„ã€‚";"Wei Wuxian continues to criticize his own behavior.";"ğŸ‡ è“æ›¦è‡£æ€»æ˜¯ç»™äºˆå»ºè®¾æ€§çš„æ‰¹è¯„ã€‚";"Lan Xichen always gives constructive criticism.";"ğŸ‡ é‡‘å‡Œä¸å–œæ¬¢å—åˆ°æ‰¹è¯„ï¼Œä½†ä»–æ€»æ˜¯å°Šé‡åˆ«äººçš„æ„è§ã€‚";"Jin Ling doesn't like to be criticized, but he always respects others' opinions.";"ğŸ‡ æ±ŸåŒç¦»å¯¹è‡ªå·±çš„å¦¹å¦¹ä»ä¸åå•¬æ‰¹è¯„ã€‚";"Jiang Yanli never hesitates to criticize her younger sister."
"çš®è‚¤";"pÃ­fÅ«";"skin";"çš® (leather)";"Other words using this character: è¥¿çš® (xÄ« pÃ­); çš® (pÃ­); çš®ä¸‹ (pÃ­ xiÃ )";"è‚¤ (skin)";"ğŸ‡ è“å¿˜æœºçš„çš®è‚¤ç™½çš™è€ŒæŸ”æ»‘ï¼Œä»¤äººç¾¡æ…•ã€‚";"Lan Wangji's skin was fair and smooth, enviable by others.";"ğŸ‡ é­æ— ç¾¡åœ¨é˜³å…‰ä¸‹æ™’é»‘äº†çš®è‚¤ï¼Œçœ‹èµ·æ¥æ›´åŠ é˜³å…‰ã€‚";"Wei Wuxian tanned his skin in the sun, looking even more radiant.";"ğŸ‡ é‡‘å‡Œçš„çš®è‚¤å› ä¸ºä¿®ç‚¼è€Œå˜å¾—æ›´åŠ å…‰æ»‘ç»†è…»ã€‚";"Jin Ling's skin became smoother and more delicate due to cultivation.";"ğŸ‡ è“æ›¦è‡£çš„çš®è‚¤å› ä¸ºé•¿æœŸä¿®è¡Œè€Œå˜å¾—é»é»‘ï¼Œä½†ä¾ç„¶å……æ»¡å¥åº·å…‰æ³½ã€‚";"Lan Xichen's skin became tanned due to long-term cultivation, but still retained a healthy luster.";"ğŸ‡ é­æ— ç¾¡åœ¨ç‚¼è¯æ—¶ä¸æ…çƒ§ä¼¤äº†çš®è‚¤ï¼Œä½†å¾ˆå¿«å°±åº·å¤äº†ã€‚";"Wei Wuxian accidentally burned his skin while refining medicine, but he quickly recovered."
"è„¾æ°”";"pÃ­qi";"/character; temperament; disposition/bad temper/CL:è‚¡[gu3]/";"è„¾ (spleen)";"æ°” (air)";"Other words using this character: å…ƒæ°”; æˆ¾æ°”; è¿‡æ°”ç½‘çº¢; éœ¸æ°”ä¾§æ¼; éœ¸æ°”å¤–éœ² (bÃ  qÃ¬ wÃ i lÃ¹)";"ğŸ‡ é­æ— ç¾¡è„¾æ°”ç«çˆ†ï¼Œä½†æ˜¯å¿ƒåœ°å–„è‰¯ã€‚";"Wei Wuxian has a hot temper, but he has a kind heart.";"ğŸ‡ è“å¿˜æœºè„¾æ°”æ¸©å’Œï¼Œä»ä¸è½»æ˜“å‘ç«ã€‚";"Lan Wangji has a gentle temperament and never gets angry easily.";"ğŸ‡ è“æ›¦è‡£è„¾æ°”å¾ˆå¥½ï¼Œæ€»æ˜¯èƒ½å¤ŸåŒ…å®¹åˆ«äººçš„è¿‡å¤±ã€‚";"Lan Xichen has a good temper and is always able to tolerate others' faults.";"ğŸ‡ é‡‘å‡Œè„¾æ°”å€”å¼ºï¼Œä½†æ˜¯å¯¹æœ‹å‹å¾ˆå¿ è¯šã€‚";"Jin Ling has a stubborn temper, but he is very loyal to his friends.";"ğŸ‡ é­æ— ç¾¡è„¾æ°”è™½ç„¶æ€¥èºï¼Œä½†æ˜¯å¯¹æœ‹å‹å¾ˆå®½å®¹ã€‚";"Although Wei Wuxian has a quick temper, he is very tolerant of his friends."
"ç¯‡";"piÄn";"/sheet/piece of writing/bound set of bamboo slips used for record keeping (old)/classifier for written items: chapter, article/";"ç¯‡ (piece of writing)"
"éª—";"piÃ n";"/to cheat/to swindle/to deceive/to get on (a horse etc) by swinging one leg over/";"éª— (cheat)";"Other words using this character: ç…§éª—"
"ä¹’ä¹“çƒ";"pÄ«ngpÄngqiÃº";"/table tennis/ping-pong/table tennis ball/CL:å€‹|ä¸ª[ge4]/";"ä¹’ (ping)";"ä¹“ (bang)";"çƒ (ball)";"Other words using this character: ç¯®çƒé˜Ÿ (lÃ¡nqiÃºduÃ¬); çƒæ£ (qiÃºgÃ¹n); æ£’çƒæ£’ (bÃ ngqiÃºbÃ ng); å…¨çƒå˜æš– (quÃ¡nqiÃº biÃ nnuÇn); å…¨çƒæš–åŒ– (quÃ¡nqiÃº nuÇnhuÃ )";"ğŸ‡ é­æ— ç¾¡å’Œè“å¿˜æœºç»å¸¸ä¸€èµ·æ‰“ä¹’ä¹“çƒã€‚";"Wei Wuxian and Lan Wangji often play table tennis together.";"ğŸ‡ è“æ›¦è‡£åœ¨ä¹’ä¹“çƒæ¯”èµ›ä¸­ä¸€ç›´ä¿æŒç€å†·é™ã€‚";"Lan Xichen remains calm during the table tennis match.";"ğŸ‡ é‡‘å‡Œçš„ä¹’ä¹“çƒæŠ€æœ¯éå¸¸å¥½ï¼Œä»–ç»å¸¸å‚åŠ æ¯”èµ›ã€‚";"Jin Ling is very skilled at table tennis and often participates in competitions.";"ğŸ‡ æ¸©æƒ…å’Œæ¸©å®åœ¨ä¹’ä¹“çƒæ¯”èµ›ä¸­æ€»æ˜¯ä¸€èµ·åˆä½œã€‚";"Wen Qing and Wen Ning always cooperate in table tennis matches.";"ğŸ‡ è“å¿˜æœºçš„ä¹’ä¹“çƒæŠ€æœ¯å¾ˆæ£’ï¼Œä»–å¾ˆå°‘è¾“ç»™åˆ«äººã€‚";"Lan Wangji has excellent table tennis skills and rarely loses to others."
"å¹³æ—¶";"pÃ­ngshÃ­";"/ordinarily/in normal times/in peacetime/";"å¹³ (flat)";"Other words using this character: èººå¹³ (tÇngpÃ­ng); å¹³ç­‰ (pÃ­ngdÄ›ng); å¹³åº•ç…é”… (pÃ­ngdÇ jiÄnguÅ); å…¬å¹³ (gÅngpÃ­ng); å¹³é™ (pÃ­ngjÃ¬ng)";"æ—¶ (time)";"Other words using this character: è´¤è€…æ—¶é—´; é«˜å…‰æ—¶åˆ»";"ğŸ‡ é­æ— ç¾¡å¹³æ—¶æ€»æ˜¯ç¬‘å˜»å˜»çš„ï¼Œå¾ˆå°‘æœ‰äººçœ‹åˆ°ä»–çš„æ‚²ä¼¤ã€‚";"Wei Wuxian is usually smiling and cheerful; few people see his sadness.";"ğŸ‡ è“å¿˜æœºå¹³æ—¶ä¸è‹Ÿè¨€ç¬‘ï¼Œä½†å¯¹é­æ— ç¾¡æ€»æ˜¯å¦æœ‰ä¸€ç•ªæ€åº¦ã€‚";"Lan Wangji is usually serious, but he always has a different attitude towards Wei Wuxian.";"ğŸ‡ æ¸©æƒ…å¹³æ—¶æ€»æ˜¯é»˜é»˜æ— é—»ï¼Œä½†å¯¹é­æ— ç¾¡å´æ— æ¡ä»¶å¿ å¿ƒã€‚";"Wen Ning is usually low-key, but he is unconditionally loyal to Wei Wuxian.";"ğŸ‡ è“æ›¦è‡£å¹³æ—¶æ€»æ˜¯æ¸©æ–‡å°”é›…ï¼Œæ˜¯äº²æœ‹å¥½å‹å¿ƒç›®ä¸­çš„æ¥·æ¨¡ã€‚";"Lan Xichen is usually gentle and refined, a role model in the eyes of friends and family."
"ç ´";"pÃ²";"/broken/damaged/worn out/lousy/rotten/to break, split or cleave/to get rid of/to destroy/to break with/to defeat/to capture (a city etc)/to expose the truth of/";"ç ´ (broken)";"Other words using this character: æ€ä¹ˆç ´"
"è‘¡è„";"pÃºtao";"/grape/";"è‘¡ (Portugal)";"Other words using this character: è‘¡è„é…’";"è„ (grape)";"Other words using this character: è‘¡è„é…’";"ğŸ‡ é­æ— ç¾¡å–œæ¬¢åƒè‘¡è„ï¼Œå°¤å…¶æ˜¯çº¢è‰²çš„ã€‚";"Wei Wuxian likes to eat grapes, especially the red ones.";"ğŸ‡ è“å¿˜æœºåœ¨ç”°é—´ç§äº†å¾ˆå¤šè‘¡è„ï¼Œæ¯å¹´éƒ½èƒ½æ”¶è·å¾ˆå¤šã€‚";"Lan Wangji planted a lot of grapes in the field, and he harvests a lot every year.";"ğŸ‡ é‡‘å‡Œæ‹¿ç€ä¸€ä¸²è‘¡è„ï¼Œç¬‘å¾—åˆä¸æ‹¢å˜´ã€‚";"Jin Ling holds a bunch of grapes and smiles from ear to ear.";"ğŸ‡ è‘¡è„å›­é‡Œå¼¥æ¼«ç€æˆç†Ÿè‘¡è„çš„é¦™æ°”ã€‚";"The scent of ripe grapes fills the vineyard.";"ğŸ‡ è“æ›¦è‡£åœ¨æ¹–è¾¹æ‘†äº†ä¸€å¼ æ¡Œå­ï¼Œä¸Šé¢æ‘†æ»¡äº†æ–°é²œçš„è‘¡è„ã€‚";"Lan Xichen set up a table by the lake, covered with fresh grapes."
"æ™®é";"pÇ”biÃ n";"/universal/general/widespread/common/";"æ™® (general)";"Other words using this character: å–œå¤§æ™®å¥” (xÇ dÃ  pÇ” bÄ“n); æ™®å¤©åŒåº†; ç§‘æ™® (kÄ“ pÇ”)";"é (everywhere)";"Other words using this character: éåœ°";"ğŸ‡ å¯¹äºä¿®çœŸè€…æ¥è¯´ï¼Œä¿®ç‚¼æ˜¯ä¸€ç§æ™®éçš„ç”Ÿæ´»æ–¹å¼ã€‚";"For cultivators, cultivation is a universal way of life.";"ğŸ‡ åœ¨è¿™ä¸ªä¸–ç•Œä¸Šï¼Œè´ªå©ªæ˜¯ä¸€ç§æ™®éå­˜åœ¨çš„å¼±ç‚¹ã€‚";"In this world, greed is a universally existing weakness.";"ğŸ‡ å¯¹äºäººç±»æ¥è¯´ï¼Œå¯¹ç¾çš„è¿½æ±‚æ˜¯ä¸€ç§æ™®éçš„å¿ƒç†ã€‚";"For humans, the pursuit of beauty is a common psychological trait.";"ğŸ‡ åœ¨ä¿®çœŸç•Œï¼Œäº‰æ–—æ˜¯ä¸€ç§æ™®éç°è±¡ã€‚";"In the cultivation world, conflict is a widespread phenomenon.";"ğŸ‡ åœ¨è¿™ä¸ªæ‘åº„ï¼Œä¿¡ä»°ç¥çµæ˜¯ä¸€ç§æ™®éçš„ä¹ ä¿—ã€‚";"In this village, the belief in deities is a common custom."
"æ™®é€šè¯";"pÇ”tÅnghuÃ ";"/Mandarin (common language)/Putonghua (common speech of the Chinese language)/ordinary speech/";"æ™® (general)";"Other words using this character: å–œå¤§æ™®å¥” (xÇ dÃ  pÇ” bÄ“n); æ™®å¤©åŒåº†; ç§‘æ™® (kÄ“ pÇ”)";"é€š (through)";"Other words using this character: é€šå‹¤ (tÅngqÃ­n); æ²Ÿé€š (gÅutÅng); äº¤é€š (jiÄotÅng); é€šç”µ (tÅngdiÃ n); å¡é€šç‰‡ (kÇtÅngpiÃ n); æ™®é€š (pÇ”tÅng)";"è¯ (conversation)";"Other words using this character: åœŸå‘³æƒ…è¯; å†·ç¬‘è¯ (lÄ›ng xiÃ o huÃ )"
"å…¶æ¬¡";"qÃ­cÃ¬";"/next/secondly/";"related words";"These two words have similar meanings and usage:å…¶æ¬¡ (qÃ­cÃ¬)This word means ""next"" or ""secondly."" It's used to introduce the next point or step in a sequence or list.æ¥ç€ (jiÄ“zhe)This word also means ""next"" or ""then."" It's used to indicate the continuation or succession of actions or events.Both words can be used to transition to the next point or step in a sequence, but å…¶æ¬¡ (qÃ­cÃ¬) is more commonly used in formal or structured contexts, such as presentations or written documents, while æ¥ç€ (jiÄ“zhe) is more commonly used in everyday speech or informal writing.";"å…¶ (its)";"Other words using this character: å…¶å® (qÃ­shÃ­)";"æ¬¡ (next)";"Other words using this character: æ¬¡å…ƒå£ (cÃ¬ yuÃ¡n bÃ¬)";"ğŸ‡ é­æ— ç¾¡å–œæ¬¢å¼¹ç´ï¼Œå…¶æ¬¡æ‰æ˜¯é…’ã€‚";"Wei Wuxian likes playing the qin, secondly, he likes alcohol.";"ğŸ‡ è“å¿˜æœºæ³¨é‡ç¤¼ä»ªï¼Œå…¶æ¬¡æ‰æ˜¯è¨€è¯­ã€‚";"Lan Wangji values etiquette, secondly, he values speech.";"ğŸ‡ é‡‘å‡Œå–œæ¬¢ç»ƒå‰‘ï¼Œå…¶æ¬¡æ‰æ˜¯è¯»ä¹¦ã€‚";"Jin Ling likes practicing swordsmanship, secondly, he likes reading.";"ğŸ‡ æ±Ÿæ¾„é‡è§†å®¶æ—ï¼Œå…¶æ¬¡æ‰æ˜¯ä¸ªäººæˆå°±ã€‚";"Jiang Cheng values the family, secondly, he values personal achievements.";"ğŸ‡ è“æ›¦è‡£æ³¨é‡å†…å¿ƒä¿®å…»ï¼Œå…¶æ¬¡æ‰æ˜¯å¤–åœ¨å½¢è±¡ã€‚";"Lan Xichen values inner cultivation, secondly, he values outward appearance."
"å…¶ä¸­";"qÃ­zhÅng";"/among/in/included among these/";"å…¶ (its)";"Other words using this character: å…¶å® (qÃ­shÃ­)";"ä¸­ (China)";"Other words using this character: ä¸­å¤®ç©ºè°ƒ; æš—ä¸­è§‚å¯Ÿ";"ğŸ‡ é­æ— ç¾¡åœ¨ä¼—å¤šæ±Ÿæ¹–äººå£«ä¸­ï¼Œæœ‰ç€ç‰¹ç«‹ç‹¬è¡Œçš„é£æ ¼ã€‚";"Among the many rivers and lakes figures, Wei Wuxian has a unique style.";"ğŸ‡ è“æ›¦è‡£åœ¨ä¼—å¤šäº²æˆšä¸­ï¼Œæœ€å–œæ¬¢å’Œé‡‘å‡Œç›¸å¤„ã€‚";"Among many relatives, Lan Xichen enjoys being with Jin Ling the most.";"ğŸ‡ é‡‘å‡Œåœ¨ä¼—å¤šäº²ä¿¡ä¸­ï¼Œæœ€ä¿¡ä»»æ¸©æƒ…ã€‚";"Among many confidants, Jin Ling trusts Wen Qing the most.";"ğŸ‡ æ¸©æƒ…åœ¨ä¼—å¤šåŒ»è€…ä¸­ï¼ŒæŠ€è‰ºæœ€ä¸ºç²¾æ¹›ã€‚";"Among many physicians, Wen Qing's medical skills are the most exquisite.";"ğŸ‡ è“å¿˜æœºåœ¨ä¼—å¤šå‰‘å®¢ä¸­ï¼Œå®åŠ›æœ€ä¸ºå¼ºæ‚ã€‚";"Among many swordsmen, Lan Wangji's strength is the most formidable."
"æ°”å€™";"qÃ¬hÃ²u";"/(meteorology) climate/(fig.) climate; prevailing conditions (in human affairs)/CL:ç¨®|ç§[zhong3]/";"æ°” (air)";"Other words using this character: å…ƒæ°”; æˆ¾æ°”; è¿‡æ°”ç½‘çº¢; éœ¸æ°”ä¾§æ¼; éœ¸æ°”å¤–éœ² (bÃ  qÃ¬ wÃ i lÃ¹)";"å€™ (wait)"
"åƒä¸‡";"qiÄnwÃ n";"/ten million/countless/many/one must by all means/";"åƒ (thousand)";"ä¸‡ (ten thousand)";"ğŸ‡ é­æ— ç¾¡åƒä¸‡ä¸è¦å¿˜è®°å¸¦æŠ¤èº«ç¬¦ã€‚";"Wei Wuxian must by all means remember to bring his protective amulet.";"ğŸ‡ è“å¿˜æœºåƒä¸‡ä¸è¦å¿˜äº†æ¯å¤©ç»ƒç´ã€‚";"Lan Wangji must by all means remember to practice the qin every day.";"ğŸ‡ æ¸©å®åƒä¸‡ä¸è¦å¿˜è®°äº†ä¿æŠ¤å¥½è‡ªå·±ã€‚";"Wen Ning must by all means remember to take care of himself.";"ğŸ‡ é‡‘å‡Œåƒä¸‡ä¸è¦å¿˜äº†ç¤¼è²Œå¾…äººã€‚";"Jin Ling must by all means remember to be polite to others.";"ğŸ‡ æ±Ÿæ¾„åƒä¸‡ä¸è¦å¿˜äº†è‡ªå·±çš„åˆå¿ƒã€‚";"Jiang Cheng must by all means remember his original intention.";"ğŸ‡ è“æ›¦è‡£åƒä¸‡ä¸è¦å¿˜äº†ç…§é¡¾è‡ªå·±çš„èº«ä½“ã€‚";"Lan Xichen must by all means remember to take care of his own health.";"ğŸ‡ é‡‘å­è½©åƒä¸‡ä¸è¦å¿˜äº†å®¶æ—çš„è´£ä»»ã€‚";"Jin Zixuan must by all means remember the responsibilities of the family."
"ç­¾è¯";"qiÄnzhÃ¨ng";"visa";"ç­¾ (sign)";"Other words using this character: æ‹¿å’–å•¡/; åŠç­¾è¯ (bÃ n qiÄnzhÃ¨ng)";"è¯ (certificate)";"Other words using this character: æ‹¿å’–å•¡/; åŠç­¾è¯ (bÃ n qiÄnzhÃ¨ng); èº«ä»½è¯ (shÄ“nfÃ¨nzhÃ¨ng); è®¸å¯è¯ (xÇ”kÄ›zhÃ¨ng); è¯æ˜ (zhÃ¨ngmÃ­ng)";"ğŸ‡ é­æ— ç¾¡éœ€è¦ç­¾è¯æ‰èƒ½å‡ºå›½ã€‚";"Wei Wuxian needs a visa to go abroad.";"ğŸ‡ è“å¿˜æœºåŠç†äº†ä¸€å¼ ç­¾è¯ã€‚";"Lan Wangji applied for a visa.";"ğŸ‡ è“æ›¦è‡£ç­¾è¯è¿‡æœŸäº†ï¼Œéœ€è¦å°½å¿«åŠç†ã€‚";"Lan Xichen's visa has expired and needs to be renewed as soon as possible.";"ğŸ‡ æ¸©æƒ…å¸®åŠ©ä»–ä»¬åŠç†äº†ç­¾è¯ã€‚";"Wen Qing helped them to apply for a visa.";"ğŸ‡ æ¸©å®çš„ç­¾è¯è¢«æ‹’ç»äº†ï¼Œæ— æ³•å‡ºå›½ã€‚";"Wen Ning's visa was rejected, so he cannot go abroad."
"æ•²";"qiÄo";"adj. Strike";"æ•² (to strike)";"Other words using this character: æ•²é»‘æ¿ (qiÄo hÄ“i bÇn)"
"æ¡¥";"qiÃ¡o";"/bridge/CL:åº§[zuo4]/";"æ¡¥ (bridge)";"Other words using this character: é‡‘é—¨å¤§æ¡¥ (jÄ«nmÃ©ndÃ qiÃ¡o)";"ğŸ‡ è“å¿˜æœºå’Œé­æ— ç¾¡åœ¨ä¸€åº§å°æ¡¥ä¸Šç›¸é‡ï¼Œä»é‚£ä¸€åˆ»èµ·ï¼Œä»–ä»¬çš„å‘½è¿å°±äº¤ç»‡åœ¨ä¸€èµ·ã€‚";"Lan Wangji and Wei Wuxian met on a small bridge, and from that moment, their destinies intertwined.";"ğŸ‡ è“æ›¦è‡£å–œæ¬¢åœ¨æ¡¥ä¸Šå¼¹ç´ï¼Œäº«å—å®é™çš„æ—¶å…‰ã€‚";"Lan Xichen likes to play the qin on the bridge, enjoying the peaceful time.";"ğŸ‡ æ¸©æƒ…å’Œæ¸©å®åœ¨æ¡¥ä¸Šæ•£æ­¥ï¼Œäº«å—ç€å®¶æ—çš„å®é™ã€‚";"Wen Qing and Wen Ning take a walk on the bridge, enjoying the tranquility of the family.";"ğŸ‡ è“å¿˜æœºå’Œè“æ›¦è‡£åœ¨æ¡¥ä¸Šæ•£æ­¥ï¼ŒèŠç€å®¶æ—çš„å…´è¡°ã€‚";"Lan Wangji and Lan Xichen take a walk on the bridge, chatting about the rise and fall of the family.";"ğŸ‡ é­æ— ç¾¡å’Œæ±Ÿæ¾„åœ¨æ¡¥ä¸Šç©è€ï¼Œäº«å—ç€ç«¥å¹´çš„å¿«ä¹ã€‚";"Wei Wuxian and Jiang Cheng play on the bridge, enjoying the happiness of childhood."
"å·§å…‹åŠ›";"qiÇokÃ¨lÃ¬";"/chocolate (loanword)/CL:å¡Š|å—[kuai4]/";"å·§ (skillful)";"Other words using this character: å·§å¦™ (qiÇomiÃ o)";"å…‹ (overcome)";"Other words using this character: çˆ±å¸ˆå…‹ (Ã ishÄ«kÃ¨)";"åŠ› (power)";"Other words using this character: å®åŠ› (shÃ­lÃ¬); æ´ªè’ä¹‹åŠ› (hÃ³ng huÄng zhÄ« lÃ¬); ç”·å‹åŠ› (nÃ¡n yÇ’u lÃ¬); æ±¡åŠ›æ»”æ»” (wÅ« lÃ¬ tÄo tÄo); ç”¨åŠ›è¿‡çŒ›";"ğŸ‡ é­æ— ç¾¡é€ç»™è“å¿˜æœºä¸€ç›’å·§å…‹åŠ›ã€‚";"Wei Wuxian gave a box of chocolates to Lan Wangji.";"ğŸ‡ è“å¿˜æœºå–œæ¬¢åƒé»‘å·§å…‹åŠ›ã€‚";"Lan Wangji likes to eat dark chocolate.";"ğŸ‡ æ¸©æƒ…åœ¨èŠ‚æ—¥æ—¶å–œæ¬¢é€å·§å…‹åŠ›ç»™æ¸©å®ã€‚";"Wen Qing likes to give chocolates to Wen Ning during festivals.";"ğŸ‡ é‡‘å‡Œæœ€å–œæ¬¢åƒå·§å…‹åŠ›è›‹ç³•ã€‚";"Jin Ling's favorite is chocolate cake.";"ğŸ‡ è“æ›¦è‡£å–œæ¬¢ç”¨å·§å…‹åŠ›åˆ¶ä½œç”œç‚¹ã€‚";"Lan Xichen likes to make desserts with chocolate."
"äº²æˆš";"qÄ«nqi";"extended family?";"äº² (relative)";"Other words using this character: äº²å¦ˆç²‰; äº²æµ‹æœ‰æ•ˆ";"æˆš (grief)";"ğŸ‡ è“æ¹›çš„äº²æˆšä¸­æœ‰ä¸å°‘ä¿®è¡Œçš„äººã€‚";"Lan Zhan has many relatives who are cultivators.";"ğŸ‡ é­æ— ç¾¡å’Œæ±Ÿæ¾„æ˜¯äº²æˆšï¼Œä½†ä»–ä»¬çš„å…³ç³»å¹¶ä¸å’Œç¦ã€‚";"Wei Wuxian and Jiang Cheng are relatives, but their relationship is not harmonious.";"ğŸ‡ è“æ›¦è‡£å¯¹äº²æˆšæœ‹å‹æ€»æ˜¯å¾ˆçƒ­æƒ…ã€‚";"Lan Xichen is always very warm towards his relatives and friends.";"ğŸ‡ æ¸©æƒ…å’Œæ¸©å®æ˜¯äº²æˆšå…³ç³»ï¼Œä½†ä»–ä»¬ä¹‹é—´æ›´åƒå…„å¼Ÿã€‚";"Wen Qing and Wen Ning are relatives, but their relationship is more like siblings."
"è½»";"qÄ«ng";"/light/easy/gentle/soft/reckless/unimportant/frivolous/small in number/unstressed/neutral/to disparage/";"related words";"These words have different meanings and usage:è½» (qÄ«ng)This word means ""light"" or ""not heavy."" It's used to describe physical weight or the degree of force or pressure, such as ""è½»æ¾"" (qÄ«ngsÅng) meaning ""relaxed"" or ""light-hearted.""å…‰ (guÄng)This word means ""light"" or ""radiance."" It's used to describe illumination, brightness, or light in a literal or metaphorical sense, such as ""å…‰æ˜"" (guÄngmÃ­ng) meaning ""brightness"" or ""light.""è½»æ¾ (qÄ«ngsÅng)This word means ""relaxed"" or ""easy."" It's used to describe a state of being free from tension, stress, or difficulty, such as ""è½»æ¾æ„‰å¿«"" (qÄ«ngsÅng yÃºkuÃ i) meaning ""relaxed and happy.""For example, you could use è½» (qÄ«ng) to describe the physical weight of an object, å…‰ (guÄng) to describe the brightness of a light, and è½»æ¾ (qÄ«ngsÅng) to describe a relaxed or easy-going state of being.";"è½» (light)";"Other words using this character: è½»æ‹"
"è½»æ¾";"qÄ«ngsÅng";"easy";"related words";"è½»æ¾ (qÄ«ngsÅng)Refers to a relaxed, easy, or light-hearted state or feeling. It's used to describe a comfortable or stress-free situation.è½» (qÄ«ng)This word means light or gentle, and can be used to describe physical weight or the intensity of something. It's not typically used to convey the same sense of ease or relaxation as è½»æ¾ (qÄ«ngsÅng).For example, you can say ""è¿™ä¸ªå·¥ä½œå¾ˆè½»æ¾"" (zhÃ¨ge gÅngzuÃ² hÄ›n qÄ«ngsÅng) to mean ""This job is very easy and relaxed,"" but you wouldn't say ""è¿™ä¸ªå·¥ä½œå¾ˆè½»"" (zhÃ¨ge gÅngzuÃ² hÄ›n qÄ«ng) to convey the same meaning.";"è½» (light)";"Other words using this character: è½»æ‹";"æ¾ (pine)";"Other words using this character: æ”¾æ¾ (fÃ ngsÅng)"
"æƒ…å†µ";"qÃ­ngkuÃ ng";"situation";"related words";"æƒ…å†µ (qÃ­ngkuÃ ng)Refers to a situation, condition, or circumstances. It's a general term used to describe the state of affairs or the specifics of a particular situation.æ¡ä»¶ (tiÃ¡ojiÃ n)This word specifically refers to conditions, terms, or requirements. It's used to describe the specific criteria or prerequisites that need to be met for something.For example, you can say ""æˆ‘ä¸çŸ¥é“ä»–çš„æƒ…å†µ"" (wÇ’ bÃ¹ zhÄ«dÃ o tÄ de qÃ­ngkuÃ ng) to mean ""I don't know his situation,"" but you wouldn't say ""æˆ‘ä¸çŸ¥é“ä»–çš„æ¡ä»¶"" (wÇ’ bÃ¹ zhÄ«dÃ o tÄ de tiÃ¡ojiÃ n) in the same context.";"æƒ… (feelings)";"Other words using this character: zqsg; è¡¨æƒ…ç®¡ç† (biÇo qÃ­ng guÇn lÇ); åœŸå‘³æƒ…è¯; æƒ…æ€€; è¡¨æƒ…åŒ… (biÇo qÃ­ng bÄo)";"å†µ (moreover)";"Other words using this character: çœ‹æƒ…å†µ (kÃ n qÃ­ngkuÃ ng)";"ğŸ‡ é­æ— ç¾¡äº†è§£äº†æ•´ä¸ªæƒ…å†µã€‚";"Wei Wuxian understood the whole situation.";"ğŸ‡ è“å¿˜æœºå¯¹æƒ…å†µäº†å¦‚æŒ‡æŒã€‚";"Lan Wangji is well-informed about the circumstances.";"ğŸ‡ æ¸©æƒ…å‘å¤§å®¶æ±‡æŠ¥äº†æœ€æ–°çš„æƒ…å†µã€‚";"Wen Qing briefed everyone on the latest situation.";"ğŸ‡ æ¸©å®åœ¨å±æ€¥æƒ…å†µä¸‹ä¿æŠ¤äº†å¤§å®¶ã€‚";"Wen Ning protected everyone in a critical situation.";"ğŸ‡ è“æ›¦è‡£å–„äºå¤„ç†å„ç§å¤æ‚æƒ…å†µã€‚";"Lan Xichen is adept at handling various complex situations."
"ç©·";"qiÃ³ng";"/poor/destitute/to use up/to exhaust/thoroughly/extremely/(coll.) persistently and pointlessly/";"related words";"ç©· (qiÃ³ng)Means poor or impoverished, often in the sense of lacking material wealth or resources.å¯æ€œ (kÄ›liÃ¡n)Means pitiful or pathetic, often used to express sympathy or compassion for someone's unfortunate situation.For example, you can say ""ä»–å®¶å¾ˆç©·"" (tÄ jiÄ hÄ›n qiÃ³ng) to mean ""His family is very poor,"" but you wouldn't say ""ä»–å®¶å¾ˆå¯æ€œ"" (tÄ jiÄ hÄ›n kÄ›liÃ¡n) to convey the same meaning.";"ç©· (poor)";"Other words using this character: ç©·äºº (qiÃ³ngrÃ©n)"
"åŒºåˆ«";"qÅ«biÃ©";"/difference/to distinguish/to discriminate/to make a distinction/CL:å€‹|ä¸ª[ge4]/";"åŒº (area)";"Other words using this character: éƒŠåŒº (jiÄoqÅ«); æ—¶åŒº (shÃ­ qÅ«); åŒº (qÅ«); å•†ä¸šåŒº (shÄngyÃ¨qÅ«); ä½å®…åŒº (zhÃ¹zhÃ¡iqÅ«); æ¹¾åŒº (wÄnqÅ«); æ—…æ¸¸åŒº (lÇšyÃ³uqÅ«); ç¤¾åŒº (shÃ¨qÅ«)";"åˆ« (leave)"
"å–";"qÇ”";"to get/ fetch (formal)";"related words";"å– (qÇ”)Means to take, fetch, or obtain. It's used to describe the action of acquiring or retrieving something.æ‹¿ (nÃ¡)Means to hold, grasp, or take. It's used to describe the physical action of taking or holding something.èµ·é£ (qÇfÄ“i)Means to take off, specifically used in the context of aircraft or flight departure.For example, you can say ""æˆ‘å»å–å¿«é€’"" (wÇ’ qÃ¹ qÇ” kuÃ idÃ¬) to mean ""I'm going to pick up a delivery,"" but you wouldn't say ""æˆ‘å»æ‹¿å¿«é€’"" (wÇ’ qÃ¹ nÃ¡ kuÃ idÃ¬) in the same context. Similarly, you can say ""é£æœºå°†èµ·é£"" (fÄ“ijÄ« jiÄng qÇfÄ“i) to mean ""The plane will take off,"" but you wouldn't use å– (qÇ”) or æ‹¿ (nÃ¡) in this context.";"å– (take)";"Other words using this character: å–å…³";"ğŸ‡ é­æ— ç¾¡å–äº†ä¸€æŠŠå‰‘ï¼Œå‡†å¤‡å‡ºå‘ã€‚";"Wei Wuxian took a sword and prepared to set off.";"ğŸ‡ è“å¿˜æœºå–å‡ºä¸€æšä¿¡ç‰©ï¼Œäº¤ç»™äº†é­æ— ç¾¡ã€‚";"Lan Wangji took out a token and handed it to Wei Wuxian.";"ğŸ‡ æ¸©æƒ…å–äº†ä¸€äº›è¯æï¼Œå¼€å§‹ç‚¼åˆ¶çµä¸¹å¦™è¯ã€‚";"Wen Qing took some medicinal materials and started refining elixirs.";"ğŸ‡ è“æ›¦è‡£å–äº†ä¸€æœ¬å¤ç±ï¼Œå¼€å§‹ç ”ç©¶å…¶ä¸­çš„ç¦æœ¯ã€‚";"Lan Xichen took out an ancient book and began studying the forbidden techniques within.";"ğŸ‡ é‡‘å‡Œå–äº†ä¸€äº›é›¶èŠ±é’±ï¼Œå‡†å¤‡å»ä¹°æ–°ç©å…·ã€‚";"Jin Ling took some pocket money and prepared to buy new toys."
"å…¨éƒ¨";"quÃ¡nbÃ¹";"/whole; all/";"å…¨ (all)";"éƒ¨ (department)";"Other words using this character: è€å¹²éƒ¨";"ğŸ‡ é­æ— ç¾¡æŠŠå…¨éƒ¨çš„äº‹æƒ…éƒ½äº¤ä»£æ¸…æ¥šäº†ï¼Œä¸ç•™ä»»ä½•ç–‘é—®ã€‚";"Wei Wuxian explained everything clearly, leaving no room for doubt.";"ğŸ‡ è“å¿˜æœºçš„å…¨éƒ¨å¿ƒæ€éƒ½æ”¾åœ¨äº†æŠšç´ä¸Šï¼Œä»¿ä½›ä¸–ç•Œåªå‰©ä¸‹ä»–å’Œç´éŸ³ã€‚";"Lan Wangji's entire mind was focused on playing the guqin, as if the world only consisted of him and the music.";"ğŸ‡ æ¸©æƒ…æŠŠå…¨éƒ¨çš„ç²¾åŠ›éƒ½æŠ•å…¥åˆ°åŒ»æ²»ä¼¤å‘˜çš„å·¥ä½œä¸­ï¼Œæ—¥å¤œä¸åœã€‚";"Wen Qing devoted all her energy to the work of treating the wounded, day and night.";"ğŸ‡ é­æ— ç¾¡çš„å…¨éƒ¨ç²¾åŠ›éƒ½æ”¾åœ¨äº†è§£å†³é—®é¢˜ä¸Šï¼Œä¸å®¹åˆ†å¿ƒã€‚";"Wei Wuxian's entire focus was on solving the problem, without any distractions.";"ğŸ‡ è“æ›¦è‡£çš„å…¨éƒ¨å¿ƒæ€éƒ½æ”¾åœ¨äº†æŠšç´ä¸Šï¼Œä»¿ä½›ä¸–ç•Œåªå‰©ä¸‹ä»–å’Œç´éŸ³ã€‚";"Lan Xichen's entire mind was focused on playing the guqin, as if the world only consisted of him and the music."
"ç¼ºç‚¹";"quÄ“diÇn";"shortcoming";"ç¼º (lack)";"ç‚¹ (point)";"Other words using this character: Gç‚¹; æ§½ç‚¹æ»¡æ»¡; ç‚¹èµä¹‹äº¤; ç¬‘ç‚¹ (xiÃ o diÇn)";"ğŸ‡ é­æ— ç¾¡çš„ç¼ºç‚¹æ˜¯å¤ªè¿‡äºè°ƒçš®æ£è›‹ã€‚";"Wei Wuxian's shortcoming is being too mischievous.";"ğŸ‡ è“å¿˜æœºçš„ç¼ºç‚¹æ˜¯å¤ªè¿‡äºæ‰§ç€ã€‚";"Lan Wangji's weakness is being too persistent.";"ğŸ‡ é‡‘å‡Œçš„ç¼ºç‚¹æ˜¯å¤ªè¿‡äºæ€¥èºã€‚";"Jin Ling's fault is being too impatient.";"ğŸ‡ è“æ›¦è‡£çš„ç¼ºç‚¹æ˜¯å¤ªè¿‡äºå®½å®¹ã€‚";"Lan Xichen's shortcoming is being too tolerant.";"ğŸ‡ æ¸©æƒ…çš„ç¼ºç‚¹æ˜¯å¤ªè¿‡äºç›´ç‡ã€‚";"Wen Qing's weakness is being too straightforward."
"ç¼ºå°‘";"quÄ“shÇo";"/lack/shortage of/shortfall/to be short (of)/to lack/";"ç¼º (lack)";"Other words using this character: ç¼ºç‚¹ (quÄ“diÇn)";"å°‘ (few)";"Other words using this character: å·²å©šå°‘å¥³ (yÇ hÅ«n shÃ o nÇš); ç½‘ç˜¾å°‘å¥³; å°‘å¥³å¿ƒ (shÃ o nÇš xÄ«n)";"ğŸ‡ é­æ— ç¾¡çš„è®¡åˆ’ç¼ºå°‘äº†ä¸€äº›é‡è¦çš„ç»†èŠ‚ã€‚";"Wei Wuxian's plan lacks some important details.";"ğŸ‡ è“å¿˜æœºçš„ç”Ÿæ´»ä¸­å¹¶ä¸ç¼ºå°‘é‡‘é’±ï¼Œä½†å´ç¼ºå°‘äº†ä¸€ä»½çœŸæŒšçš„å‹æƒ…ã€‚";"Lan Wangji's life is not lacking in money, but it lacks a sincere friendship.";"ğŸ‡ æ¸©æƒ…çš„è¯ç®±ç¼ºå°‘ä¸€äº›è¯æï¼Œéœ€è¦å°½å¿«è¡¥å……ã€‚";"Wen Qing's medicine box lacks some medicinal materials and needs to be replenished as soon as possible.";"ğŸ‡ è“æ›¦è‡£çš„ä¹¦æˆ¿å¹¶ä¸ç¼ºå°‘ä¹¦ç±ï¼Œä½†å´ç¼ºå°‘äº†ä¸€ä»½æ¸©æš–çš„å®¶åº­æ°›å›´ã€‚";"Lan Xichen's study is not lacking in books, but it lacks a warm family atmosphere.";"ğŸ‡ é‡‘å‡Œçš„ç”Ÿæ´»å¹¶ä¸ç¼ºå°‘ç‰©è´¨äº«å—ï¼Œä½†å´ç¼ºå°‘äº†çˆ¶æ¯çš„å…³çˆ±ã€‚";"Jin Ling's life is not lacking in material enjoyment, but it lacks the love of his parents."
"å´";"quÃ¨";"/but/yet/however/while/to go back/to decline/to retreat/nevertheless/even though/";"related words";"å´ (quÃ¨)This word is used to indicate a contrast or contradiction between two clauses or sentences. It can be translated as ""but,"" ""yet,"" ""however,"" or ""nevertheless,"" and is used to express unexpected or contradictory information.å¯æ˜¯ (kÄ›shÃ¬), ä»ç„¶ (rÃ©nglÃ¬), è€Œ (Ã©r), å€’ (dÃ o), ç„¶è€Œ (rÃ¡n'Ã©r), ä¸è¿‡ (bÃ¹guÃ²)These are synonyms for expressing contrast, contradiction, or concession, but each has its own specific usage. å¯æ˜¯ (kÄ›shÃ¬) is used to convey a contrast or contradiction, similar to ""but"" or ""however."" ä»ç„¶ (rÃ©nglÃ¬) means ""still"" or ""yet,"" and is used to indicate that a situation or condition persists. è€Œ (Ã©r) is used to connect two clauses or ideas, similar to ""and"" or ""while."" å€’ (dÃ o) is used to express a contrast or unexpected outcome. ç„¶è€Œ (rÃ¡n'Ã©r) is also used to indicate a contrast or contradiction, similar to ""however"" or ""nevertheless."" ä¸è¿‡ (bÃ¹guÃ²) is used to introduce a contrasting or concessive idea.While å´ (quÃ¨) can be used to indicate a contrast within the same sentence, å¯æ˜¯ (kÄ›shÃ¬), ä»ç„¶ (rÃ©nglÃ¬), è€Œ (Ã©r), å€’ (dÃ o), ç„¶è€Œ (rÃ¡n'Ã©r), and ä¸è¿‡ (bÃ¹guÃ²) have their own specific nuances and usage. Additionally, ç„¶è€Œ (rÃ¡n'Ã©r) is more formal and literary compared to å´ (quÃ¨).";"å´ (however)"
"ç¡®å®";"quÃ¨shÃ­";"really";"related words";"ç¡®å® (quÃ¨shÃ­)Means indeed, really, or truly. It is used to affirm the truth or accuracy of something.ç©¶ç«Ÿ (jiÅ«jÃ¬ng)Means after all, in the end, or actually. It is used to express the final or ultimate outcome or truth of a situation.These two words have different meanings and usage. ç¡®å® (quÃ¨shÃ­) is used to affirm the truth or accuracy of something, while ç©¶ç«Ÿ (jiÅ«jÃ¬ng) is used to express the final or ultimate outcome or truth of a situation.";"ç¡® (authenticated)";"Other words using this character: å°ç¡®ä¸§; ; å°ç¡®å¹¸ (xiÇo quÃ¨ xÃ¬ng)";"å® (real)";"Other words using this character: zqsg; å®é”¤; å®åŠ› (shÃ­lÃ¬)";"ğŸ‡ é­æ— ç¾¡ç¡®å®æ˜¯ä¸ªæœ‰è¶£çš„äººï¼Œæ€»æ˜¯èƒ½é€—äººå¼€å¿ƒã€‚";"Wei Wuxian is indeed an interesting person, always able to make people happy.";"ğŸ‡ è“å¿˜æœºç¡®å®æ˜¯ä¸ªå¯é çš„æœ‹å‹ï¼Œæ— è®ºä½•æ—¶éƒ½ä¼šåœ¨ä½ èº«è¾¹ã€‚";"Lan Wangji is indeed a reliable friend, always by your side no matter what.";"ğŸ‡ é‡‘å‡Œç¡®å®æ˜¯ä¸ªèªæ˜çš„å­©å­ï¼Œå­¦ä¹ æˆç»©ä¸€ç›´å¾ˆä¼˜ç§€ã€‚";"Jin Ling is indeed a smart child, and his academic performance has always been excellent.";"ğŸ‡ è“æ›¦è‡£ç¡®å®æ˜¯ä¸ªæ¸©æŸ”çš„äººï¼Œæ€»æ˜¯èƒ½ä½“è°…åˆ«äººã€‚";"Lan Xichen is indeed a gentle person, always understanding of others.";"ğŸ‡ æ¸©æƒ…ç¡®å®æ˜¯ä¸ªå‹‡æ•¢çš„åŒ»ç”Ÿï¼Œæ•‘æ²»äº†è®¸å¤šç—…äººã€‚";"Wen Qing is indeed a brave doctor, having treated many patients."
"ç„¶è€Œ";"rÃ¡nâ€™Ã©r";"/however; but; yet/";"related words";"ç„¶è€Œ (rÃ¡n'Ã©r)This word means however, nevertheless, or but. It is used to indicate a contrast or transition between two ideas, similar to the English word ""however.""è€Œ (Ã©r), ä¸è¿‡ (bÃ¹guÃ²), å¯æ˜¯ (kÄ›shÃ¬), å´ (quÃ¨)These words are also used to indicate a contrast or contradiction between two clauses or sentences. They can be translated as ""but,"" ""yet,"" ""however,"" or ""nevertheless,"" and are used to express unexpected or contradictory information.All of these words are used to indicate a contrast or contradiction between two clauses or sentences. They can be used interchangeably in many cases to express unexpected or contradictory information.";"ç„¶ (correct)";"Other words using this character: ç„¶é¹…; ç„¶å¹¶åµ";"è€Œ (and)";"Other words using this character: è€Œä¸” (Ã©rqiÄ›)";"ğŸ‡ é­æ— ç¾¡çœ‹åˆ°äº†è“å¿˜æœºçš„åšå®šï¼Œç„¶è€Œä»–ä»ç„¶é€‰æ‹©äº†ç¦»å¼€ã€‚";"Wei Wuxian saw Lan Wangji's determination, yet he still chose to leave.";"ğŸ‡ è“å¿˜æœºå¯¹é­æ— ç¾¡çš„æ€åº¦ä¸€å‘å†·æ·¡ï¼Œç„¶è€Œå†…å¿ƒå´éš¾ä»¥å‰²èˆã€‚";"Lan Wangji has always been indifferent to Wei Wuxian, yet he finds it hard to let go in his heart.";"ğŸ‡ é‡‘å…‰ç‘¶è¡¨é¢ä¸Šçœ‹ä¼¼è°¦é€Šï¼Œç„¶è€Œå†…å¿ƒå´éšè—ç€é‡å¿ƒã€‚";"Jin Guangyao appears humble on the surface, yet harbors ambitions within.";"ğŸ‡ è“æ›¦è‡£è™½ç„¶æ¸©å’Œï¼Œç„¶è€Œåœ¨å…³é”®æ—¶åˆ»ä¹Ÿèƒ½æœæ–­å†³ç­–ã€‚";"Lan Xichen is gentle, yet he can make decisive decisions at critical moments.";"ğŸ‡ æ±Ÿæ¾„å£å¤´ä¸Šè¯´ç€ä¸åœ¨ä¹ï¼Œç„¶è€Œå¿ƒé‡Œå´å¾ˆåœ¨æ„ã€‚";"Jiang Cheng says he doesn't care, yet he does in his heart."
"çƒ­é—¹";"rÃ¨nao";"/bustling with noise and excitement/lively/";"related words";"çƒ­é—¹ (rÃ¨nao)Means lively, bustling, or lively and bustling. It is used to describe a lively and bustling atmosphere or environment.æ´»æ³¼ (huÃ³pÅ)Means lively, vivacious, or active. It is used to describe a person or animal as being lively or vivacious.These two words have different meanings and usage. çƒ­é—¹ (rÃ¨nao) is used to describe a lively and bustling atmosphere or environment, while æ´»æ³¼ (huÃ³pÅ) is used to describe a person or animal as being lively or vivacious.";"çƒ­ (hot)";"Other words using this character: çƒ­å•; è¹­çƒ­åº¦";"é—¹ (noisy)";"Other words using this character: é—¹é’Ÿ (nÃ ozhÅng)";"ğŸ‡ è“å¿˜æœºä¸å¤ªå–œæ¬¢çƒ­é—¹çš„åœºåˆã€‚";"Lan Wangji doesn't really like lively occasions.";"ğŸ‡ é­æ— ç¾¡å–œæ¬¢çƒ­é—¹çš„æ°›å›´ï¼Œæ€»æ˜¯èƒ½å¸¦åŠ¨å…¨åœºã€‚";"Wei Wuxian likes a lively atmosphere and always manages to liven up the whole place.";"ğŸ‡ è“æ›¦è‡£å®¶é‡Œçš„å¹´å¤œé¥­æ€»æ˜¯å¾ˆçƒ­é—¹ã€‚";"Lan Xichen's family's New Year's Eve dinner is always very lively.";"ğŸ‡ é‡‘å‡Œä¸å¤ªé€‚åº”çƒ­é—¹çš„ç¯å¢ƒï¼Œæ›´å–œæ¬¢å®‰é™çš„åœ°æ–¹ã€‚";"Jin Ling is not very accustomed to lively environments and prefers quiet places.";"ğŸ‡ æ±ŸåŒç¦»å–œæ¬¢å®¶é‡Œçƒ­é—¹çš„æ°›å›´ï¼Œæ€»æ˜¯çƒ­æƒ…æ‹›å¾…å®¢äººã€‚";"Jiang Yanli likes the lively atmosphere at home and always warmly entertains guests."
"ä»»ä½•";"rÃ¨nhÃ©";"/any; whatever; whichever/";"ä»» (assign)";"Other words using this character: ä»»æ€§ (rÃ¨n xÃ¬ng)";"ä½• (what)";"Other words using this character: ä½•è€å¸ˆ";"ğŸ‡ é­æ— ç¾¡éƒ½æ„¿æ„ä¸ºä»»ä½•äººçŒ®å‡ºè‡ªå·±çš„ç”Ÿå‘½ã€‚";"Wei Wuxian is willing to sacrifice his life for anyone.";"ğŸ‡ è“å¿˜æœºä¸ä¼šå¯¹ä»»ä½•äººåŠ¨æ€’ã€‚";"Lan Wangji does not get angry with anyone.";"ğŸ‡ æ±Ÿæ¾„ä¸ä¼šå‘ä»»ä½•äººä½å¤´ã€‚";"Jiang Cheng will not bow to anyone.";"ğŸ‡ æ¸©æƒ…éƒ½ä¸ç›¸ä¿¡ä»»ä½•äººã€‚";"Wen Qing does not trust anyone.";"ğŸ‡ é‡‘å‡Œéƒ½ä¸çŸ¥é“ä»»ä½•äº‹ã€‚";"Jin Ling doesn't know anything."
"ä»»åŠ¡";"rÃ¨nwu";"/mission; assignment; task; duty; role/CL:é …|é¡¹[xiang4],å€‹|ä¸ª[ge4]/";"ä»» (assign)";"Other words using this character: ä»»æ€§ (rÃ¨n xÃ¬ng)";"åŠ¡ (affair)";"Other words using this character: æœåŠ¡ (fÃºwÃ¹); æœåŠ¡å‘˜ (fÃºwÃ¹yuÃ¡n); å®¶åŠ¡ (jiÄwÃ¹); å…¬åŠ¡å‘˜ (gÅngwÃ¹yuÃ¡n)";"ğŸ‡ è“å¿˜æœºå®Œæˆäº†ä»–çš„ä»»åŠ¡ï¼Œå›åˆ°äº‘æ·±ä¸çŸ¥å¤„ã€‚";"Lan Wangji completed his mission and returned to the Cloud Recesses.";"ğŸ‡ é­æ— ç¾¡æ€»æ˜¯èƒ½å®Œæˆè‡ªå·±çš„ä»»åŠ¡ï¼Œå³ä½¿å›°éš¾é‡é‡ã€‚";"Wei Wuxian always manages to complete his tasks, even in the face of great difficulties.";"ğŸ‡ é‡‘å‡Œçš„ä»»åŠ¡æ˜¯ç»§æ‰¿å®¶ä¸šï¼Œä»–åŠªåŠ›åšåˆ°æœ€å¥½ã€‚";"Jin Ling's duty is to inherit the family business, and he strives to do his best.";"ğŸ‡ è“æ›¦è‡£çš„ä»»åŠ¡æ˜¯ç»´æŠ¤äº‘æ·±ä¸çŸ¥å¤„çš„å®‰å®ã€‚";"Lan Xichen's role is to maintain the peace of the Cloud Recesses.";"ğŸ‡ é­æ— ç¾¡å’Œè“å¿˜æœºæ¥åˆ°äº†ä¸€é¡¹æ–°çš„ä»»åŠ¡ï¼Œä»–ä»¬è¦ä¸€èµ·è§£å†³è¿™ä¸ªéš¾é¢˜ã€‚";"Wei Wuxian and Lan Wangji received a new assignment; they have to solve this problem together."
"æ‰”";"rÄ“ng";"/to throw/to throw away/";"æ‰” (throw)";"ğŸ‡ é­æ— ç¾¡å–œæ¬¢æ‰”çŸ³å¤´åˆ°æ¹–é‡Œã€‚";"Wei Wuxian likes to throw stones into the lake.";"ğŸ‡ è“å¿˜æœºä¸å–œæ¬¢æ‰”ä¸œè¥¿ï¼Œæ€»æ˜¯å°å¿ƒç¿¼ç¿¼åœ°ä¿æŠ¤ã€‚";"Lan Wangji doesn't like to throw things; he always protects them carefully.";"ğŸ‡ æ¸©æƒ…çœ‹åˆ°åƒåœ¾ä¹±æ‰”ï¼Œæ€»æ˜¯ä¼šç”Ÿæ°”ã€‚";"Wen Qing gets angry when she sees litter being thrown around.";"ğŸ‡ è“æ›¦è‡£ä¸å–œæ¬¢æ‰”ä¸œè¥¿ï¼Œæ€»æ˜¯æ”¶æ‹¾å¾—äº•äº•æœ‰æ¡ã€‚";"Lan Xichen doesn't like to throw things; he always keeps everything tidy.";"ğŸ‡ æ¸©å®ä¸å°å¿ƒæŠŠç¢—æ‰”åˆ°åœ°ä¸Šæ‘”ç¢äº†ã€‚";"Wen Ning accidentally threw the bowl to the ground and broke it."
"ä»ç„¶";"rÃ©ngrÃ¡n";"/still; as before; yet/";"related words";"ä»ç„¶ (rÃ©ngrÃ¡n)Means still, yet, or as before. It is used to indicate that a situation or condition has persisted or remained unchanged.è¿˜ (hÃ¡i), è€Œ (Ã©r), å€’ (dÃ o), å´ (quÃ¨), ä¸è¿‡ (bÃ¹guÃ²), è¿˜æ˜¯ (hÃ¡ishÃ¬)These words are also used to indicate continuation, contrast, or contradiction in different contexts.All of these words are used to indicate continuation, contrast, or contradiction in different contexts. However, ä»ç„¶ (rÃ©ngrÃ¡n) specifically indicates that a situation or condition has persisted or remained unchanged.";"ä» (still)";"ç„¶ (correct)";"Other words using this character: ç„¶é¹…; ç„¶å¹¶åµ";"ğŸ‡ é­æ— ç¾¡ä»ç„¶è®°å¾—ä»–ä»¬å°æ—¶å€™çš„æ¸¸æˆã€‚";"Wei Wuxian still remembers the games they played when they were young.";"ğŸ‡ è“å¿˜æœºä»ç„¶ä¿æŒç€ä»–çš„æ¸…è§„æˆ’å¾‹ã€‚";"Lan Wangji still maintains his strict discipline.";"ğŸ‡ è“æ›¦è‡£ä»ç„¶ç›¸ä¿¡å¼Ÿå¼Ÿçš„æ¸…ç™½ã€‚";"Lan Xichen still believes in his brother's innocence.";"ğŸ‡ é‡‘å‡Œä»ç„¶å¯¹é­æ— ç¾¡çš„äº‹æƒ…è€¿è€¿äºæ€€ã€‚";"Jin Ling still harbors resentment towards Wei Wuxian.";"ğŸ‡ æ¸©æƒ…ä»ç„¶åšæŒè‡ªå·±çš„åŒ»æœ¯ä¸ä¸ºäººçŸ¥ã€‚";"Wen Qing still insists on keeping her medical skills secret."
"æ—¥è®°";"rÃ¬jÃ¬";"/diary/CL:å‰‡|åˆ™[ze2],æœ¬[ben3],ç¯‡[pian1]/";"æ—¥ (day)";"Other words using this character: ä»Šæ—¥ä»½ (jÄ«n rÃ¬ fÃ¨n); æŠ—æ—¥ç¥å‰§; ä¸æ—¥ (dÄ«ng rÃ¬); æ—¥äº†ç‹— (rÃ¬ le gÇ’u)";"è®° (record)";"ğŸ‡ é­æ— ç¾¡æ¯å¤©éƒ½ä¼šå†™æ—¥è®°ï¼Œè®°å½•è‡ªå·±çš„æ‰€è§æ‰€é—»ã€‚";"Wei Wuxian writes a diary every day, recording everything he sees and hears.";"ğŸ‡ è“å¿˜æœºåœ¨æ—¥è®°é‡Œå†™ä¸‹äº†å¯¹é­æ— ç¾¡çš„æ€å¿µã€‚";"Lan Wangji wrote down his longing for Wei Wuxian in his diary.";"ğŸ‡ æ¸©æƒ…å†™æ—¥è®°çš„æ—¶å€™æ€»æ˜¯å¾ˆè®¤çœŸï¼Œå› ä¸ºå¥¹è§‰å¾—è¿™æ˜¯å¯¹è‡ªå·±çš„ä¸€ç§äº¤ä»£ã€‚";"Wen Qing is always very serious when writing in her diary because she feels it's a kind of accountability to herself.";"ğŸ‡ é‡‘å‡Œçš„æ—¥è®°é‡Œå……æ»¡äº†å¯¹äº²äººçš„æ€å¿µã€‚";"Jin Ling's diary is filled with longing for his loved ones.";"ğŸ‡ æ±Ÿæ¾„çš„æ—¥è®°é‡Œè®°å½•äº†ä»–å¯¹å®¶ä¹¡çš„çœ·æ‹ã€‚";"Jiang Cheng's diary records his nostalgia for his hometown."
"å…¥å£";"rÃ¹kÇ’u";"Entrance";"å…¥ (enter)";"Other words using this character: å…¥ç”»; å…¥æ‰‹ (rÃ¹ shÇ’u); ä¹±å…¥";"å£ (mouth)";"Other words using this character: å£è€ (kÇ’u nÃ i); é‡å£å‘³ (zhÃ²ng kÇ’u wÃ¨i)";"ğŸ‡ å…«å®æ±¤çš„å…¥å£ç”œç”œçš„ï¼Œè®©äººå›å‘³æ— ç©·ã€‚";"The entrance of the Eight Treasure Soup is sweet, leaving a lingering aftertaste.";"ğŸ‡ é­æ— ç¾¡åœ¨å…¥å£å¤„è¿æ¥å®¢äººï¼Œå¾®ç¬‘ç€å¼•å¯¼ä»–ä»¬å…¥åº§ã€‚";"Wei Wuxian welcomes guests at the entrance, smiling as he guides them to their seats.";"ğŸ‡ è“å¿˜æœºåœ¨å…¥å£å¤„ä¸¥è‚ƒåœ°æ£€æŸ¥æ¯ä¸ªäººçš„è¯ä»¶ã€‚";"Lan Wangji solemnly checks everyone's credentials at the entrance.";"ğŸ‡ è“æ›¦è‡£åœ¨å…¥å£å¤„è¿æ¥æ¯ä¸€ä½å®¢äººï¼Œäº²åˆ‡åœ°å¼•å¯¼ä»–ä»¬å‰å¾€å®´ä¼šå…ã€‚";"Lan Xichen greets each guest at the entrance, kindly guiding them to the banquet hall.";"ğŸ‡ é­æ— ç¾¡åœ¨å…¥å£å¤„æ‘†æ”¾äº†ä¸€ç›†ç›†é²œèŠ±ï¼Œç»™æ•´ä¸ªåœºæ‰€å¢æ·»äº†ç”Ÿæœºã€‚";"Wei Wuxian placed pots of fresh flowers at the entrance, adding vitality to the entire place."
"æ•£æ­¥";"sÃ nbÃ¹";"/to take a walk; to go for a walk/";"æ•£ (scatter)";"Other words using this character: é€€æ•£ (tuÃ¬ sÃ n)";"æ­¥ (step)";"Other words using this character: ç¥åŒæ­¥ (shÃ©n tÃ³ng bÃ¹)";"ğŸ‡ è“å¿˜æœºå–œæ¬¢åœ¨æ¸…æ™¨æ•£æ­¥ï¼Œäº«å—å®é™çš„æ—¶å…‰ã€‚";"Lan Wangji likes to take a walk in the morning, enjoying the peaceful time.";"ğŸ‡ é­æ— ç¾¡å’Œæ±Ÿæ¾„å¸¸å¸¸ä¸€èµ·æ•£æ­¥ï¼ŒèŠç€å°æ—¶å€™çš„è¶£äº‹ã€‚";"Wei Wuxian and Jiang Cheng often take walks together, chatting about their childhood memories.";"ğŸ‡ é‡‘å‡Œå–œæ¬¢åœ¨å¤œæ™šæ•£æ­¥ï¼Œäº«å—æ˜Ÿç©ºä¸‹çš„å®é™ã€‚";"Jin Ling likes to take a walk at night, enjoying the tranquility under the starry sky.";"ğŸ‡ æ¸©æƒ…åœ¨é»„æ˜æ—¶åˆ†æ•£æ­¥ï¼Œæ¬£èµç¾ä¸½çš„å¤•é˜³ã€‚";"Wen Qing takes a walk at dusk, admiring the beautiful sunset.";"ğŸ‡ æ¸©å®å–œæ¬¢åœ¨é›¨åæ•£æ­¥ï¼Œæ„Ÿå—å¤§è‡ªç„¶çš„æ¸…æ–°ã€‚";"Wen Ning likes to take a walk after the rain, feeling the freshness of nature."
"æ£®æ—";"sÄ“nlÃ­n";"forest";"æ£® (densely wooded)";"Other words using this character: æŠ–æ£® (dÇ’u sÄ“n); å…ˆæ£® (xiÄn sÄ“n); æ£®å¥³ (sÄ“n nÇš)";"æ— (forest)";"Other words using this character: æŸæ— (bÃ³lÃ­n); ç©†æ–¯æ— (mÃ¹sÄ«lÃ­n)";"ğŸ‡ é­æ— ç¾¡å’Œè“å¿˜æœºåœ¨æ£®æ—ä¸­æ¢å¯»çµè™šæ´ã€‚";"Wei Wuxian and Lan Wangji explore the Lingxi Cave in the forest.";"ğŸ‡ è“æ›¦è‡£åœ¨æ£®æ—ä¸­å‘ç°äº†ä¸€å¤„å¹½é™çš„å°æºªã€‚";"Lan Xichen discovered a quiet stream in the forest.";"ğŸ‡ è“å¿˜æœºå’Œé­æ— ç¾¡åœ¨æ£®æ—ä¸­è¿½é€ç©è€ï¼Œå°½æƒ…äº«å—å¤§è‡ªç„¶çš„ç¾å¥½ã€‚";"Lan Wangji and Wei Wuxian chase and play in the forest, fully enjoying the beauty of nature.";"ğŸ‡ é­æ— ç¾¡åœ¨æ£®æ—ä¸­å‘ç°äº†ä¸€ç§ç½•è§çš„è‰è¯ï¼Œå¯¹ç ”ç©¶æœ‰æ‰€å¸®åŠ©ã€‚";"Wei Wuxian found a rare herb in the forest, which was helpful for his research.";"ğŸ‡ è“æ›¦è‡£åœ¨æ£®æ—ä¸­é‡åˆ°äº†ä¸€åªå—ä¼¤çš„å°åŠ¨ç‰©ï¼Œå†³å®šå¸¦å›å®¶ç…§é¡¾ã€‚";"Lan Xichen encountered a wounded small animal in the forest and decided to take it home to care for it."
"æ²™å‘";"shÄfÄ";"/sofa (loanword)/CL:æ¢|æ¡[tiao2],å¼µ|å¼ [zhang1]/(Internet slang) the first reply or replier to a forum post/";"æ²™ (sand)";"Other words using this character: æ²™é›• (shÄ diÄo)";"å‘ (send)";"Other words using this character: é™ˆå¤§å‘; å‘ç³–"
"å•†é‡";"shÄngliang";"/to consult/to talk over/to discuss/";"å•† (commerce/merchant)";"Other words using this character: æ™ºå•†ç¨";"é‡ (measure)";"Other words using this character: djll; æµé‡å°ç”Ÿ (liÃº liÃ ng xiÇo shÄ“ng); æµé‡å°èŠ± (liÃº liÃ ng xiÇo huÄ); è´Ÿèƒ½é‡";"ğŸ‡ é­æ— ç¾¡å’Œæ±Ÿæ¾„å•†é‡ç€å¯¹ä»˜é‡‘å…‰ç‘¶çš„è®¡åˆ’ã€‚";"Wei Wuxian and Jiang Cheng are discussing the plan to deal with Jin Guangyao.";"ğŸ‡ è“æ›¦è‡£å’Œæ±Ÿæ™šåŸå•†é‡ç€å¦‚ä½•å¤„ç†å®¶æ—å†…éƒ¨çš„äº‹åŠ¡ã€‚";"Lan Xichen and Jiang Yanli are discussing how to handle the family's internal affairs.";"ğŸ‡ è“æ¹›å’Œè“å¿˜æœºå•†é‡ç€å¦‚ä½•å¯¹ä»˜é­æ— ç¾¡çš„é¬¼èœ®ã€‚";"Lan Zhan and Lan Wangji are discussing how to deal with Wei Wuxian's mischief.";"ğŸ‡ æ¸©æƒ…å’Œæ¸©å®å•†é‡ç€å¦‚ä½•ä¿æŠ¤è“å¿˜æœºã€‚";"Wen Qing and Wen Ning are discussing how to protect Lan Wangji."
"ä¼¤å¿ƒ";"shÄngxÄ«n";"/to grieve/to be broken-hearted/to feel deeply hurt/";"related words";"ä¼¤å¿ƒ (shÄngxÄ«n)Means sad, grieved, or heartbroken. It is used to describe the feeling of deep sadness or grief.éš¾è¿‡ (nÃ¡nguÃ²)Means sad, distressed, or upset. It is used to describe the feeling of being emotionally upset or distressed.These two words have similar meanings and can be used interchangeably in many cases to describe feelings of sadness or distress. However, ä¼¤å¿ƒ (shÄngxÄ«n) specifically conveys a deeper sense of sadness or grief, while éš¾è¿‡ (nÃ¡nguÃ²) conveys a feeling of being emotionally upset or distressed.";"ä¼¤ (to injure)";"å¿ƒ (heart)";"Other words using this character: åˆå¿ƒ (chÅ« xÄ«n); å¤§å¿«äººå¿ƒ (dÃ  kuÃ i rÃ©n xÄ«n); ä¸å¿˜åˆå¿ƒ (bÃº wÃ ng chÅ« xÄ«n); å°‘å¥³å¿ƒ (shÃ o nÇš xÄ«n); å¿ƒå¤§ (xÄ«n dÃ ); ä¸§å¿ƒç—…ç‹‚; æ¯”å¿ƒ; å†…å¿ƒæˆ; æ±‚; ç»ç’ƒå¿ƒ (bÅ lÃ­ xÄ«n); ä¸šç•Œè‰¯å¿ƒ; è™å¿ƒ (nÃ¼Ã¨ xÄ«n); èµ°å¿ƒ (zÇ’u xÄ«n)";"ğŸ‡ é­æ— ç¾¡çš„ç¦»å¼€è®©è“å¿˜æœºä¼¤å¿ƒä¸å·²ã€‚";"Wei Wuxian's departure deeply hurt Lan Wangji.";"ğŸ‡ è“æ›¦è‡£çœ‹åˆ°äº²äººç¦»ä¸–ï¼Œå¿ƒä¸­ä¼¤å¿ƒæ— æ¯”ã€‚";"Lan Xichen felt deeply hurt when he saw his loved ones pass away.";"ğŸ‡ é­æ— ç¾¡çš„è¿‡å»æ€»æ˜¯è®©äººæ„Ÿåˆ°ä¼¤å¿ƒã€‚";"Wei Wuxian's past always makes people feel deeply hurt.";"ğŸ‡ è“å¿˜æœºçš„å†·æ¼ è®©äººæ„Ÿåˆ°ä¼¤å¿ƒã€‚";"Lan Wangji's indifference makes people feel deeply hurt.";"ğŸ‡ æ±Ÿæ¾„çš„è¯ä¼¤å¿ƒäº†è“æ›¦è‡£ã€‚";"Jiang Cheng's words hurt Lan Xichen deeply."
"ç¨å¾®";"shÄowÄ“i";"/a little bit/";"related words";"ç¨å¾® (shÄowÄ“i)Means slightly or a little bit. It is used to indicate a small degree or amount.ä¸€ç‚¹å„¿ (yÄ«diÇnr)Also means a little bit or a small amount. It is used in the same way as ç¨å¾® (shÄowÄ“i) to indicate a small degree or amount.These two words are very similar and can often be used interchangeably. For example, you can say ""æˆ‘ç¨å¾®æœ‰ç‚¹å„¿ç´¯"" (wÇ’ shÄowÄ“i yÇ’udiÇnr lÃ¨i) or ""æˆ‘ä¸€ç‚¹å„¿ç´¯"" (wÇ’ yÄ«diÇnr lÃ¨i) to express ""I'm a little tired."" Both convey the same meaning of a small degree of tiredness.";"ç¨ (somewhat)";"å¾® (tiny)";"Other words using this character: å¾®åšæ²¦é™·";"ğŸ‡ é­æ— ç¾¡ç¨å¾®åŠ¨äº†ä¸€ä¸‹ï¼Œè“å¿˜æœºå°±ç«‹åˆ»å¯Ÿè§‰åˆ°äº†ã€‚";"Wei Wuxian moved a little bit, and Lan Wangji immediately noticed.";"ğŸ‡ è“æ›¦è‡£ç¨å¾®çš±äº†çš±çœ‰ï¼Œè¡¨æƒ…å˜å¾—æœ‰äº›ä¸¥è‚ƒã€‚";"Lan Xichen frowned slightly, his expression becoming somewhat serious.";"ğŸ‡ é‡‘å‡Œç¨å¾®è¿Ÿç–‘äº†ä¸€ä¸‹ï¼Œç„¶åèµ°äº†è¿›å»ã€‚";"Jin Ling hesitated for a moment, then walked in.";"ğŸ‡ æ¸©æƒ…ç¨å¾®ç¬‘äº†ä¸€ä¸‹ï¼Œè®©æ°”æ°›å˜å¾—è½»æ¾äº†äº›ã€‚";"Wen Qing smiled a little, making the atmosphere a bit more relaxed.";"ğŸ‡ è“å¿˜æœºç¨å¾®ç‚¹äº†ç‚¹å¤´ï¼Œç¤ºæ„ä»–å¯ä»¥ç¦»å¼€äº†ã€‚";"Lan Wangji nodded slightly, indicating that he could leave."
"å‹ºå­";"shÃ¡ozi";"/scoop/ladle/CL:æŠŠ[ba3]/";"å‹º (spoon)";"Other words using this character: å‹º";"å­ (son)";"Other words using this character: å¤§çŒªè¹„å­; å‚»éº…å­ (shÇ pÃ¡o zi); æ•‘æ•‘å­©å­ (jiÃ¹ jiÃ¹ hÃ¡i zi); ç§å­ (zhÇ’ngzi); è„‘å­ç“¦ç‰¹; æ —å­ (lÃ¬ zi); åŠ³èµ„; æ‰‹æ’•é¬¼å­ (shÇ’u sÄ« guÇ zi); å–·å­; é»‘å­ (hÄ“i zi); å°æå­ (xiÃ o lÇ zi); æ®µå­æ‰‹ (duÃ n zi shÇ’u)";"ğŸ‡ é­æ— ç¾¡ç”¨å‹ºå­èˆ€äº†ä¸€å‹ºç¾å‘³çš„æ±¤ã€‚";"Wei Wuxian scooped up a spoonful of delicious soup.";"ğŸ‡ è“å¿˜æœºæ‹¿èµ·å‹ºå­ï¼Œè½»è½»æ…æ‹Œç€é”…é‡Œçš„èœã€‚";"Lan Wangji picked up the ladle and gently stirred the vegetables in the pot.";"ğŸ‡ æ¸©æƒ…ç«¯èµ·å‹ºå­ï¼Œä¸ºå¤§å®¶ç››äº†ä¸€ç¢—çƒ­è…¾è…¾çš„é¥­ã€‚";"Wen Qing picked up the scoop and served everyone a steaming bowl of rice.";"ğŸ‡ é‡‘å‡Œæ‹¿ç€å‹ºå­ï¼Œå°å¿ƒåœ°èˆ€èµ·ä¸€å‹ºçƒ­è…¾è…¾çš„ç²¥ã€‚";"Jin Ling took the ladle and carefully scooped up a spoonful of hot porridge.";"ğŸ‡ æ±Ÿæ¾„ç«¯èµ·å‹ºå­ï¼Œèˆ€äº†ä¸€å‹ºæ±¤ï¼Œå–‚ç»™äº†è“æ›¦è‡£ã€‚";"Jiang Cheng picked up the ladle, scooped up a spoonful of soup, and fed it to Lan Xichen."
"ç¤¾ä¼š";"shÃ¨huÃ¬";"society";"ç¤¾ (society)";"ä¼š (can)";"Other words using this character: ä¼šèŠå¤©; ä¸ä¼šèŠå¤©; åŸä¼šç©; å¤–è²Œåä¼š";"ğŸ‡ é­æ— ç¾¡å¯¹ç¤¾ä¼šç°è±¡æœ‰ç€ç‹¬ç‰¹çš„è§è§£ï¼Œç»å¸¸å‘è¡¨è¯„è®ºã€‚";"Wei Wuxian has unique insights into social phenomena and often makes comments.";"ğŸ‡ è“å¿˜æœºè™½ç„¶ä¸å–„è¨€è¾ï¼Œä½†å¯¹ç¤¾ä¼šé—®é¢˜å´æœ‰ç€è‡ªå·±çš„çœ‹æ³•ã€‚";"Although Lan Wangji is not good with words, he has his own views on social issues.";"ğŸ‡ æ¸©æƒ…åœ¨ç¤¾ä¼šä¸Šå¼€åŠäº†ä¸€å®¶è¯Šæ‰€ï¼Œä¸ºæ°‘ä¼—è§£å†³ç–¾ç—…é—®é¢˜ã€‚";"Wen Qing opened a clinic in society to help people solve health issues.";"ğŸ‡ è“æ›¦è‡£åœ¨ç¤¾ä¼šä¸Šåšäº†å¾ˆå¤šå…¬ç›Šæ´»åŠ¨ï¼Œå—åˆ°äº†å¹¿æ³›èµèª‰ã€‚";"Lan Xichen has done a lot of public welfare activities in society and has received widespread praise.";"ğŸ‡ é‡‘å‡Œå¯¹ç¤¾ä¼šé£æ°”ä¸æ»¡ï¼Œå¸Œæœ›èƒ½å¤Ÿæ”¹å˜ä¸€äº›ç°çŠ¶ã€‚";"Jin Ling is dissatisfied with the social atmosphere and hopes to change some of the current situation."
"æ·±";"shÄ“n";"/deep (lit. and fig.)/";"related words";"æ·± (shÄ“n)Means deep, profound, or intense. It is used to describe physical depth, emotions, or knowledge.åš (hÃ²u)Also means deep, but it is more commonly used to describe physical depth or thickness, such as in the context of fabrics, layers, or materials.While both æ·± (shÄ“n) and åš (hÃ²u) can be used to describe physical depth, æ·± (shÄ“n) is more commonly used to describe emotional depth or knowledge. For example, you can say ""ä»–çš„çˆ±å¾ˆæ·±"" (tÄ de Ã i hÄ›n shÄ“n) to mean ""His love is very deep,"" but you wouldn't use åš (hÃ²u) in this context.";"æ·± (deep)";"Other words using this character: æ·±æŸœç”· (shÄ“n guÃ¬ nÃ¡n)";"ğŸ‡ é­æ— ç¾¡çš„ç¬‘å®¹ä¸­é€éœ²ç€ä¸€ç§æ·±æ²‰çš„å¿§ä¼¤ã€‚";"There is a deep sorrow revealed in Wei Wuxian's smile.";"ğŸ‡ è“å¿˜æœºçš„çœ¼ç¥ä¸­é€éœ²ç€ä¸€ç§æ·±é‚ƒçš„æ™ºæ…§ã€‚";"There is a deep wisdom revealed in Lan Wangji's eyes.";"ğŸ‡ æ¸©æƒ…çš„çœ¼ç¥ä¸­é€éœ²ç€ä¸€ç§æ·±æƒ…çš„å…³æ€€ã€‚";"There is a deep care revealed in Wen Qing's eyes.";"ğŸ‡ è“æ›¦è‡£çš„ç´éŸ³ä¸­é€éœ²ç€ä¸€ç§æ·±æƒ…çš„æ€å¿µã€‚";"There is a deep yearning revealed in Lan Xichen's qin music.";"ğŸ‡ é‡‘å‡Œçš„å†…å¿ƒä¸­éšè—ç€ä¸€ç§æ·±åŸ‹çš„ç—›æ¥šã€‚";"There is a deep-seated pain hidden in Jin Ling's heart."
"ç”³è¯·";"shÄ“nqÇng";"/to apply for sth/application form (CL:ä»½[fen4])/";"related words";"ç”³è¯· (shÄ“nqÇng)Means to apply for or request something, such as a job, permission, or document.ä½¿ç”¨ (shÇyÃ²ng)Means to use or to employ. It is used to indicate the action of utilizing something.ç”³è¯· (shÄ“nqÇng) and ä½¿ç”¨ (shÇyÃ²ng) have distinct meanings and are used in different contexts. For example, you can say ""æˆ‘è¦ç”³è¯·è¿™ä¸ªå·¥ä½œ"" (wÇ’ yÃ o shÄ“nqÇng zhÃ¨ge gÅngzuÃ²) to mean ""I want to apply for this job,"" and ""æˆ‘ä½¿ç”¨è¿™å°ç”µè„‘"" (wÇ’ shÇyÃ²ng zhÃ¨ tÃ¡i diÃ nnÇo) to mean ""I am using this computer."" Each word is specific to its own context and cannot be interchanged.";"ç”³ (extend)";"è¯· (ask)";"ğŸ‡ é­æ— ç¾¡ç”³è¯·äº†ä¸€ä»½ç‰¹æ®Šè®¸å¯ï¼Œä»¥ä¾¿å‰å¾€ç¦åœ°æ¢å¯»çœŸç›¸ã€‚";"Wei Wuxian applied for a special permit to explore the forbidden grounds and uncover the truth.";"ğŸ‡ è“å¿˜æœºç”³è¯·äº†ä¸€ä»½ç‰¹åˆ«çš„è®¸å¯ï¼Œä»¥ä¾¿ç…§é¡¾è“æ›¦è‡£çš„å®‰æ’ã€‚";"Lan Wangji applied for a special permit to take care of Lan Xichen's arrangements.";"ğŸ‡ æ±Ÿæ¾„ç”³è¯·äº†ä¸€ä»½å‡æ¡ï¼Œæƒ³è¦å»æ¢æœ›è“æ¹›ã€‚";"Jiang Cheng applied for a leave of absence to visit Lan Zhan.";"ğŸ‡ æ¸©æƒ…ç”³è¯·äº†ä¸€ä»½è°ƒæŸ¥æŠ¥å‘Šï¼Œä»¥ä¾¿æŸ¥æ˜çœŸç›¸ã€‚";"Wen Qing applied for an investigation report to uncover the truth.";"ğŸ‡ é‡‘å‡Œç”³è¯·äº†ä¸€ä»½å­¦æ ¡çš„è½¬å­¦ç”³è¯·è¡¨ï¼Œå‡†å¤‡è½¬åˆ°äº‘æ·±ä¸çŸ¥å¤„è¯»ä¹¦ã€‚";"Jin Ling applied for a transfer application form to move to the Cloud Recesses for school."
"ç”šè‡³";"shÃ¨nzhÃ¬";"/even; so much so that/";"ç”š (very)";"è‡³ (arrive)";"Other words using this character: è‡³å°‘ (zhÃ¬shÇo)";"ğŸ‡ é­æ— ç¾¡ç”šè‡³ä¸æ€•æ­»ï¼Œåªè¦èƒ½ä¿æŠ¤è“å¿˜æœºã€‚";"Wei Wuxian is not afraid of death, so much so that he only wants to protect Lan Wangji.";"ğŸ‡ è“æ›¦è‡£ç”šè‡³ä¸éœ€è¦ç”¨æ­¦å™¨ï¼Œä»–çš„æ‹³è„šå°±è¶³å¤Ÿäº†ã€‚";"Lan Xichen doesn't even need to use weapons; his fists and kicks are enough.";"ğŸ‡ è“å¿˜æœºç”šè‡³ä¸éœ€è¦è¯´è¯ï¼Œä»–çš„çœ¼ç¥å°±èƒ½è¡¨è¾¾ä¸€åˆ‡ã€‚";"Lan Wangji doesn't even need to speak; his eyes can express everything.";"ğŸ‡ é‡‘å‡Œç”šè‡³ä¸æ€•é­æ— ç¾¡çš„è°ƒçš®æ£è›‹ï¼Œåè€Œå¾ˆå–œæ¬¢ä»–ã€‚";"Jin Ling is not even afraid of Wei Wuxian's mischief, but rather likes him a lot.";"ğŸ‡ æ±Ÿæ¾„ç”šè‡³ä¸åœ¨ä¹åˆ«äººæ€ä¹ˆçœ‹ä»–ï¼Œä»–åªåœ¨ä¹è‡ªå·±çš„å†…å¿ƒã€‚";"Jiang Cheng doesn't even care how others see him; he only cares about his own heart."
"ç”Ÿæ´»";"shÄ“nghuÃ³";"to live";"related words";"ç”Ÿæ´» (shÄ“nghuÃ³)Refers to life in the sense of daily living, livelihood, or lifestyle.ç”Ÿå‘½ (shÄ“ngmÃ¬ng)Refers to life in the sense of existence, vitality, or the state of being alive.ç”Ÿæ´» (shÄ“nghuÃ³) and ç”Ÿå‘½ (shÄ“ngmÃ¬ng) have distinct meanings and are used in different contexts. For example, you can say ""æˆ‘çš„ç”Ÿæ´»å¾ˆå¿™ç¢Œ"" (wÇ’ de shÄ“nghuÃ³ hÄ›n mÃ¡nglÃ¹) to mean ""My life is very busy,"" and ""ç”Ÿå‘½æ˜¯å®è´µçš„"" (shÄ“ngmÃ¬ng shÃ¬ bÇoguÃ¬ de) to mean ""Life is precious."" Each word is specific to its own context and cannot be interchanged.";"ç”Ÿ (born)";"Other words using this character: sk; æ±‚ç”Ÿæ¬² (qiÃº shÄ“ng yÃ¹); æµé‡å°ç”Ÿ (liÃº liÃ ng xiÇo shÄ“ng); ç”Ÿæ— å¯æ‹; ç”Ÿè‚‰ (shÄ“ng rÃ²u); èŠèŠäººç”Ÿ (liÃ¡o liÃ¡o rÃ©n shÄ“ng); ç”¨ç”Ÿå‘½åœ¨; äººç”Ÿèµ¢å®¶; é€†ç”Ÿé•¿";"æ´» (live)";"Other words using this character: æ´»æ‰ä¸€åª (huÃ³ zhuÅ yÃ¬ zhÄ«); æ´»ä¹…è§";"ğŸ‡ é­æ— ç¾¡å–œæ¬¢éšå¿ƒæ‰€æ¬²åœ°ç”Ÿæ´»ã€‚";"Wei Wuxian likes to live as he pleases.";"ğŸ‡ è“å¿˜æœºçš„ç”Ÿæ´»å……æ»¡äº†ç´éŸ³ã€‚";"Lan Wangji's life is filled with the sound of the guqin.";"ğŸ‡ æ¸©æƒ…è¿‡ç€æ¸…è´«ä½†å¿«ä¹çš„ç”Ÿæ´»ã€‚";"Wen Qing lives a simple but happy life.";"ğŸ‡ é‡‘å‡Œçš„ç”Ÿæ´»å……æ»¡äº†æŒ‘æˆ˜å’Œè´£ä»»ã€‚";"Jin Ling's life is full of challenges and responsibilities.";"ğŸ‡ æ±Ÿæ¾„çš„ç”Ÿæ´»å……æ»¡äº†å¯¹å®¶æ—çš„è´£ä»»ã€‚";"Jiang Cheng's life is full of responsibilities to the clan."
"ç”Ÿå‘½";"shÄ“ngmÃ¬ng";"/life (as the characteristic of living beings)/living being; creature (CL:å€‹|ä¸ª[ge4],æ¢|æ¡[tiao2])/";"ç”Ÿ (born)";"Other words using this character: sk; æ±‚ç”Ÿæ¬² (qiÃº shÄ“ng yÃ¹); æµé‡å°ç”Ÿ (liÃº liÃ ng xiÇo shÄ“ng); ç”Ÿæ— å¯æ‹; ç”Ÿè‚‰ (shÄ“ng rÃ²u); èŠèŠäººç”Ÿ (liÃ¡o liÃ¡o rÃ©n shÄ“ng); ç”¨ç”Ÿå‘½åœ¨; äººç”Ÿèµ¢å®¶; é€†ç”Ÿé•¿";"å‘½ (fate)";"Other words using this character: æœ¬å‘½ (bÄ›n mÃ¬ng); å¤©å‘½åœˆ (tiÄn mÃ¬ng quÄn); é€å‘½é¢˜; é€†å¤©æ”¹å‘½ (nÃ¬ tiÄn gÇi mÃ¬ng); ç”¨ç”Ÿå‘½åœ¨"
"ç”Ÿæ„";"shÄ“ngyi";"/business/CL:ç­†|ç¬”[bi3]/";"ç”Ÿ (born)";"Other words using this character: sk; æ±‚ç”Ÿæ¬² (qiÃº shÄ“ng yÃ¹); æµé‡å°ç”Ÿ (liÃº liÃ ng xiÇo shÄ“ng); ç”Ÿæ— å¯æ‹; ç”Ÿè‚‰ (shÄ“ng rÃ²u); èŠèŠäººç”Ÿ (liÃ¡o liÃ¡o rÃ©n shÄ“ng); ç”¨ç”Ÿå‘½åœ¨; äººç”Ÿèµ¢å®¶; é€†ç”Ÿé•¿";"æ„ (idea)";"Other words using this character: bhys";"ğŸ‡ æ±ŸåŒç¦»åœ¨äº‘æ·±ä¸çŸ¥å¤„å¼€äº†ä¸€å®¶ç”Ÿæ„ï¼Œç”Ÿæ„å…´éš†ã€‚";"Jiang Yanli opened a business in the Cloud Recesses, and the business is thriving.";"ğŸ‡ é‡‘å‡Œä¸å–œæ¬¢åšç”Ÿæ„ï¼Œæ›´å–œæ¬¢äº²è‡ªä¸Šé˜µã€‚";"Jin Ling doesn't like doing business; he prefers to personally take action.";"ğŸ‡ è“æ›¦è‡£çš„ç”Ÿæ„å¾ˆå¤§ï¼Œä»–æ˜¯ä¸ªæˆåŠŸçš„å•†äººã€‚";"Lan Xichen's business is extensive; he is a successful businessman.";"ğŸ‡ é­æ— ç¾¡å’Œè“å¿˜æœºä¸€èµ·ç»è¥ä¸€å®¶ç”Ÿæ„ï¼Œç”Ÿæ„è¶Šæ¥è¶Šå¥½ã€‚";"Wei Wuxian and Lan Wangji run a business together, and it's thriving.";"ğŸ‡ æ¸©æƒ…å’Œæ¸©å®åœ¨è²èŠ±åå¼€äº†ä¸€å®¶å°ç”Ÿæ„ï¼Œç”Ÿæ„å…´éš†ã€‚";"Wen Qing and Wen Ning opened a small business in Lotus Pier, and it's thriving."
"çœ";"shÄ›ng";"province";"çœ (save)"
"å‰©";"shÃ¨ng";"/to remain/to be left/to have as remainder/";"å‰© (remain)";"Other words using this character: å‰©ç”· (shÃ¨ng nÃ¡n); å‰©å¥³ (shÃ¨ng nÇš)";"ğŸ‡ é­æ— ç¾¡å‰©ä¸‹æœ€åä¸€å—æœˆé¥¼ç»™è“å¿˜æœºã€‚";"Wei Wuxian left the last mooncake for Lan Wangji.";"ğŸ‡ è“æ›¦è‡£åƒå®Œäº†æ‰€æœ‰æœˆé¥¼ï¼Œå‰©ä¸‹ä¸€ä¸ªç©ºç›’å­ã€‚";"Lan Xichen finished all the mooncakes, leaving an empty box.";"ğŸ‡ æ±Ÿæ¾„å‰©ä¸‹ä¸€ç‚¹æ—¶é—´å‡†å¤‡åœ£è¯èŠ‚çš„æƒŠå–œã€‚";"Jiang Cheng has a little time left to prepare for the Christmas surprise.";"ğŸ‡ è“å¿˜æœºå‰©ä¸‹æœ€åä¸€æ»´é…’ï¼Œå´æ²¡æœ‰å–ã€‚";"Lan Wangji had the last drop of wine left, but he didn't drink it.";"ğŸ‡ æ¸©æƒ…å‰©ä¸‹æœ€åä¸€å£æ°”ï¼ŒåšæŒä¸æ”¾å¼ƒã€‚";"Wen Qing had the last breath left and persisted without giving up."
"å¤±è´¥";"shÄ«bÃ i";"/to be defeated/to lose/to fail (e.g. experiments)/failure/defeat/CL:æ¬¡[ci4]/";"related words";"å¤±è´¥ (shÄ«bÃ i)Means failure or to fail. It is used to describe the lack of success in an endeavor or the state of not achieving a desired outcome.è¾“ (shÅ«)Means to lose, to be defeated, or to fail. It is specifically used in the context of losing a game, competition, or battle.While both words convey the idea of not succeeding, å¤±è´¥ (shÄ«bÃ i) is more general and can be used in various contexts, such as business, relationships, or personal goals. On the other hand, è¾“ (shÅ«) is specifically related to losing in a game, competition, or battle.";"å¤± (lose)";"è´¥ (defeat)";"Other words using this character: è´¥; æ‰“è´¥"
"å¤±æœ›";"shÄ«wÃ ng";"/disappointed/to lose hope/to despair/";"å¤± (lose)";"æœ› (hope)";"ğŸ‡ è“æ›¦è‡£å¯¹å¼Ÿå¼Ÿçš„å˜æ•…æ„Ÿåˆ°ååˆ†å¤±æœ›ã€‚";"Lan Xichen felt very disappointed about his younger brother's accident.";"ğŸ‡ é‡‘å‡Œå› ä¸ºè€ƒè¯•æˆç»©ä¸ç†æƒ³è€Œæ„Ÿåˆ°å¤±æœ›ã€‚";"Jin Ling felt disappointed because of his unsatisfactory exam results.";"ğŸ‡ æ¸©æƒ…å¯¹ä¿®çœŸç•Œçš„é»‘æš—ç°å®æ„Ÿåˆ°å¤±æœ›ã€‚";"Wen Qing felt disappointed about the dark reality of the cultivation world.";"ğŸ‡ è“å¿˜æœºä»æœªå¯¹é­æ— ç¾¡çš„è¡Œä¸ºæ„Ÿåˆ°å¤±æœ›ã€‚";"Lan Wangji has never been disappointed in Wei Wuxian's actions.";"ğŸ‡ é­æ— ç¾¡çš„ç¦»å»è®©è®¸å¤šäººæ„Ÿåˆ°å¤±æœ›ã€‚";"Wei Wuxian's departure made many people feel disappointed."
"å¸ˆå‚…";"shÄ«fu";"/master/qualified worker/respectful form of address for older men/CL:å€‹|ä¸ª[ge4],ä½[wei4],å[ming2]/";"å¸ˆ (teacher)";"Other words using this character: å±…è€å¸ˆ; ä½•è€å¸ˆ; é™ˆè€å¸ˆ";"å‚… (instructor)"
"ååˆ†";"shÃ­fÄ“n";"/very/completely/utterly/extremely/absolutely/hundred percent/to divide into ten equal parts/";"related words";"ååˆ† (shÃ­fÄ“n)Means very, extremely, or highly. It is used to emphasize the degree or intensity of a certain quality or state.éå¸¸ (fÄ“ichÃ¡ng), æ (jÃ­)These are synonyms for very or extremely, but each has its own specific usage. éå¸¸ (fÄ“ichÃ¡ng) is a general term for very or extremely, while æ (jÃ­) is used in a more literary or formal context to convey the idea of extreme or utmost.In summary, ååˆ† (shÃ­fÄ“n) is used to emphasize the degree or intensity of a certain quality or state, while éå¸¸ (fÄ“ichÃ¡ng) and æ (jÃ­) have their own specific nuances and usage.";"å (ten)";"Other words using this character: äºŒåå¹´ (Ã¨rshÃ­niÃ¡n); å‡ä¸€èµ”å (jiÇyÄ« pÃ©ishÃ­)";"åˆ† (divide)";"Other words using this character: ä½åˆ†é£˜è¿‡; é€åˆ†é¢˜; ä½›ç³»åˆ†æ‰‹ (fÃ³ xÃ¬ fÄ“n shÇ’u); ç²¾åˆ† (jÄ«ng fÄ“n); åˆ†åˆ†é’Ÿ"
"å®é™…";"shÃ­jÃ¬";"/reality/practice/practical/realistic/real/actual/";"å® (real)";"Other words using this character: zqsg; å®é”¤; å®åŠ› (shÃ­lÃ¬)";"é™… (border)";"Other words using this character: äº¤é™… (jiÄojÃ¬)";"ğŸ‡ é­æ— ç¾¡æ€»æ˜¯çœ‹é—®é¢˜å¾ˆå®é™…ï¼Œä¸å–œæ¬¢ç©ºæƒ³ã€‚";"Wei Wuxian always looks at things realistically and doesn't like daydreaming.";"ğŸ‡ è“å¿˜æœºçš„å®é™…è¡ŒåŠ¨æ€»æ˜¯è®©äººæ„Ÿåˆ°å®‰å¿ƒã€‚";"Lan Wangji's practical actions always make people feel at ease.";"ğŸ‡ æ¸©æƒ…çš„å®é™…å¤„ç†èƒ½åŠ›è®©å¤§å®¶å¯¹å¥¹åˆ®ç›®ç›¸çœ‹ã€‚";"Wen Qing's practical handling ability makes everyone look up to her.";"ğŸ‡ é‡‘å‡Œçš„å®é™…è¡¨ç°è¯æ˜äº†ä»–çš„èƒ½åŠ›ï¼Œèµ¢å¾—äº†å¤§å®¶çš„å°Šé‡ã€‚";"Jin Ling's practical performance proved his ability and earned everyone's respect.";"ğŸ‡ è“æ›¦è‡£çš„å®é™…å¸®åŠ©è®©å¾ˆå¤šäººå—ç›ŠåŒªæµ…ã€‚";"Lan Xichen's practical help has benefited many people."
"å®åœ¨";"shÃ­zÃ i";"/really/actually/indeed/true/real/honest/dependable/(philosophy) reality/";"related words";"å®åœ¨ (shÃ­zÃ i)Means really, truly, or indeed. It is used to emphasize the authenticity or genuineness of something.å…¶å® (qÃ­shÃ­), å€’ (dÃ o), çœŸ (zhÄ“n)These are synonyms for really or truly, but each has its own specific usage. å…¶å® (qÃ­shÃ­) is used to express the truth or reality of a situation, often in the context of revealing a hidden truth. å€’ (dÃ o) is used to express surprise or a contrary opinion, and can also mean ""actually"" in certain contexts. çœŸ (zhÄ“n) is used to emphasize the truth or authenticity of something.In summary, å®åœ¨ (shÃ­zÃ i) is used to emphasize the authenticity or genuineness of something, while å…¶å® (qÃ­shÃ­), å€’ (dÃ o), and çœŸ (zhÄ“n) have their own specific nuances and usage.";"å® (real)";"Other words using this character: zqsg; å®é”¤; å®åŠ› (shÃ­lÃ¬)";"åœ¨ (exist)";"Other words using this character: åœ¨çº¿; ç”¨ç”Ÿå‘½åœ¨"
"ä½¿";"shÇ";"/to make/to cause/to enable/to use/to employ/to send/to instruct sb to do sth/envoy/messenger/";"related words";"ä½¿ (shÇ)Means to make, to cause, or to enable. It is used to indicate the action of causing something to happen or the means by which something is achieved.å¼•èµ· (yÇnqÇ), å¼„ (nÃ²ng), äº¤ (jiÄo), åŸå›  (yuÃ¡nyÄ«n)These are synonyms for to cause, but each has its own specific usage. å¼•èµ· (yÇnqÇ) is used to describe the action of causing a particular result or reaction. å¼„ (nÃ²ng) is used to describe the action of causing something to happen or the means by which something is achieved, often in a more casual or colloquial context. äº¤ (jiÄo) is used to describe the action of causing something to happen or the means by which something is achieved, often in the context of interpersonal interactions. åŸå›  (yuÃ¡nyÄ«n) specifically refers to the cause, origin, or reason for something.In summary, ä½¿ (shÇ) is used to indicate the action of causing something to happen or the means by which something is achieved, while å¼•èµ· (yÇnqÇ), å¼„ (nÃ²ng), äº¤ (jiÄo), and åŸå›  (yuÃ¡nyÄ«n) have their own specific nuances and usage.";"ä½¿ (cause)"
"ä½¿ç”¨";"shÇyÃ²ng";"/to use/to employ/to apply/to make use of/";"related words";"ä½¿ç”¨ (shÇyÃ²ng)Means to use or to utilize. It is used to describe the action of employing something for a specific purpose.ç”¨ (yÃ²ng), ç”³è¯· (shÄ“nqÇng)These are synonyms for to use, but each has its own specific usage. ç”¨ (yÃ²ng) is a general term for using something, while ç”³è¯· (shÄ“nqÇng) specifically refers to the action of applying for something, such as a job, permit, or license.In summary, ä½¿ç”¨ (shÇyÃ²ng) is used to describe the action of employing something for a specific purpose, while ç”¨ (yÃ²ng) and ç”³è¯· (shÄ“nqÇng) have their own specific nuances and usage.";"ä½¿ (cause)";"ç”¨ (to use)";"Other words using this character: ç”¨ç”Ÿå‘½åœ¨; ç”¨åŠ›è¿‡çŒ›";"ğŸ‡ é­æ— ç¾¡ä½¿ç”¨é­”æ³•è§£å†³äº†è¿™ä¸ªéš¾é¢˜ã€‚";"Wei Wuxian used magic to solve this problem.";"ğŸ‡ è“æ›¦è‡£ä½¿ç”¨äº†å¤è€çš„åŒ»æœ¯æ²»ç–—äº†ä¼¤å‘˜ã€‚";"Lan Xichen used ancient medical skills to treat the wounded.";"ğŸ‡ é‡‘å‡Œä½¿ç”¨äº†å®¶ä¼ çš„å‰‘æ³•ï¼Œæ‰“è´¥äº†æ•Œäººã€‚";"Jin Ling used the family's swordsmanship to defeat the enemy.";"ğŸ‡ è“å¿˜æœºä½¿ç”¨éŸ³å¾‹æ²»æ„ˆäº†ä¼¤è€…çš„å¿ƒçµåˆ›ä¼¤ã€‚";"Lan Wangji used music to heal the spiritual trauma of the wounded.";"ğŸ‡ æ¸©æƒ…ä½¿ç”¨è‰è¯ç ”åˆ¶äº†ä¸€ç§æ–°çš„è§£æ¯’è¯ã€‚";"Wen Qing used herbs to develop a new antidote."
"æ˜¯å¦";"shÃ¬fÇ’u";"/whether (or not)/if/is or isn't/";"æ˜¯ (to be)";"Other words using this character: å¯ä»¥è¯´æ˜¯";"å¦ (negate)";"Other words using this character: èƒ½å¦";"ğŸ‡ é­æ— ç¾¡ä¸ç¡®å®šæ˜¯å¦åº”è¯¥å‘Šè¯‰è“å¿˜æœºçœŸç›¸ã€‚";"Wei Wuxian is not sure whether he should tell Lan Wangji the truth.";"ğŸ‡ é‡‘å‡Œä¸çŸ¥é“æ˜¯å¦åº”è¯¥ç›¸ä¿¡é­æ— ç¾¡ã€‚";"Jin Ling doesn't know whether he should believe Wei Wuxian.";"ğŸ‡ è“æ›¦è‡£ä¸ç¡®å®šæ˜¯å¦èƒ½å¤Ÿå®Œæˆè¿™é¡¹ä»»åŠ¡ã€‚";"Lan Xichen is not sure whether he can complete this task.";"ğŸ‡ è“å¿˜æœºä¸ç¡®å®šæ˜¯å¦åº”è¯¥æ”¾ä¸‹å¿ƒä¸­çš„æ‰§å¿µã€‚";"Lan Wangji is not sure whether he should let go of his obsession.";"ğŸ‡ é­æ— ç¾¡ä¸ç¡®å®šæ˜¯å¦èƒ½å¤ŸæŒ½å›ä¸€åˆ‡ã€‚";"Wei Wuxian is not sure whether he can make everything right."
"é€‚åˆ";"shÃ¬hÃ©";"to suit";"é€‚ (fit)";"Other words using this character: åˆé€‚ (hÃ©shÃ¬)";"åˆ (join)";"ğŸ‡ è“å¿˜æœºè§‰å¾—è¿™å¥—è¡£æœå¾ˆé€‚åˆé­æ— ç¾¡ã€‚";"Lan Wangji thinks this outfit suits Wei Wuxian very well.";"ğŸ‡ é‡‘å‡Œæ‰¾äº†å¾ˆä¹…ï¼Œç»ˆäºæ‰¾åˆ°ä¸€æ¬¾é€‚åˆè‡ªå·±çš„å‰‘ã€‚";"Jin Ling searched for a long time and finally found a sword that fits him.";"ğŸ‡ æ±Ÿæ¾„è§‰å¾—è‡ªå·±ä¸é€‚åˆåšå®¶ä¸»ï¼Œæ›´æ„¿æ„åšä¸€åè‡ªç”±è‡ªåœ¨çš„æ±Ÿæ¹–äººã€‚";"Jiang Cheng feels that he is not suitable to be the sect leader and would rather be a free and easy wanderer.";"ğŸ‡ è“æ›¦è‡£çš„æ€§æ ¼é€‚åˆåšä¸€ä¸ªå¥½å“¥å“¥ï¼Œä»–å¯¹å¼Ÿå¼Ÿä»¬éå¸¸å…³å¿ƒã€‚";"Lan Xichen's personality is suitable for being a good elder brother; he cares a lot for his younger brothers.";"ğŸ‡ é‡‘å­è½©è§‰å¾—è‡ªå·±é€‚åˆåšä¸€ä¸ªå¥½ä¸ˆå¤«ï¼Œæ‰€ä»¥å†³å®šå‘è“æ¹›æ±‚å©šã€‚";"Jin Zixuan feels that he is suitable to be a good husband, so he decides to propose to Lan Zhan."
"é€‚åº”";"shÃ¬yÃ¬ng";"/to adapt/to fit/to suit/";"é€‚ (fit)";"Other words using this character: åˆé€‚ (hÃ©shÃ¬); é€‚åˆ (shÃ¬hÃ©)";"åº” (respond)";"Other words using this character: åº”æ´";"ğŸ‡ é­æ— ç¾¡å¾ˆå¿«é€‚åº”äº†è“å®¶çš„ç”Ÿæ´»ã€‚";"Wei Wuxian quickly adapted to the life of the Lan family.";"ğŸ‡ è“å¿˜æœºçš„æ€§æ ¼ä¸å®¹æ˜“é€‚åº”å¤–ç•Œçš„å˜åŒ–ã€‚";"Lan Wangji's personality is not easy to adapt to external changes.";"ğŸ‡ æ¸©æƒ…é€‚åº”äº†æ–°çš„ç¯å¢ƒï¼Œå¼€å§‹äº†æ–°çš„ç”Ÿæ´»ã€‚";"Wen Qing adapted to the new environment and started a new life.";"ğŸ‡ é‡‘å‡Œé€‚åº”äº†æ–°çš„èº«ä»½ï¼Œæˆä¸ºäº†ä¸€åæ­£é“å¼Ÿå­ã€‚";"Jin Ling adapted to his new identity and became a disciple of the righteous path.";"ğŸ‡ è“æ›¦è‡£é€‚åº”äº†æ–°çš„èŒè´£ï¼Œæˆä¸ºäº†äº‘æ·±ä¸çŸ¥å¤„çš„æ–°ä¸»äººã€‚";"Lan Xichen adapted to his new responsibilities and became the new master of Cloud Recesses."
"ä¸–çºª";"shÃ¬jÃ¬";"/century/CL:å€‹|ä¸ª[ge4]/";"ä¸– (world)";"Other words using this character: ç››ä¸–ç¾é¢œ";"çºª (era)";"Other words using this character: ä¸­ä¸–çºª (zhÅngshÃ¬jÃ¬); çºªå½•ç‰‡ (jÃ¬lÃ¹piÄn)";"ğŸ‡ é­æ— ç¾¡å’Œè“å¿˜æœºçš„çˆ±æƒ…æ•…äº‹å°†è¢«ä¼ é¢‚åƒç§‹ï¼Œè½½å…¥å²å†Œï¼Œæˆä¸ºè¿™ä¸ªä¸–çºªçš„ä¼ å¥‡ã€‚";"The love story of Wei Wuxian and Lan Wangji will be passed down through the ages, recorded in history, becoming the legend of this century.";"ğŸ‡ é‡‘å‡Œæ˜¯è¿™ä¸ªä¸–çºªæœ€æ°å‡ºçš„å¹´è½»äººä¹‹ä¸€ï¼Œä»–çš„æˆå°±ä»¤äººç©ç›®ã€‚";"Jin Ling is one of the most outstanding young people of this century; his achievements are remarkable.";"ğŸ‡ è“æ›¦è‡£æ˜¯è¿™ä¸ªä¸–çºªæœ€æ°å‡ºçš„é•¿è€…ä¹‹ä¸€ï¼Œä»–çš„é£èŒƒä»¤äººæ•¬ä½©ã€‚";"Lan Xichen is one of the most outstanding elders of this century; his demeanor is admirable.";"ğŸ‡ é‡‘å…‰ç‘¶æ˜¯è¿™ä¸ªä¸–çºªæœ€å…·äº‰è®®çš„äººç‰©ä¹‹ä¸€ï¼Œä»–çš„è¡Œä¸ºè®©äººè´¹è§£ã€‚";"Jin Guangyao is one of the most controversial figures of this century; his actions are perplexing.";"ğŸ‡ æ±ŸåŒç¦»æ˜¯è¿™ä¸ªä¸–çºªæœ€ä¼Ÿå¤§çš„å§å§ä¹‹ä¸€ï¼Œå¥¹çš„ç‰ºç‰²å°†æ°¸è¿œè¢«é“­è®°ã€‚";"Jiang Yanli is one of the greatest sisters of this century; her sacrifice will be forever remembered."
"æ”¶";"shÅu";"to accept; to receive (money)";"related words";"æ”¶ (shÅu)This word generally means to receive, accept, or take in something, such as receiving a gift or accepting an invitation.å—åˆ° (shÃ²udÃ o)This word specifically means to receive or be subjected to something, often used in the context of receiving an impact, influence, or experience. For example, you can say æˆ‘æ”¶åˆ°äº†ä½ çš„ç¤¼ç‰© (wÇ’ shÃ²udÃ o le nÇ de lÇwÃ¹) to mean ""I received your gift,"" but you wouldn't use æ”¶ in this context.";"æ”¶ (receive)";"Other words using this character: æ”¶å›¾"
"æ”¶å…¥";"shÅurÃ¹";"/to take in/income/revenue/CL:ç­†|ç¬”[bi3],å€‹|ä¸ª[ge4]/";"æ”¶ (receive)";"Other words using this character: æ”¶å›¾";"å…¥ (enter)";"Other words using this character: å…¥ç”»; å…¥æ‰‹ (rÃ¹ shÇ’u); ä¹±å…¥";"ğŸ‡ é­æ— ç¾¡çš„æ”¶å…¥ä¸»è¦æ¥è‡ªäºä»–çš„æŠ“é¬¼ä¸šåŠ¡ã€‚";"Wei Wuxian's income mainly comes from his ghost-catching business.";"ğŸ‡ è“å¿˜æœºçš„æ”¶å…¥å¹¶ä¸å¤šï¼Œä½†ä»–ä»ä¸åœ¨ä¹è¿™äº›ç‰©è´¨ä¸Šçš„ä¸œè¥¿ã€‚";"Lan Wangji's income is not much, but he never cares about material things.";"ğŸ‡ é‡‘å‡Œçš„æ”¶å…¥æ¥æºäºå®¶æ—çš„äº§ä¸šï¼Œä»–æœ‰ç€ç›¸å½“å¯è§‚çš„é›¶èŠ±é’±ã€‚";"Jin Ling's income comes from the family's industry, and he has a considerable amount of pocket money.";"ğŸ‡ è“æ›¦è‡£çš„æ”¶å…¥å¤§éƒ¨åˆ†æçŒ®ç»™äº†ä¿®çœŸç•Œçš„æ…ˆå–„äº‹ä¸šï¼Œå—åˆ°äº†å¹¿æ³›çš„èµèª‰ã€‚";"Lan Xichen donates most of his income to the charitable cause in the cultivation world, receiving widespread praise.";"ğŸ‡ æ±Ÿæ¾„çš„æ”¶å…¥æ¥è‡ªäºä»–çš„ç”Ÿæ„å’Œå®¶æ—çš„äº§ä¸šï¼Œè®©ä»–è¿‡ä¸Šäº†å¯Œè£•çš„ç”Ÿæ´»ã€‚";"Jiang Cheng's income comes from his business and the family's industry, allowing him to live a prosperous life."
"æ”¶æ‹¾";"shÅushi";"/to put in order/to tidy up/to pack/to repair/(coll.) to sort sb out/to fix sb/";"related words";"æ”¶æ‹¾ (shÅushi)Means to tidy up, clean up, or put things in order, often used in the context of cleaning up a room or organizing personal belongings.æ•´ç† (zhÄ›nglÇ)Means to tidy up, organize, or sort things out, focusing on putting things in order or arranging them in a neat manner. For example, you could use æ”¶æ‹¾ (shÅushi) to say that you're tidying up your desk, but you wouldn't use æ•´ç† (zhÄ›nglÇ) in this context.";"æ”¶ (receive)";"Other words using this character: æ”¶å›¾";"æ‹¾ (pick up)";"Other words using this character: æ‹¾ (shÃ­)"
"é¦–éƒ½";"shÇ’udÅ«";"/capital (city)/CL:å€‹|ä¸ª[ge4]/";"é¦– (head)";"éƒ½ (capital city)";"Other words using this character: æˆ‘ä¼™å‘†; éƒ½æ•™æˆ (dÅ« jiÃ o shÃ²u)";"ğŸ‡ è“å¿˜æœºå’Œé­æ— ç¾¡æ›¾ç»ä¸€èµ·å»è¿‡é¦–éƒ½ã€‚";"Lan Wangji and Wei Wuxian once went to the capital together.";"ğŸ‡ é‡‘å‡Œçš„çˆ¶äº²ç»å¸¸å¾€è¿”äºé¦–éƒ½å’Œäº‘æ·±ä¸çŸ¥å¤„ã€‚";"Jin Ling's father often travels between the capital and the Cloud Recesses.";"ğŸ‡ è“æ›¦è‡£åœ¨é¦–éƒ½ä¸»æŒäº†ä¸€åœºç››å¤§çš„å®´ä¼šã€‚";"Lan Xichen hosted a grand banquet in the capital.";"ğŸ‡ æ±Ÿæ¾„åœ¨é¦–éƒ½å­¦ä¹ äº†å¾ˆå¤šæ­¦è‰ºã€‚";"Jiang Cheng learned a lot of martial arts in the capital.";"ğŸ‡ æ¸©æƒ…åœ¨é¦–éƒ½å­¦ä¹ åŒ»æœ¯ï¼Œæˆä¸ºäº†ä¸€åå‡ºè‰²çš„åŒ»å¸ˆã€‚";"Wen Qing studied medicine in the capital and became an excellent physician."
"é¦–å…ˆ";"shÇ’uxiÄn";"/first (of all)/in the first place/";"é¦– (head)";"å…ˆ (beforehand)";"Other words using this character: å…ˆæ£® (xiÄn sÄ“n); å…ˆé©¬åçœ‹";"ğŸ‡ é¦–å…ˆï¼Œæˆ‘ä»¬è¦è§£å†³é­æ— ç¾¡çš„å®‰å…¨é—®é¢˜ã€‚";"First of all, we need to solve the issue of Wei Wuxian's safety.";"ğŸ‡ é¦–å…ˆè¦å­¦ä¼šçš„æ˜¯å°Šé‡ä»–äººã€‚";"The first thing to learn is to respect others.";"ğŸ‡ é¦–å…ˆè¦åšçš„æ˜¯æ‰¾åˆ°å¤±è¸ªçš„äººã€‚";"The first thing to do is to find the missing person.";"ğŸ‡ é¦–å…ˆè¦æ˜ç¡®ç›®æ ‡ï¼Œç„¶åæ‰èƒ½åˆ¶å®šè®¡åˆ’ã€‚";"First, we need to clarify the goal, and then we can make a plan.";"ğŸ‡ é¦–å…ˆè¦äº†è§£é—®é¢˜çš„æœ¬è´¨ï¼Œæ‰èƒ½æ‰¾åˆ°è§£å†³çš„åŠæ³•ã€‚";"First, we need to understand the essence of the problem in order to find a solution."
"å—ä¸äº†";"shÃ²ubuliÇo";"/unbearable/unable to endure/can't stand/";"å— (to receive)";"ä¸ (no)";"Other words using this character: dbq; bhys; ä¸å–œå‹¿å–·; è¿™å±Š; ä¸æœæ†‹è‘— (bÃ¹ fÃº biÄ“ zhe); ä¸æœæ¥æˆ˜; ä¸å¿˜åˆå¿ƒ (bÃº wÃ ng chÅ« xÄ«n); æ¬²æ±‚ä¸æ»¡ (yÃ¹ qiÃº bÃ¹ mÇn); ä¸ä¼šèŠå¤©; ä¸å¿ç›´è§†; ç´¯è§‰ä¸çˆ±; ä¸è¦ä¸è¦ (bÃº yÃ o bÃº yÃ o)";"äº† (finish)";"Other words using this character: xswl; äº†è§£ä¸€ä¸‹ (liÇo jiÄ› yÃ­ xiÃ ); æ—¥äº†ç‹— (rÃ¬ le gÇ’u); æˆ‘ä¼™å‘†";"ğŸ‡ é­æ— ç¾¡å—ä¸äº†è“å¿˜æœºçš„å†·æ¼ ï¼Œäºæ˜¯ç¦»å¼€äº‘æ·±ä¸çŸ¥å¤„ã€‚";"Wei Wuxian couldn't bear Lan Wangji's indifference, so he left the Burial Mounds.";"ğŸ‡ æ¸©æƒ…å—ä¸äº†ä¸»äººçš„æ‚²ä¼¤ï¼Œäºæ˜¯å†³å®šå®ˆæŠ¤ä»–ä¸€ç”Ÿã€‚";"Wen Ning couldn't bear his master's sadness, so he decided to protect him for a lifetime.";"ğŸ‡ è“æ›¦è‡£å—ä¸äº†ä¿®çœŸç•Œçš„çº·äº‰ï¼Œäºæ˜¯é€‰æ‹©éšå±…ä¸å‡ºã€‚";"Lan Xichen couldn't bear the conflicts in the cultivation world, so he chose to live in seclusion.";"ğŸ‡ æ±Ÿæ¾„å—ä¸äº†å®¶æ—çš„ä¸å…¬ï¼Œäºæ˜¯å†³å®šç¦»å¼€äº‘æ¢¦æ±Ÿæ°ã€‚";"Jiang Cheng couldn't bear the injustice in the Jiang clan, so he decided to leave Yunmeng Jiang.";"ğŸ‡ é‡‘å‡Œå—ä¸äº†èˆ…èˆ…å¯¹é­æ— ç¾¡çš„æ€åº¦ï¼Œäºæ˜¯å†³å®šç¦»å¼€äº‘æ¢¦æ±Ÿæ°ã€‚";"Jin Ling couldn't bear his uncle's attitude towards Wei Wuxian, so he decided to leave Yunmeng Jiang."
"å—åˆ°";"shÃ²udÃ o";"/to receive (praise, an education, punishment etc)/to be ...ed (praised, educated, punished etc)/";"å— (to receive)";"åˆ° (to reach)"
"å”®è´§å‘˜";"shÃ²uhuÃ²yuÃ¡n";"shop assistant";"å”® (sell)";"è´§ (goods)";"Other words using this character: ç§è´§; å¦–è‰³è´±è´§; å¹²è´§; è¿™è´§";"å‘˜ (member)";"Other words using this character: æœåŠ¡å‘˜ (fÃºwÃ¹yuÃ¡n); è¿åŠ¨å‘˜ (yÃ¹ndÃ²ngyuÃ¡n); åšè¿åŠ¨å‘˜ (zuÃ² yÃ¹ndÃ²ngyuÃ¡n); ç¨‹åºå‘˜ (chÃ©ngxÃ¹yuÃ¡n); å‘˜å·¥ (yuÃ¡ngÅng); é£è¡Œå‘˜ (fÄ“ixÃ­ngyuÃ¡n); æ¼”å‘˜ (yÇnyuÃ¡n); è£å‘˜ (cÃ¡iyuÃ¡n); å…¬åŠ¡å‘˜ (gÅngwÃ¹yuÃ¡n); æ”¿åºœå®˜å‘˜ (zhÃ¨ngfÇ” guÄnyuÃ¡n)";"ğŸ‡ é­æ— ç¾¡åœ¨å¸‚åœºä¸Šå¶é‡äº†ä¸€ä¸ªçƒ­æƒ…çš„å”®è´§å‘˜ã€‚";"Wei Wuxian encountered an enthusiastic salesperson in the market.";"ğŸ‡ è“å¿˜æœºå¯¹å”®è´§å‘˜çš„æœåŠ¡æ€åº¦å¾ˆæ»¡æ„ã€‚";"Lan Wangji was very satisfied with the salesperson's service attitude.";"ğŸ‡ é‡‘å‡Œåœ¨å•†åœºé‡Œé‡åˆ°äº†ä¸€ä¸ªå”®è´§å‘˜ã€‚";"Jin Ling encountered a salesperson in the mall.";"ğŸ‡ æ¸©æƒ…å’Œå”®è´§å‘˜è®¨ä»·è¿˜ä»·ã€‚";"Wen Qing bargained with the salesperson.";"ğŸ‡ è“æ›¦è‡£å¯¹å”®è´§å‘˜çš„äº§å“å¾ˆæ„Ÿå…´è¶£ã€‚";"Lan Xichen was very interested in the salesperson's products."
"è¾“";"shÅ«";"/to lose; to be beaten/(bound form) to transport/(literary) to donate; to contribute/(coll.) to enter (a password)/";"related words";"è¾“ (shÅ«)Means to lose, be defeated, or to fail in a competition or game.å¤±è´¥ (shÄ«bÃ i)Means failure or to fail, often used in the context of not achieving a goal or losing in a competition.ä¸¢ (diÅ«)Means to lose or misplace something, often used in the context of losing personal belongings. For example, you could use è¾“ (shÅ«) to say that your team lost the game, but you wouldn't use å¤±è´¥ (shÄ«bÃ i) in this context.";"è¾“ (to lose)";"Other words using this character: è¾“å…¥å¯†ç  (shÅ«rÃ¹ mÃ¬mÇ); è¾“å‡º (shÅ«chÅ«)"
