搭配	vb
人工	adj/n
跪	vb
评选	vb
讨好	vb
吃力	adj
空军	n
脆弱	adj
黄色	n/adj
试点	vb/n
有思想	adj
绝	adj/adv/vb
演	vb
就是说	adv
忠心	n/adj
usb	n
破案	vb
转让	vb
蓝天	n
红茶	n
驻	vb
贺卡	n
性能	n
分成	vb/n
铃声	n
大量	adj/n/adv
阔	adj
王嘉尔	n
唇齿音	n
截至	pp
心	n
脸色	n
处分	vb/n
基地	n
桃花	n
温和	adj
免得	conj
风	n
波浪	n
喜爱	vb
天文	n
当老师	vb
没法儿	adv
病房	n
金钱	n
易建联	n
立	vb/adv
障碍	n
停下	vb
波动	vb/n
银行卡	n
农民工	n
文艺	n/adj
躲	vb
升值	vb/n
骑车	vb
提起	vb
路上	n
选举	vb/n
启动	vb
牙刷	n
约束	vb/n
悲伤	adj/n
工作室	n
墨鱼	n
关机	vb
检测	vb/n
进去	vb
见到	vb
败	vb
中医	n
罗锅	n/vb
短语	n
智能	n/adj
环节	n
保养	vb/n
天然气	n
这些	adj
引	vb
暴雨	n
扣	vb/n
羊驼毛	n
带有	vb
舍得	vb/adj
音节	n
畅通	adj/vb
扎实	adj
开花	vb
险	n/adj/adv
定价	vb/n
债	n
民意	n
预想到	vb
美金	n
助理	n
需求	n/vb
家人	n
跳水	vb/n
踏	vb
费	n/vb/adj
金融	n
期限	n
语系	n
大事	n
笔记	n/vb
采纳	vb
更加	adv
股东	n
隧洞	n
影星	n
里边	n
千克	measure
网球场	n
调料	n
那些	adj
量	vb/n/measure
器官	n
不时	adv
打车	vb
战略	n
手语	n
礼拜	n/vb
外头	n
饭	n
闭幕式	n
平手	n/vb
不禁	adv
商场	n
想法	n
字典	n
下雪	vb
车牌	n
野	adj/n
送给	vb
何必？	interj
传来	vb
移	vb
不但	conj
型号	n
以外	pp
前提	n
注射	n/vb
田径	n
声明	n/vb
专辑	n
开关	n/vb
日报	n
薯片	n
夜间	n
收取	vb
图书	n
围栏	n
教育部	n
融入	vb
援助	n/vb
价钱	n
银牌	n
特性	n
全场	n
挤喉音	n
形	n/vb
刺	n/vb
赶上	vb
混	vb/adj
捕	vb
高科技	n
不久	adv
台湾	n
下地狱	vb
含	vb
传言	n/vb
曾祖父	n
围墙	n
付	vb/measure
拿走狗	vb
姐妹	n
衡量	vb
大使	n
爽	adj/vb
称号	n
样	n/measure
行驶	vb
原始	adj
现有	adj/n
规范	n/vb
生火	vb
罪	n
等到	vb
笑话儿	n/vb
前三天	n
增值	vb/adj
即将	adv
无性恋	adj/n
中学生	n
望见	vb
打官司	vb
降临	vb/n
胶带	n
美	adj/vb
见过	vb
部落	n
变	vb/n
季度	n
拍照片	vb
列	vb/n
优良	adj
山	n
仙子	n
创作	n/vb
雨	n/vb
登录	vb
50集	n
行程	n
挖	vb
办公	vb/n
很自信	adj
灭	vb
后端	n
暂停	vb/n
全音	n
破解	vb
国外	n/adj
好友	n
软腭化	n
率领	vb
此时	n
楼梯	n
抬头	vb/n
炮	n/vb
接收	vb
酸奶	n
求职	vb/n
折	vb/n/measure
排水	vb/n
返回	vb
大都	adv/n
急	adj/vb
只不过	adv/conj
混乱	adj/n
关上	vb
特地	adv
再也	adv
迎来	vb
凶	adj/n
放大	vb
种种	adj
戏曲	n
海浪	n
音程	n
巩固	vb/adj
传递	vb
前天	n
当天	n
装置	n/vb
接下来	vb/adv
打雷	vb
进展	vb/n
遇见	vb
取款	n/vb
圣	adj/vb
立场	n
前后	n/adv
寻求	vb
奶牛	n
繁殖	vb/n
跳	vb
相机	n/adv
八爪鱼	n
国庆	n
侵犯	vb/n
祖国	n
书包	n
级	n/measure
战斗	vb/n
取款机	n
只	adj/adv/measure
处处	adv
少儿	n
听见	vb
省钱	vb
轮船	n
毛笔	n
山区	n
调节	vb/n
钢笔	n
转换	vb/n
路边	n
小朋友	n
两侧	n
长跑	n/vb
双打	n
中	vb/adj/n/adv
鸭子	n
康复	vb/n
餐	n/vb
某人	n
从中	pp
冷气	n
晚饭	n
假期	n
佛	n
收养	n/vb
跨	vb
救助	n/vb
温泉	n
病情	n
高原	n
侄子	n
写字台	n
人权	n
吉祥	adj
录	n/vb
不要	adv
测量	vb/n
管	vb/n/measure
定居	vb
外来	adj
紧紧	adv
再次	adv
耳机	n
黄	adj/vb/n
学	vb/n
转身	vb
音	n
密	adj/n
档案	n
仍	adv/vb
送气音	n
内衣	n
依照	pp
笔	n/vb/measure
节奏	n
核心词	n
冒	vb/adj/n
支援	vb/n
占有	vb
送礼	vb
档	n/measure
默认	vb/n
打败	vb
献	vb/n
变成	vb
哪里	adv/interj
糟	adj/n
撩	vb
针	n/measure
圆满	adj/adv
庇护	n/vb
凌晨	n
反问	vb/n
全力	n/adv
黑夜	n
诸位	n
撤离	vb
沿着	pp
罪恶	adj/n
餐饮	n
退票	n/vb
赞助	vb/n
艺人	n
停车	vb
肿	adj/vb/n
旁	n/adj
藏	vb/n
净效应	n
坐下	vb
裁判	vb/n
他们	n
职工	n
看成	vb
前年	n
后年	n
课题	n
反响	n
领袖	n
不通	adj/vb
火灾	n
查	vb
全家	n
小学	n
酒鬼	n
此前	adv
四处	adv
挺好	adj
焦点	n
慌	adj/adv/vb
有局限	vb
因	n/conj
含有	vb
灰色	adj/n
之间	n
墙壁	n
微信	n
戒毒	vb
考	vb/n
出租	vb/n
前景	n
轨道	n
团长	n
外衣	n
真理	n
近视	n/adj
爱国	adj/vb
要不然	conj
试图	vb
党	n
小于	pp
改	vb
定然	adv
元音	n
知名	adj
看好	vb
高速	adj/n
烟	n
本期	n
通讯	n/vb
课堂	n
泪	n
眼里	n
亲属	n
A变了	vb
只是	adv
次货	n
之前	n/pp
不成	vb/adv
王后	n
半决赛	n
赶不上	vb
走过	vb
待	vb
可比性	n
闭	vb
吞	vb
高度	n/adv
各个	adj/adv
认	vb
出台	vb
路口	n
得分	vb/n
气温	n
上衣	n
审核	n/vb
轮子	n
面向	vb/pp/n
全体	n/adj/adv
便是	vb/adv
水泥	n
胡同儿	n
分散	adj/vb
心脏病	n
膜	n
抄写	vb
补助	n/vb
职责	n
西医	n
房价	n
巡抚	n
中外	n/adj
时常	adv
市区	n
势力	n
隔开	vb/adj
上门	vb/adv
代理	n/vb
回去	vb
什么样	adj
参议员	n
客车	n
稿子	n
座谈会	n
面貌	n
机遇	n
神情	n
咽化	n
机械	n/adj
剪子	n
可许证	adj
薪水	n
屋	n
宏大	adj
本子	n
包装	n/vb
补考	n/vb
节假日	n
静	adj
名牌儿	n
留学生	n
晴朗	adj
边缘	n
内地	n
显出	vb
决不	adv
开夜车	vb
哪些	adj
救命	vb/interj
近日	n/adv
家园	n
池子	n
底部	n
有用	adj
组长	n
珠宝	n
北	n/vb
高等	adj
远方	n
强壮	adj
出行	n/vb
照顾者	n
追究	vb
打造	vb/n
购买	vb/n
柜子	n
物业	n
凡是	conj
工程	n
话	n
增长	vb/n
查看	vb
族	n
聘请	vb
窗口	n
握	vb
学院	n
彩色	n/adj
飞船	n
以上	adv
巴士	n
洗衣粉	n
待会儿	adv
楼房	n
前苏联	n
病人	n
想不到	adj
属于我	vb
制成	vb
联络	vb/n
摘眼镜	vb
画面	n
商城	n
脚趾	n
只有	conj
式体验	n
损害	vb/n
必将	adv
联想	n/vb
意味着	vb
有力	adj
用心	adv/n
音阶	n
沪语	n
飞行	n/vb
发圈	n
推行	vb
头脑	n
游行	n/vb
误解	n/vb
院长	n
创立	vb
太阳能	n
寺	n
因果	n
鳗鱼	n
早	adj/adv/interj
班长	n
地形	n
左	adj/n
指甲	n
头皮	n
周	vb/n/adj
添	vb
奶	n/vb
单人床	n
年度	n/adj
此次	adv
请进	vb
图	n/vb
搭档	vb/n
峰会	n
加强	vb
化石	n
培训班	n
出动	vb
挤	vb/adj
歌曲	n
仓库	n
半天	n/adv
品牌	n
协议书	n
团体	n
城镇	n
增强	vb
分工	n/vb
竞赛	vb/n
既	conj/adv
直线	n/adv
葡萄酒	n
篮球	n
上周	n
歌星	n
拉肚子	vb
缩写	n/vb
回避	vb
中级	adj
挣钱	vb
伙	n/measure/vb
矮小	adj
运行	vb/n
厂	n
高潮	n/vb
大门	n
议题	n
数数	vb
英勇	adj
上传	vb/n
南部	n
看得见	adj
救灾	n/vb
键	n
单	adj/adv/n
圣木	n
背后	n/adv
下楼	vb
捐助	vb/n
随	vb/adj/adv
有没有	vb
办学	vb
名义	n
狩猎	vb
地铁站	n
抢亲	vb
调情	vb
处罚	vb/n
排名	vb/n
所做	vb
眼	n
训诫	n/vb
干预	vb/n
裂	vb/n
船长	n
儿女	n
建成	vb
仍旧	adv
发出	vb
接到	vb
生肖	n
个体	n
准	vb/adj/adv
多样	adj/n
战胜	vb
老人	n
暖气片	n
身高	n
场面	n
请教	vb
再生	vb/n/adj
大学生	n
投票	vb/n
早晚	n/adv
泼	vb/adj
靠谱	adj
十足	adj/adv
城里	n
沉	vb/adj
正念	n
大小	n/adj
选拔	n/vb
做法	n
此	pron
起码	adj/adv
边境	n
运	vb/n
羊毛	n
渡	vb/n
胚子	n
前些年	n
强盗	n/vb
贴	vb/n/adj
有限	adj
好好	adv/adj
实惠	adj/n
上课	vb
消耗	vb/n
原告	n
相片	n
正规	adj
疼痛	adj/vb/n
不送气	adj
传	vb/n
夹	vb/n/adj
堵	vb/adj/n/measure
皮	n/adj
铁路	n
队长	n
一下儿	adv/measure
房租	n
本事	n
杰出	adj
剑鱼	n
兔	n
专题	n
更新	vb
用品	n
关爱	n/vb
作出	vb
修建	vb
教师	n
尽可能	adv
日夜	n/adv
已	adv
维护	vb
选修	vb/n
厂商	n
出于	pp
终止	vb/n
支撑	vb/n
叉	vb/n
监测	vb/n
今后	n
茶叶	n
糊	adj/vb/n
上边	n
岸上	n
延伸	vb
塑料	n
服从	vb
女生	n
衣架	n
绝望	adj/vb
紧密	adj
钢琴	n
会见	vb
尖	adj/n/vb
眼熟	adj
明亮	adj
列入	vb
表	n/vb
氧气	n
煤	n
热门	adj
创意	n/adj
治安	n
毫米	measure
过于	adv
当代	adj/n
保	vb
惊人	adj
早晨	n
读书	vb/n
右	adj/n
胆小	adj
而是	conj
流浪汉	n
分裂	vb/n
实力	n
闹	adj/vb
编制	n/vb
不顾	pp/vb
开幕	vb
无知	adj
会员	n
稍	adv
西餐	n
上去	vb/adv
高尚	adj
发病	vb
深化	vb
看病	vb
走进	vb
超出	vb
双手	n
传输	vb/n
摩擦	n/vb
迟	adj/adv
漏水	vb
由此	pp
斗争	vb/n
垃圾	n/adj
清醒	adj
打牌	vb
夫妻	n
学分	n
响声	n
熊	n/vb
鲱鱼	n
车站	n
拍照	vb
潮流	n
园林	n
恋亚癖	n
游人	n
电话	n
值班	vb
唐朝	n
杯	measure/n
消防	n/adj
多半	adv/n
发电	vb
捉	vb
成品	n
公共	adj
陪家人	vb
长假	n
遍布	vb/adj
名单	n
带动	vb
光荣	adj/n
名称	n
研制	vb
口袋	n
近来	adv
自我	n/adj
理财	vb/n
策略	n
券	n
点赞	vb/n
鲟鱼	n
邮票	n
民工	n
智力	n
上楼	vb
苍蝇	n
活力	n
孙女	n
做作	adj/n
让座	vb
当作	vb
多云	adj
抽奖	vb/n
被动	adj/n
外卖	n/adj/vb
大胆	adj/n
后	n/adj/adv
确保	vb
外文	n
冲击	vb/n
藐视	vb
慢热	adj
解开	vb
设想	vb/n
上天堂	vb
区分	vb
来历	n
栏目	n
作战	vb
会谈	n/vb
巧了	interj
测定	vb/n
考题	n
黄瓜	n
撑	vb
宝	n/adj
指着	vb
亚军	n
莫言	n
真的	adj/adv
模范	n/adj
天堂	n
练	vb/n
承办	vb
抵抗	vb/n
大巴	n
巧	adv/adj
年初	n
室	n
当爸爸	vb
高手	n
听讲	vb
美好	adj
小舌音	n
播	vb
小孩儿	n
英文	n
最佳	adj
记住	vb
体操	n
绩点	n
局限性	n
多年	adv
肺	n
产量	n
去掉	vb
请问	vb
前进	vb/n
分为	vb
拉开	vb
同	adj/adv/n
电影院	n
弯	adj/vb/n
中奖	vb
收听	vb
店	n
担保	vb/n
向前	vb/adv
投诉	n/vb
赠	vb
脚步	n
罢工	vb/n
进来	vb
男生	n
默默	adv
接连	adv
有劲儿	adj
必	adv
平原	n
跟随	vb
湖	n
志愿	n/vb
各位	n
餐馆	n
时光	n
天	n
组织者	n
皇帝	n
特定	adj
齐全	adj
热线	n
涨价	vb/n
信用	n/vb
语源	n
有要事	vb
领取	vb
桥梁	n
登山	vb/n
乘车	vb/n
盒饭	n
手段	n
担忧	vb/n
拆迁	vb/n
有事	vb/n
外人	n
提交	vb
遇	vb
费用	n
好转	vb/n
有空儿	vb
动画	n
窗台	n
老乡	n
部位	n
慢慢	adv
征服	vb
琴	n
公路	n
启事	n/vb
睡眠	n/vb
将近	adv
向导	n
最终	adj
卷	n/vb/measure
评测	n/vb
受	vb/adj
行李	n
解	vb/n
多元化	n/vb
炒作	vb/n
运动会	n
首次	adv/n
民间	adj/n
威尔士	n
人数	n
加上	vb/pp
猜测	n/vb
眼前	n/adj
送到	vb
签字	vb/n
总数	n
合并	vb
血清素	n
实验室	n
局面	n
调研	vb/n
想到	vb
计算机	n
半夜	n
肠	n
赛场	n
大妈	n
研发	vb/n
增进	vb
外出	vb
图画	n
城区	n
生	vb/adj/n
照镜子	vb
支付	vb
里头	n
得了	vb/interj
负	adj/vb/n
冲动	adj/n/vb
网页	n
依赖	vb/n
过道	n
用来	vb
流血	vb
研究所	n
楼道	n
附件	n
气	n/vb
使劲	vb
带领	vb
上来	vb
抽	vb
壮观	adj
坚定	adj
不易	adj/adv
那会儿	adv
这么	adv
新型	adj
招	vb/n
通	adj/vb
姓名	n
轮椅	n
布满	vb
睡	vb
清	adj/vb/n
叫外卖	vb
旋律	n
专利	n
公认	adj/vb
办事处	n
毒品	n
分类	vb/n
行李牌	n
专用	adj/vb
多次	adv
做到	vb
住宅	n
考验	n/vb
一集	measure/n
收费	vb
学员	n
出去	vb
花园	n
答	vb
地面	n
降	vb
真相	n
跳下床	vb
摇头	vb
可	vb/adj/adv/conj
大姐	n
报警	vb
队	n
大道	n
一向	adv
避	vb
代价	n
杆	n/measure
食欲	n
女	n/adj
妥协	vb/n
见	vb/n
看起来	vb
声门音	n
放下	vb
全国	adj/n
难以	adv
高考	n
复苏	vb
拜访	vb
走路	vb
眼光	n
不能不	adv
影片	n
出场	vb
替	vb/pp
子弹	n
演奏	vb/n
边	n
发炎	vb
奶粉	n
诞生	vb/n
不止	adv/vb
高价	n
牙	n
高温	n
脸盆	n
搜	vb
应	vb/aux
办	vb
仅	adv
共计	vb
癌症	n
赠送	vb
传出	vb
修	vb
抵达	vb
酱	n
干吗	adv
开通	vb/adj
快活	adj
应战	vb
井	n
早餐	n
转动	vb/n
对付	vb
剧	n/adj
解聘	vb
开机	vb
脱离	vb
今年	n
方针	n
民主	adj/n
想起	vb
潮	adj/n
火腿	n
记载	n/vb
激情	n
偏	adj/adv/vb
或是	conj
一点点	adv
教学楼	n
鬼	n
田	n
初步	adj
淡水鱼	n
到来	n/vb
方言	n
平方米	measure
四周	n
投	vb
岗位	n
脱欧	vb/n
助学金	n
大批	measure/n
塔	n
笑声	n
采购	vb/n
漏洞	n
出名	adj/vb
清洁工	n
拆除	vb
皮包	n
止	vb/adv
看作	vb
亲人	n
维他命	n
海边	n
印	n/vb
不吉利	adj
扎	vb/measure
转弯	vb/n
刚好	adv
鄙视	vb
金枪鱼	n
区域	n
心疼	adj/vb
补偿	vb/n
愿	n/vb/adj
山峰	n
汽车	n
加快	vb
白酒	n
原有	adj/vb
珍珠	n
敢于	vb
老年	n/adj
属	vb/n
不停	adv
时时	adv
要好	adj/vb
两边	n
渴望	vb/n
推动	vb
间谍	n
绿茶	n
地板	n
同一	adj
客气	adj
安置	vb
回信	vb/n
课本	n
兄长	n
这	pronoun
独自	adj/adv
没收	vb
低于	vb/pp
脚面	n
李文月	n
心态	n
幅度	n
加以	vb/adv
双性恋	n/adj
充足	adj
挨打	vb
场地	n
招呼	n/vb
快要	vb
变动	vb/n
隔	vb/pp
理性	n/adj
司长	n
认得	vb
表面上	adv
多媒体	n
找出	vb
国产	adj
印地语	n
看来	vb
总监	n
生活费	n
法庭	n
改装	vb
归主	vb
大致	adv
查出	vb
场馆	n
纸	n
院子	n
应对	vb/n
匿名的	adj
锤子	n
分辨	vb
老家	n
往年	n
青年	n/adj
开心果	n
楼下	n
猛	adj/adv
表亲	n
心中	n
整整	adj/adv
特	adj/adv
龙虾	n
变为	vb
钟	n/vb
影迷	n
午睡	n/vb
忽略	vb
递给	vb
中药	n
下课	vb
学年	n
流	vb/n
看上去	vb
直觉	n
景象	n
政权	n
川普	n
不值	adj/vb
重建	vb/n
录像	n/vb
领	vb/n
期末	n
系列	n
恶心	adj/vb/n
起到	vb
霸道	adj/n
参赛	vb
乳制品	n
蚊子	n
军舰	n
入	vb/n
没有	vb
凉	adj/vb
下面	n/adv
没错	interj/vb
波	n
之中	n
南极	n
停止	vb
食品	n
增	vb
保密	vb/n/adj
百货	n
能够	vb
沟	n
落汤鸡	n
对立	vb/adj/n
穿上	vb
主旋律	n
减轻	vb
转向	vb
成效	n
差异	n
阴谋	n/vb
为期	vb
特有	adj/vb
卫星	n
倒闭	vb
冬季	n
周年	n
当年	n/adv
推销	vb
豌豆	n
咳	vb/interj
将军	n/vb
世俗	adj/n
暖	adj/vb
起点	n
留下	vb
无效	adj
所长	n
球星	n
不料	adv
下次	n
微妙	adj
沙子	n
国民	n
阅览室	n
野生	adj
出院	vb
忍受	vb
电视机	n
讲话	vb/n
登	vb
一下子	adv
合成	vb/n/adj
跑	vb
后三天	n
事件	n
天上	n
值	vb/adj/n
缺陷	n
功课	n
埋	vb
户	n
封闭	adj/vb
学者	n
权	n/adv
大伙儿	n
教学	vb/n
情感	n
陆军	n
海军	n
小众	adj/n
中学	n
道教	n
小组	n
神	n/adj
快速	adj
为主	vb
作	vb/n/adj
毫升	measure
流通	vb/n
撒娇	vb
聚	vb
电动车	n
外币	n
战友	n
玉	n
舞	n/vb
职能	n
屏幕🖥	n
棉	n
乌云	n
超越	vb
窗子	n
未分化	adj
内外	n/adv
科	n/vb
热水	n
出事	vb
内华达	n
依法	pp
汉字	n
一米九	measure
中年人	n
袋	n/measure
便条	n
南北	n
底下	n/adv
好似	vb
午餐	n
落实	vb/adj
调解	vb/n
职务	n
地下	adj/n/adv
果树	n
协会	n
网吧	n
评论	vb/n
网友	n
猥琐	adj
动摇	vb
宽度	n
联赛	n
东北	n
建造	vb
榨汁	vb
地上	n/adv
涉及	vb
跳远	vb/n
延期	vb/n
正如	conj
爆	vb
拿走	vb
前来	vb
社会学	n
同行	n/vb
连词	n
儿科	n
捐赠	vb/n
早饭	n
线索	n
齿龈音	n
吉利	adj
按	vb/pp
靠自己	vb
指责	vb/n
发言人	n
号召	vb/n
模样	n
码头	n
一代	n
清明节	n
过度	adj/adv
句	measure/n
大大	adv
沿海	adj/n
虽	conj
轻声	n/adv
福	n
酸菜鱼	n
依旧	adv
跨性别	adj/n
端	n/vb/adj
就是	adv
考场	n
引进	vb
保健	n/vb
部	measure/n
填	vb
打发	vb
发怒	vb
美女	n
中央	adj/n
报考	vb
倾向	n/vb
电动	adj
一时	n/adj/adv
消费者	n
期	n/vb
用不着	adv
赶到	vb
革新	vb/n
前边	n
一带	n
下边	n
难度	n
温馨	adj
显	vb/adj
刮	vb
政党	n
车号	n
不见	vb/adj
光辉	adj/n
体检	n/vb
品质	n
葬礼	n
兴趣	n
自	pp/adv
古	adj
近音	n
渣男	n
辅音	n
体积	n
背着	pp/adv
阶级	n
西南	n/adj
检验	vb/n
精美	adj
陪同	vb/n
不至于	adv
景	n/vb
收回	vb
全球	adj/n
手	n
低头	vb
星期日	n
电源	n
女性	n
上级	n
以内	pp
内在	adj
和谐	adj/vb/n
场景	n
特质	n
音量	n
少年	n/adj
酷	adj
持有	vb
上下	n/adv
伤员	n
转发	vb
名	n/adj
过时	adj/vb
胜负	n
其	pp
装饰品	n
迷人	adj
睡着	vb
秋季	n
比重	n
说明书	n
以下	pp
一同	adv
挨着	pp/adv
流感	n
技巧	n
言语	n/vb
深入	adj/vb
烤肉	n
正版	adj/n
要素	n
借鉴	n/vb
红包	n
直升机	n
雄伟	adj
泥	n/adj
入门	n/vb
常	adv/adj
车	n/vb
发觉	vb
自学	vb/n
纯律	n
减	vb
作废	vb
能不能	adv
具有	vb
占有欲	adj
亚运会	n
书法	n
赛	vb/adj/n
战术	n
青旅	n
大学	n
铺	vb/n
通话	n/vb
足	adj/n
消除	vb
村	n
自在	adj
金额	n
伏笔	n
的话	conj
关联	n/vb
医疗	n/adj
残疾	n/adj
选手	n
受灾	vb/adj
站住	vb
拥有	vb
获	vb
烧水	vb
海外	n/adj/adv
合	vb/adj/measure
童话	n
大人	n
不少	adj/n
床	n
汇款	n/vb
录音机	n
挑	vb
梦到	vb
公正	adj
归	vb
好听	adj
恩人	n
初期	n
歌手	n
家里	n
倒下	vb
途中	n
相亲角	n
火车	n
台风	n
难看	adj
设立	vb
层面	n
但是	conj
预计	vb/adj
报答	vb
发放	vb
富有	adj/vb
清蒸	vb/adj
罢了	adv
网上	n/adj/adv
保安	n/vb
水库	n
风光	n/adj
总部	n
数目	n
外观	n
顾问	n
不光	adv
早已	adv
地下室	n
箱	n
恰恰	adv
动手	vb
戏	n/vb
看出	vb
露	vb/n
马蜂	n
短期	adj/n
博士后	n
唤醒	vb
擦音	n
墓	n
高峰	n
在内	pp
山坡	n
旅客	n
若	conj/adv
师生	n
闪	vb/n
公	adj/n/vb
有口音	vb
算	vb
乐趣	n
觉	n/vb/adj
分解	vb/n
创建	vb/n
却是	adv
达成	vb
名人	n
刷子	n
好事	n
模式	n
多数	n/adj
保守	adj/vb
愤怒	n/adj
毒	n/adj/vb
猴	n
治	vb/n
长处	n
同期	n/adj
假日	n
同样	adj/adv
扁	adj/vb
奶茶	n
有的是	vb
黑色	n/adj
好看	adj
兵	n
此致	interj
一身	n/adj
缺	vb/n
寸	measure/adj
先后	adv/n
设计师	n
开车	vb
东南	n
江	n
替代	vb/n
增多	vb
盒	measure/n
炒股	vb
出门	vb
松树	n
时节	n
命大	adj
南方	n
但	conj
以后	n/pp
豆制品	n
闲	adj/vb/n
慰问	n/vb
含量	n
电视台	n
高于	pp/vb
事	n
委托	vb/n
宝石	n
眼中	n
钱包	n
中小学	n
刚刚	adv
占据	vb
整治	vb
小学生	n
严	adj
点名	vb/n
全都	adv
忘	vb
反	vb/adj/adv
园	n
类	n/vb/adj
摆脱	vb
便利	vb/adj/n
怨	vb/n
汽水	n
吊	n/vb
版	n
泥板	n
鼻炎	n
本土	n/adj
雪糕	n
习得	vb
船员	n
方便面	n
宁静	adj/n
工作日	n
远处	n
决策	vb/n
负责任	adj
一齐	adv
肯	vb/adj
策划	vb/n
不免	adv
脚印	n
信任他	vb
房屋	n
欢乐	n/adj
初	n/adj
抽样	n/vb
国	n
期中	adj/n
原先	adv
相互	adj/adv
总体	adj/n
动态	adj/n
切实	adj/adv
日落	n/vb
评判	vb/n
提升	vb/n
热水器	n
中部	n
送行	vb
灯光	n
遗产	n
揣测	n/vb
平坦	adj
撤销	vb
报刊	n
难得	adj/adv
种植	vb
科目	n
水槽	n
处长	n
事后	n/adv
某事	n
父母	n
好多	adj/adv
开展	vb
博览会	n
总	adv/adj/vb
越来越	adv
时机	n
卷入	vb
通报	vb/n
拍摄	vb
失误	n/vb
防守	vb/n
上市	vb/adj
间接	adj
防	vb
法制	n
查询	vb/n
清理	vb/adj
集	vb/n
侥幸	adv/adj
伤亡	n/vb
异常	adj/adv
先进	adj
球员	n
指数	n
大米	n
奴才样	adj
惊喜	n/adj
大后天	n
奴才	n
短片	n
在场	vb/adj
晚安	interj
无法	adj/vb
内心	n
围	vb/n
闪音	n
如同	conj
一次性	adj
所在	n
两岸	n
水分	n
化解	vb/n
参展	vb
当成	vb/pp
灾区	n
集团	n
天黑	adj/vb
种族	n
大爷	n
义乌	n
路过	vb
前	adj/n/adv
指定	vb
赌	vb/n
北部	n
来往	vb/n
大规模	adj
协调	vb/adj
打开	vb
一行	n/measure
金牌	n
读音	n
这样	adv/adj/conj
灾	n
停留	vb
母	n
崇拜	vb/n
老头儿	n
上帝	n
线下	n/adj/adv
特别是	adv
往来	n/vb
清晨	n
语音	n
本身	n
平台	n
等候	vb
会长	n
变性	vb/n
科技	n
航空	n
地名	n
送气	n
一句话	n
无关	adj
用于	vb
齐	adj/adv
圆珠笔	n
笑脸	n
污水	n
忍	vb
修车	vb/n
例外	n/adj
动员	vb/n
阻碍	vb/n
药片	n
面子	n
心灵	n/adj
侄女	n
街区	n
操作	vb/n
吸管	n
马车	n
游戏机	n
她们	n
学霸	n
盛行	vb/adj
毕业生	n
顽强	adj
犯规	vb/n
上车	vb
做饭	vb
纯	adj/adv
亏	n/adv
狠	adj/adv/vb
宽广	adj
话剧	n
游	vb/n
部长	n
资助	vb/n
租金	n
走开	vb
测评	vb/n
咱	n
回收	vb/n
听取	vb
帝国	n
升高	vb
鸡	n
被告	n
跌	vb
今日	n
改造	vb/n
两个月	n
试题	n
修复	vb
单打	n/vb
雅思	n
示范	vb/n
不甚至	adv
平淡	adj
外边	n
防止	vb
新手	n
渠道	n
阴影	n
诗人	n
不太	adv
为何	adv
乡	n
争议	vb/n
看到	vb
考察	vb/n
疗养	vb/n
电车	n
城乡	n/adj
患者	n
新人	n
演唱	vb/n
只得	adv/vb
地带	n
人家	n
车主	n
勺	n/measure
干什么	interj
牢	n/adj
上线	vb
扮演	vb
联盟	n
高大	adj
退出	vb
以往	n/adj
痕迹	n
难听	adj
摩托	n
向上	adj/adv
藏语	n
财富	n
从小	pp
赶忙	adv/vb
点头	vb/n
平凡	adj
老是	adv
旅店	n
打断	vb
下周	n
法规	n
赞赏	vb/n
燃料	n
长寿	n/adj
相应	vb/adj
入学	vb/n
气体	n
旋转	vb/n
违背	vb
掏	vb
困惑	adj/n
自主	adj/vb
无疑	adv
鼻音化	n
体育场	n
服	n/vb
炸毛了	vb
斤	measure
安抚	vb
泉	n
照样	adv/conj
油	n/adj
帅哥	n
过长	adj
价	n/adj
乐队	n
上次	n
不曾	adv
人士	n
爆发	vb/n
摔	vb
占领	vb
粥	n
规划	n/vb
整	adj/adv/vb
觉醒	n/vb
模特儿	n
大街	n
园地	n
这儿	n
就业	vb/n
转化	vb/n
库	n
默契	n/adj
道路	n
大奖赛	n
岁月	n
时装	n
白色	n/adj
狂	adj
于	pp
出售	vb
电力	n
获取	vb
偷偷	adv
美容	n/vb
年前	n
连续性	n
配	vb
定	vb/adj
冰沙	n
老朋友	n
节能	vb/adj
主办	vb/n
排球	n
评估	vb/n
凶手	n
上涨	vb/n
分组	n/vb
歌唱	n/vb
特意	adv
补习	vb/n
敏	adj
是不是	interj
卧铺	n
来源	n
做梦	vb/n
防范	vb/n
懂得	vb
残疾人	n
沿	pp/vb/n
面前	n
双唇音	n
冷水	n
传达	vb
男朋友	n
味儿	n
技能	n
光是吃	vb
影视	n
辈	n/measure
家电	n
中等	adj
打动	vb
老奶奶	n
华语	n
景点	n
哇	interj
游玩	vb/n
潜力	n
机关	n
清洁	adj/vb
读者	n
寒冷	adj/n
之内	n
茄子	n
照相	vb
加	vb
回应	n/vb
攻击	n/vb
升级	vb
解说	vb/n
下车	vb
随后	adv
开创	vb
解除	vb
简介	n/adj
你们	n
强迫	vb/adj
努力💪	vb
只见	vb
群众	n
星星	n
降价	vb
照耀	vb
正当	adj
扇	n/vb/measure
总体上	adv
怎么办	vb
现场	n
吸烟	vb
之下	n
中断	vb
用处	n
夺剑	vb
顾	vb
丢失	vb/adj
优质	adj
白领	n/adj
货	n
梵语	n
确立	vb
资本	n
推出	vb
看管	vb
树叶	n
增产	vb
乘客	n
清洗	vb
词	n
调	vb/n/adj
袖珍	adj
说法	n
书店	n
指出	vb
悲惨	adj
遭受	vb
物品	n
完了	vb
处	vb/n/measure
股	n/measure
答复	n/vb
过来	vb/adv
松	adj/vb/n
身上	n
促销	n/vb
物价	n
如下	conj
拨打	vb
活	adj/vb/n
乘	vb/num/measure/n
板	adj/n/vb
逃走	vb
视角	n
胸部	n
内爆音	n
坏人	n
年底	n
丰收	vb/n
小声	adv/vb
歌声	n
电灯	n
外科	n
有关	adj/vb
学渣	n
泡	n/vb/measure
无限	adj
土著	n/adj
下班	vb
如此	adv
俄语	n
牌	n
大厅	n
重组	n/vb
治理	n/vb
色	n
支出	n/vb
它们	n
日语	n
民歌	n
有利于	vb
外部	n/adj
刷	vb
此后	adv
依据	n/pp
好玩儿	adj
渐渐	adv
一方面	adv
出访	vb
为止	pp
自杀	vb/n
新年	n
蓝领	n
中华	n
构建	vb/n
树林	n
预期	vb/n/adj
上演	vb
商标	n
一半	n/num
起诉	vb/n
尝试	vb/n
晒黑	vb
不同的	adj
架	n/vb/measure
辅助	vb/adj
回顾	vb/n
开业	vb
花费	vb/n
回复	vb/n
动机	n
共有	vb/adj
家属	n
到期	vb
红色	n/adj
解放	vb/n
海报	n
时事	n
散	vb/adj
学会	vb/n
步	n/measure
绘画	n/vb
晕车	n/vb
剧院	n
获奖	vb
不怎么	adv
线	n
靠近	vb/adj
配备	vb/n
花时间	vb
为难	adj/vb
昌盛	adj/vb
为此	pp
前方	n
延续	vb/n
便于	vb
选	vb
图案	n
再说	adv/vb
外汇	n
轮	n/vb/measure
赖	vb/adj
许可	vb/n
脑子	n
铁	n/adj
母女	n
国歌	n
信箱	n
胡子	n
发起	vb
治病	vb
进入	vb
主体	n
揭	vb
剩下	vb/adj/adv
指头	n
学费	n
东边	n
供应	vb/n
没电🪫	adj
罐头	n
执行	vb
卫生	n/adj
月份	n
成本	n
从不	adv
环	n/vb/measure
演唱会	n
学时	n
泪水	n
写字楼	n
更是	adv
试验	n/vb
三明治	n
车上	n
晓得	vb
理智	adj/n
情形	n
肝	n/vb
相比	vb
慢车	n
要不是	conj
补课	vb
设置	vb/n
警告	n/vb
威尼斯	n
没事儿	adj
护肤品	n
听说	vb
随意	adj/adv
笔试	n
风暴	n
卷舌音	n
拐	vb/n/num
汇	vb/n
较	vb/adv
识	n/vb
细菌	n
面条儿	n
终身	adj/adv/n
端午节	n
当初	n/adv
二手	adj/n
进一步	vb/adv
增大	vb/n
电	n/adj/vb
题材	n
鼠	n
剑	n
产业	n
给予	vb
听写	n/vb
不满	adj
原理	n
丧失	vb
下降	vb/n
明日	n
河	n
内耗	n/vb
难题	n
彩票	n
比方	n/vb/conj
联合国	n
认定	vb/n
收藏	n/vb
步行	vb/n
主管	n/adj
广阔	adj
章	n/measure
不幸	n/adj/adv
制约	vb/n
中餐	n
打	vb
曾	adv/adj
监督	vb/n
多久	adv
精	adj/n
笑容	n
小提琴	n
负债	vb/n
球队	n
名胜	n
环保	adj/n
途径	n
诗歌	n
很麻烦	adj
东部	n
交费	vb
机构	n
跳高	vb/n
拼	vb/adj
搞好	vb
造型	n/vb
审查	n/vb
博客	n
食道癌	n
证实	vb
职位	n
月收入	n
换算	vb/n
球拍	n
排行榜	n
吸	vb
协商	vb/n
逃跑	vb
至	pp/adv
绿色	adj/n
预备	vb/n
塞	vb/n
没想到	vb
镜头	n
不一定	adv
路线	n
音像	adj/n
拾	vb/num
晚点	adj/n
或	conj
驾照	n
艰难	adj
层次	n
拖	vb
有害	adj
掉头发	n
评	vb/n
拿到	vb
大声	adj/adv
实行	vb
沉重	adj
通信	vb/n
违规	n/vb
品种	n
官司	n
厨师	n
大多	adv
放到	vb
贫困	adj/n
微波炉	n
事故	n
此事	n
调动	vb/n
机器人	n
福利	n
软腭音	n
深厚	adj
回报	n/vb
使得	vb
高层	adj/n
合约	n
晚餐	n
线路	n
内蒙古	n
手续费	n
播出	vb
消灭	vb
交代	vb
过渡	n/vb
兴旺	adj/vb
塔罗牌	n
语言学	n
交警	n
协助	vb
收音机	n
领先	adj/vb
令	vb/n/adj
必需	adj/vb/n
据	pp/vb/n
发布	vb/n
徒弟	n
品	vb/n
实施	n/vb
大赛	n
挑选	vb
深处	n
全年	adj/n
终点	n
嘛	interj
换季	n
相等	adj/vb
稳	adj/adv
啦	interj
签名	n/vb
下个月	n
周期	n
一路上	adv
汇报	vb/n
举动	n
浙江	n
提出	vb
带来	vb
扭	vb
之外	pp
声	n/measure
头疼	adj/vb
那样	adj/adv
近义词	n
研究生	n
首脑	n
倒车	vb
目光	n
沉浸	vb
列为	vb
还有	adv
回来	vb
维生素	n
出面	vb
愁	vb/adj
队员	n
居住	vb
开头	vb/n
顽皮	adj
签订	vb
聊天儿	vb/n
成交	vb/n
空中	n
海底	n
面对面	adv
访问	vb/n
感到	vb
鞋	n
薯条	n
一些	adj/measure
马路	n
打包	vb
打破	vb
划分	vb/n
支配	vb/n
遭遇	vb/n
挨	vb/adj/adv
战场	n
舌头	n
注重	vb
主持人	n
山谷	n
符号	n
安	vb/adj
普及	vb/adj
故乡	n
制订	vb
争夺	vb
干涉	vb
矿	n
夏季	n
特价	n
争	vb
来到	vb
自身	n
赏	vb/n
此处	n
好学	adj
年收入	n
养老	vb/n
好久	adv
医药	n
船只	n
命案	n
创办	vb
就要	adv
签约	vb
一流	adj
不必	adv
弹	vb/n
过年	vb
低温	adj/n
处在	vb
读硕士	vb
大海	n
订	vb
牺牲	vb/n
总量	n
宇航员	n
新兴	adj/n
长期	adj/adv/n
捐款	vb/n
娃娃	n
当场	adv
慌忙	adj/adv
认出	vb
晚报	n
西北	n/adj
男女	n
上台	vb
花瓶	n
收看	vb
小偷儿	n
有的	adj
墨水	n
著作	n/vb
惨	adj/adv
那边	n
月底	n
打击	vb/n
女朋友	n
毁	vb
在家	adv
深海鱼	n
鉴定	n/vb
不同	adj
众多	adj
远离	vb
前头	n
也好	adv
老太太	n
适用	adj/vb
车展	n
近期	n/adv
外面	n
叫作	vb
一路	adv/n
队伍	n
传媒	n
不够	adj/vb
机动车	n
讲课	vb
力	n/adv
括号	n
升学	vb
显著	adj
桂花	n
意识	n/vb
眼看	vb/adv
个儿	n
暴风雨	n
剧场	n
旅行社	n
天下	n
画儿	n
雨水	n
上个月	n
熟人	n
漫长	adj
信念	n
典礼	n
健全	adj/vb
后边	n
夫人	n
直到	pp
下来	vb/adv
延迟	n/vb
书桌	n
单一	adj
加入	vb
历经	vb
手里	n
…极了	adv
救援	n/vb
事业	n
消耗尽	vb
羊	n
识字	vb
大力	adv/adj
来信	vb/n
能否	adv
葫芦	n
暴露	vb/adj
住房	n
票价	n
衬衣	n
多种	adj
快点儿	vb/adv
有着	vb
祖父	n
透	vb/adv/adj
长大	vb
讲述	vb
发动	vb
压迫	vb/n
储存	vb/n
除	vb/pp
炸	vb/adj
迷信	n/vb
频繁	adj/adv
之类	n
请客	vb
变形	vb/n
月球	n
外资	n
先锋	n
人事部	n
没用	adj
指标	n
厂长	n
证	n/vb
尺	n/measure
祝	vb
共享	vb
师徒	n
孤儿	n
处于	vb
武器	n
冰	n/adj
男士	n
太空	n
梅花	n
人间	n
药品	n
当中	n/adv
通行	vb/adj
城	n
博主	n
大脑	n
造	vb/n/measure
不许	vb
舞蹈	n/vb
另	adj/adv
暖气机	n
划船	vb/n
海湾	n
上升	vb/n
家长	n
防治	vb
强度	n
宫	n
学科	n
招财猫	n
肩	n/vb
港口	n
女子	n
酒水	n
杀手	n
坡	n/adj
听到	vb
生成	vb
男性	n/adj
故障	n/vb
钦佩	vb
奏	vb
编	vb
观看	vb
鱿鱼	n
认可	n/vb
法	n/vb
无边	adj
通红	adj/vb
就算	conj
才能	n
纸老虎	n
虫子	n
利	adj/n/vb
部队	n
先前	adv/n
融合	vb/n
净	adj/adv/vb/n
煎	vb
二维码	n
神奇	adj
足以	adv
大众	n/adj
不便	adj/vb
主导	adj/vb
农产品	n
疯	adj/vb
歌词	n
长远	adj/n
午饭	n
快餐	n
仪器	n
歌	n/vb
旅馆	n
军人	n
泡沫	n
约	n/vb/adv
更换	vb
西部	n
回到	vb
果酱	n
快车	n
预测	n/vb
考核	vb/n
分离	vb/n
唱	vb
西式	n/adj
红酒	n
杀死	vb
不行	adv/vb
白天	n
对外	adj/adv
风度	n
倡导	vb
新娘	n
酒	n
大哥	n
出来	vb
不良	adj
出汗	vb/n
站台	n/vb
宽阔	adj
外国	n
海水	n
春季	n
上面	n/adv
夺取	vb
开设	vb
弯曲	adj/vb/n
熟	adj/vb
罚	vb/n
染	vb
深深	adv
踢	vb/n/adj
抢救	vb/n
问路	vb
特大	adj
总经理	n
将	adv/vb/n/measure
胜	vb/adj/n
违法	adj/vb
发射	vb/n
真诚	adj/n
如一	adj
体力活	n
绿化	n/vb
探讨	vb
冰雪	n
班级	n
晴天	n
测	vb
结	vb/adj/n
注视	vb/n
压	vb/n
订阅	vb/n
流动	vb/adj
大多数	n
整顿	vb/n
剪	vb/n
搭	vb
喷	vb/adj
得到	vb
往后	adv
摔进	vb
球鞋	n
开启	vb
暗示	vb/n
倒是	adv
不利	adj
不再	adv
公安	n
新郎	n
强大	adj
细胞	n
奔跑	vb
不染尘	adj
电饭锅	n
原	adj/n/vb
午夜	n
热点	n
长久	adv/adj
如	conj/vb
首相	n
界	n
小篆	n
差别	n
优先	adv
早期	n/adj
全	adj
一生	n
中年	n/adj
对抗	vb/n
番	measure/n/adj
分数	n
得出	vb
举报	vb/n
横	adj/adv
回见	interj
期望	vb/n
迷	adj/n
突破	vb/n
药水	n
平稳	adj
跟前	n
乐曲	n
危机	n
展现	vb
悬	vb/adj
干扰	vb/n
用户	n
串	vb/n/measure
杂	adj/vb
母子	n
一块儿	measure/adv
引导	vb/n
病	n/vb
急救	n/vb
交易	vb/n
通道	n
找借口	vb
而不是	conj
舞台	n
变更	vb/n
混合	vb/adj/n
理想化	vb
摄像	n/vb
不大	adj/adv
水产品	n
洗衣机	n
扑	vb
爱人	n
截止	vb/n/adj
岛	n
语源学	n
称为	vb
常常	adv
长短	n/adj
笼子	n
气象	n/adj
当做	vb
掌声	n
从没	adv
拿出	vb
讨吃的	vb
严厉	adj
打球	vb
应急	vb/adj
贴纸	n
应当	adv
继承	vb
牵	vb
冬眠	vb/n
男	n/adj
末	n/adj
尺寸	n
小红书	n
西边	n
转移	vb/n
赔	vb
那儿	n
将要	adv
共	adj/adv
得以	vb/adv
一道	adv/measure
消毒	n/vb
约定	n/vb
加盟	vb
羽绒服	n
缘故	n
妙	adj
凉水	n
网址	n
素质	n
工夫	n
纯净水	n
安乐死	n
宝宝	n
前往	vb
光线	n
一番	measure/adj
哈哈	interj
胖子	n
操纵	vb
养	vb
守	vb
害	vb/adj/n
求	vb
热量	n
乐	adj/vb/n
创新	vb/n
拔	vb
市民	n
一贯	adj/adv
逼	vb
公母	n
侧	n/adj/vb
国会	n
连接	vb/n
球场	n
法语	n
互动	vb/adj
鼓	n/vb/adj
存款	n/vb
进攻	vb/n
仰	vb
车票	n
织	vb
大师	n
本人	n
不仅仅	adv
空儿	n
整天	adv
散文	n
东方	n
暴力	n/adj
浮	vb/adj
用得着	adj
账	n
护	vb
瓶	n/measure
心里	n
国内	adj/n
一口气	n/adv
黑天鹅	n
小型	adj
主流	n/adj
人脉	n
短处	n
循环	vb/n
合肥话	n
证书	n
远远	adv
闭幕	vb/n
土猫	n
摄像头	n
嫌	vb/n
派出	vb
大纲	n
要么	conj
脆	adj/adv
场合	n
唱片	n
实际上	adv
季	n/measure
度	n/measure/vb
盔甲	n
飞	vb
只管	adv
体力	n
别的	adj/n
怎样	adv
社	n
公告	n/vb
南边	n
学位	n
基金	n
路人甲	n
同胞	n
非得	adv
不对	adj
扩展	vb/n
定期	adv/adj
可乐	n/adj
比分	n
通知书	n
水灾	n
民警	n
定时	vb/adj/adv
坚固	adj
名誉	n
海鲈	n
打架	vb
采集	vb
正义	n/adj
紧	adj/adv
统计	n/vb
都市	n
好运	n
留言	vb/n
理	n/vb
烟花	n
点燃	vb
好人	n
亲眼	adv
百分点	n
时	n
鲜	adj/adv/n
嘴巴	n
肥	adj/vb/n
深度	n
皮球	n
降温	vb/n
医学	n
漫画	n
回国	vb
不错	adj
母鸡	n
超	vb/adv
恰当	adj
常规	adj/n
电器	n
各地	n
电子版	n
推进	vb
昏	adj/vb
大熊猫	n
机制	n
很难说	adj
父子	n
辞典	n
外地	n
薄弱	adj
走私	vb/n
英语	n
甄嬛传	n
家养的	adj
间	n/vb/measure
踏实	adj/vb
缩小	vb
震惊	vb/n
变换	vb/n
我醒了	vb
率先	adv/vb
多方面	adj
身边	n
起	vb/measure/adv
犯	vb/n
街头	n
不敢当	vb
逃脱	vb
市	n
快递	n/vb
枝	n/measure
血管	n
经费	n
伤	vb/n
男子	n
珍贵	adj
适当	adj
只能	adv
搭嘴音	n
死亡	vb/n
玳瑁猫	n
动人	adj
工艺	n
杀毒	n/vb
楼上	n
形态	n
托	vb/n
书房	n
古老	adj
等级	n
看得起	vb
有人	n
困扰	vb/n
中毒	n/vb
全新	adj
负伤	vb/adj
工商	n
罗非鱼	n
陷入	vb
球	n
测试	n/vb
断联系	vb
星期天	n
此刻	n
野餐	n/vb
长度	n
落	vb/adj
配置	n/vb
钻	n/vb
假定	vb/adj/n
夺	vb
交给	vb
报销	vb
负担	n/vb
加热	vb/n
记	vb/n/measure
初等	adj
必修	adj/vb
知足	adj/vb
天赋	n/vb
供给	n/vb
时而	adv
配套	vb/adj
本土的	adj
那么	adv
动	vb
早就	adv
公众	n
后头	n/adv
强化	vb/n
零｜〇	num
fu	n
齿音	n
两手	n
看待	vb
运作	n/vb
标题	n
定位	vb/n
加油	vb/n
遭到	vb
协议	n
自然光	n
诚信	n
口号	n
意志	n
鲜明	adj
肉	n
门诊	n
尤其是	adv
当前	adj/n
住院	vb
北极	n
全世界	n
中式	n/adj/vb
盗版	n/adj/vb
蒙	vb/adj
王	n/vb
微博	n
隐藏	vb/adj
透露	vb
散漫	adj
相声	n
门口	n
足球	n
以便	conj
纠纷	n
分行	n
夜里	n
广	adj
院	n
徒步	adv
联手	vb
代表团	n
请坐	vb
听众	n
出入	n/vb
依靠	vb
开学	vb
金	n/adj
安检	n/vb
名额	n
收购	vb/n
尽	vb/adj/adv
构造	n/vb
磨	vb/n
修养	n/vb
烧	vb/n/adj
插件	n/vb
道	n/vb/measure
亲	adj/n/vb/adv
之一	n
包围	vb/n
出路	n
管道	n
常用	adj
歌迷	n
取得	vb
不在乎	vb
离不开	vb
领养	vb
型	n
顺	adj/vb/adv
场所	n
强势	adj
心愿	n
这里	n
人力	n
硅谷	n
杂草	n
正是	adv
下去	vb/adv
保卫	vb/n
这边	n
收集	vb/n
饥荒	n
洋	n/adj
元素	n
关怀	n/vb
手法	n
胆	n
父女	n
有效	adj
后天	n/adj
虎	n
人群	n
科研	n/vb
厅	n
奉献	vb/n
订婚	vb
那里	n
瓜	n
当选	vb
镇	n/vb/adj
叹气	vb
对应	adj/vb
前端	n/adj
常年	adj/adv/n
漩儿	n
硌	vb
书呆	n
概率	n
缝纫	vb/n
睡袋	n
耳塞	n
反腐	n/vb
螃蟹	n
语法格	n
潲	vb
腐败	n/vb/adj
剥	vb
刺绣	vb/n
蹭饭	vb
加湿器	n
帐篷	n
随和	adj
特产	n
捷克语	n
大白天	n
红楼梦	n
密度	n
蛤蜊	n
章鱼	n
发呆	vb
开胃	vb/adj
山丘	n
走廊	n
刺眼	vb/adj
图瓦人	n
摄氏度	n
篮球队	n
没礼貌	adj
拆哪儿	n
正宗	adj/adv/n
一个湖	n
注释	n/vb
不自在	adj
代笔	vb
代词	n
挑水	vb
停电	vb
办手续	vb
柏林	n
苏州	n
判	vb
芹菜	n
圈外人	n
痛	n/vb/adj
瞎扯蛋	vb
词汇表	n
富裕	adj/vb
复活节	n
中国菜	n
企业家	n
歐楂	n
地标	n
对称	adj/n
慰安妇	n
西兰花	n
拿去	vb
中世纪	n
年末	n
兽医	n
程序员	n
连帽衫	n
原版	n/adj
蓝莓	n
简体字	n
纯素食	n/adj
阴暗	adj
公厕	n
阿根廷	n
自来水	n
山脉	n
旧金山	n
磨砂	n/vb
为她想	vb
性情	n
日食	n
燕麦粥	n
发邮件	vb
鱼缸	n
伴侣	n
亲情	n
拆二代	n
赌场	n
嘹亮	adj
种菜	vb
混血儿	n
一场雪	n
过日子	vb
搞乱	vb
百分比	n
歌单	n
老总	n
好莱坞	n
瞎说	vb
感人	adj
好胜	adj
打广告	vb
新教	n
烤箱	n
华氏度	n
两年后	n/adv
审美	n/vb
杏仁膏	n
刻薄	adj/vb
高血压	n
批判	n/vb
猜灯谜	vb
谈恋爱	vb
涩	adj
芸薹属	n
过新年	vb
粤菜	n
量词	n
过马路	vb
清真寺	n
专注	vb/adj
不要脸	adj/vb
蜘蛛网	n
蜻蜓	n
红牛	n
波恩	n
球棍	n
首饰	n
工位	n
多元	adj
宗教	n
湾区	n
王莉莎	n
疾病	n
疫苗	n
才华	n
版本	n
没效果	adj/v
眼影	n
恐怖片	n
白塔	n
孤独	adj/n/vb
交税	vb
坏了	adj/interj/vb
大洋洲	n
释迦果	n
一家人	n
吃素	vb
副词	n
尝尝	vb
感恩节	n
不合理	adj
闪离	vb
交叉	vb
爱说话	adj
可数	adj
棺材	n
高调	adj/n
掉东西	vb
说漏嘴	vb
骑着	vb
蒸鸡蛋	vb
堕落	vb/adj
瑞典	n
同性恋	n
定义	n/vb
打鼾	vb
祖宗	n
给你看	vb
守旧	adj
清真	adj
单词卡	n
坏习惯	n
国旗	n
词根	n
指示牌	n
低-高	adj
一把伞	n
火警	n
臊	adj/n/vb
二十年	n
好奇心	n
神圣性	n
崩溃	vb/n
帖子	n
一美分	n
愉悦	adj/n/vb
直男	n
天然	adj
一万	n/num
高管	n
一把刀	n
疫情	n
面筋	n
钱不够	adj
不夜城	n
闪婚	vb/n
大腿	n
欺负	vb
咨询室	n
一群人	n
说真话	vb
南方人	n
带头	vb
我睡了	vb
游乐园	n
哈尔滨	n
蜜月期	n
赚钱	vb
一个梗	n
非洲	n
山寨品	n
着迷	adj/vb
小偷	n
门把	n
旗子	n
学武术	vb
背心	n
爱情片	n
看电视	vb
纯洁性	n
牛角包	n
器材	n
进取	adj/vb
存起来	vb
祖传	adj
动词	n
养活	vb
肾	n
裳雅楠	n
娱乐圈	n
粗鲁	adj
谜语	n
付钱	vb
到时候	adv
普拉提	n
山脚	n
面团	n
聊	vb/adj/adv
过塑	vb
粉丝	n
汉族	n
笔名	n
残酷	adj
生日卡	n
政策	n
租房子	vb
遛狗	vb
动漫	n
西柚	n
预约	vb/n
母语	n
强令	vb
萝卜	n
天主教	n
洛杉矶	n
杏仁糊	n
性丑闻	n
症状	n
蜘蛛	n
奢侈品	n
惊讶	adj/vb/n
时区	n
抚养权	n
旅游区	n
纽约	n
抄袭	vb
坍塌	vb/n
灵魂	n
买方	n
月末	n/adv
接电话	vb
大堂	n
体谅	vb
会议室	n
亚洲人	n
一顿饭	n
打八折	vb
舞蹈课	n
柚子	n
吸血鬼	n
农历	n
信仰	n/vb
放大招	vb
抗议	vb/n
炫耀	vb
残忍	adj
野人	n
奇特	adj
打屁股	vb
有钱人	n
圣诞节	n
藏起来	vb
高冷	adj
手腕	n
害虫	n
有美感	adj
纪录片	n
发短信	vb
放烟花	vb
许可证	n
主角	n
手肘	n
卵	n
分担	vb
尴尬	adj
炒鸡蛋	vb/n
俏皮	adj
杏仁	n
火盆	n
教堂	n
判决	n/vb
侵略	vb/n
一节课	n
教科书	n
淡水	n/adj
买菜	vb
虚弱	adj
新历	n
广萝丽	n
迸发	vb
泡面	n
泡茶	vb
配音	n/vb
白大褂	n
搞混	vb
草莓	n
张个儿	vb
素食	n/adj/vb
水很深	adj
比萨饼	n
东亚	n
丢垃圾	vb
前排	n
富人	n/adj
？	interj
搞笑	adj/vb
有意义	adj/vb
山顶	n
退货	vb
占星	n/vb
本地	adj/n
好好儿	adv
圣经	n
爆炸	n/vb
你身边	n
五星	n/adj
王一然	n
高颧骨	n
瞎扯	vb/n
自治县	n
虚伪	adj
礼堂	n
手臂	n
你呀	interj/pron
非洲舞	n
小腿	n
东岸	n
爱玩	adj/vb
箭	n
觉悟	n/vb
猜想	n/vb
荒凉	adj
X以上	n
运动鞋	n
一首歌	n
推开门	vb
志向	n
腐烂	vb
荒郊	n
唐人街	n
集训课	n
流量	n
加班费	n
音乐家	n
情侣	n
芝麻糊	n
凉鞋	n
幽默感	n
月薪	n
洗手液	n
摇摆舞	n
赛马	n/vb
浴袍	n
麸质	n
贪钱	adj/vb
家族	n
混乱的	adj
变老了	vb
吊瓶	n
校内	adj/n
纳粹	n/adj
王蕴宏	n
一楼	n
迪士尼	n
神殿	n
香菜籽	n
山脊	n
脱帽子	vb
富二代	n
俗语	n
买单	vb/n
解读	vb/n
很烦	adj/vb
对了	interj/adv
一对一	n/adj
公司法	n
新西兰	n
内在美	n
曹励嘉	n
强迫症	n
打字	vb
菜花	n
敲字	vb
睡衣	n
祖先	n
做标记	vb
好坏	n/adj
忍着	vb
有效果	adj
古希腊	n
早点	n/adv
骨肉	n
病床	n
后院	n
躺平	vb
出轨	vb
波士顿	n
躲猫猫	n/vb
有耐心	adj
摆着	vb
一支笔	n
候选人	n
躲起来	vb
幻灯片	n
极端	adj/n
有市场	adj
红肉橙	n
棕色	adj/n
软化	vb
歧视	vb/n
尖脸	n
编程	vb/n
隐私	n
开聚会	vb
华尔街	n
包容	vb/n/adj
县城	n
保姆	n
代购	vb/n
做完	vb
截图	vb/n
时薪	n
行星	n
低调	adj/adv/n
北方人	n
西岸	n
备份	vb/n
戴口罩	vb
益虫	n
贪心	adj
前男友	n
在一起	vb/adj
感应器	n
卫衣	n
家人们	n
逛街	vb
卖艺	vb
遗传病	n
粉末	n
校外	adj/n
欧盟	n
算是	vb
休息室	n
越南语	n
山火	n
排除法	n
人情美	n
犹太人	n
软柿子	n
热可可	n
宫崎骏	n
以色列	n
村里	n
律法	n
王奶婷	n
好的	adj/adv/interj
暖心	adj/n
发音	vb/n
山腰	n
叶子华	n
煎鸡蛋	vb
谣言	n
毛毯	n
发微信	vb
膝盖	n
石家庄	n
陌生人	n
商业区	n
卷心菜	n
希腊语	n
比方说	vb
隐喻	n/vb
舔	vb
浪漫的	adj
料子	n
看情况	vb
营造	vb
没人管	n/vb
立体	adj/n
强奸	vb/n
朋友圈	n
说到	vb
吐实	vb
虚假	adj/n
精致	adj
诶	interj
不可数	adj
一封信	n
表情包	n
籍贯	n
微信群	n
弦	n
乱象	n
咪雅	n
自律	vb/n
甜品	n
恰好	adv
猫粮	n
收起来	vb
弥补	vb
卡通片	n
煮鸡蛋	n
养老院	n
傻逼	n
部首	n
急救箱	n
野外	n
枣	n
樱桃	n
办公楼	n
不可能	adj/vb
韭菜	n
花钱	vb
唯独	adv
心水	n
墓碑	n
链接	n/vb
天使	n
首选	n/vb/adj
同义词	n
插队	vb
恒星	n
抓马	n/adj
繁体字	n
在街上	pp
看不懂	vb
读书会	n
错过	vb
打疫苗	vb
外在	adj/n
住宅区	n
情绪化	adj/vb
剪羊毛	vb
T恤	n
棒球棒	n
赌博	vb
拖鞋	n
插头	n
古罗马	n
孔雀	n
牛	n/adj/interj
办签证	vb
庭院	n
颧骨	n
打游戏	vb
丹麦	n
冰川	n
放音乐	vb
日料	n
有道理	adj/vb
动作片	n
成年人	n
梗	n
冬令时	n
通电	vb
拉伸	vb
说废话	vb
车来了	vb
抢工作	vb
观光	vb/n
炒蔬菜	vb
一条鱼	n
没事了	vb
抚养	vb
通勤	vb/n
内向	adj/n
蟑螂	n
音乐圈	n
娃娃菜	n
冷漠	adj/n/vb
等等	adv/interj
不舒服	adj/vb
奇妙	adj
段落	n
菜市场	n
说谎	vb
盾	n
打印机	n
艺术家	n
有面子	adj/vb
比起	pp
有出息	adj/vb
交网费	vb
攀岩	vb/n
卖方	n
卡农	n
杨红	n
屁股	n
上火	vb
弓	n
泰国	n
坦然	adj/adv
搬到	vb
手痒痒	adj/vb
翻译笔	n
一条蛇	n
岁数	n
拿来	vb
爱师克	n
调头	vb/n
棘手	adj
流汗	vb
越南	n/adj
华尔兹	n/vb
柿子	n
流浪者	n
枪手	n
认同	vb
轮滑	n/vb
做好	vb
一场雨	n
板棍	n
爱干净	adj
自驾游	n/vb
飞行员	n
朋友们	n
泛音列	n
芥菜种	n
万圣节	n
防晒霜	n
品味	n/vb
抑郁症	n
惊悚片	n
相爱	vb
药妆店	n
露营	n/vb
好笑	adj
中性	adj/n
糖果	n
放牛	vb
西班牙	n/adj
揉面团	vb
发帖子	vb
奇观	n
欧美	n/adj
幸福感	n
裁员	vb
双胞胎	n
插座	n
从商	vb
薅羊毛	vb
货币	n
钟头	n/measure
说错	vb
寺庙	n
小柴胡	n
价值观	n
形容词	n
过节	vb
印度菜	n
感应	n/vb
降落伞	n
室友	n
赔钱	vb
很可惜	adj/adv
龚美丽	n
听不懂	vb
市中心	n
主语	n
玫瑰花	n
一棵树	n
灯笼	n
腥	adj/n
名词	n
搅拌	vb
特色菜	n
露馅	vb
撒谎	vb
藏族	n/adj
说实话	vb
八宝汤	n
政客	n
熟成	adj/vb
唠嗑	vb
算了	vb/interj
冰雕节	n
孔明灯	n
纠正	vb
一首诗	n
沈朗天	n
受欢迎	adj/vb
烦躁	adj
噩梦	n
村庄	n
长裤	n
橙子	n
道家	n/adj
口音	n
