"雪很美丽。";"xuě hěn měilì.";"Snow is beautiful.";"雪 (snow; xuě; hsk2|nhsk2)";"snow; (literary) to wipe away (a humiliation etc); surname Xue; CL:场[cháng]";"很 (very; hěn; hsk1|nhsk1)";"(adverb of degree)/quite/very/awfully";"美丽 (beautiful; měilì; hsk4|nhsk3)";"beautiful"
"他扭动着身体跳舞。";"tā niǔdòng zhe shēntǐ tiàowǔ.";"He twists his body while dancing.";"他 (he; tā; hsk1|nhsk1)";"he; him (used for either sex when the sex is unknown or unimportant)/(used before sb's name for emphasis)/(used as a meaningless mock object)/(literary) other";"扭动 (niǔdòng; non-hsk)";"No definition found";"着 (move/touch; zhāo||zháo||zhe||zhuó; hsk2|nhsk1|nhsk4)";"(chess) move; trick; all right!; (dialect) to add||to touch; to come in contact with; to feel; to be affected by; to catch fire; to burn; (coll.) to fall asleep; (after a verb) hitting the mark; succeeding in||aspect particle indicating action in progress or ongoing state||to wear (clothes); to contact; to use; to apply";"身体 (body; shēntǐ; hsk2|nhsk1|stront1)";"the body/one's health";"跳舞 (dance; tiàowǔ; hsk2|nhsk3)";"to dance"
"服务员，请给我菜单。";"fúwùyuán, qǐng gěi wǒ càidān.";"Waiter, please give me the menu.";"服务员 (waiter; fúwùyuán; hsk2|stront1)";"waiter/waitress/attendant/customer service personnel/CL:个[gè],位[wèi]";"请 (ask; qǐng; hsk1|nhsk1)";"to ask/to invite/please (do sth)/to treat (to a meal etc)/to request";"给 (give; gěi||jǐ; hsk2|nhsk1)";"to; for; for the benefit of; to give; to allow; to do sth (for sb); (grammatical equivalent of 被); (grammatical equivalent of 把); (sentence intensifier)||to supply; to provide";"我 (I; wǒ; hsk1|nhsk1)";"me; my; I";"菜单 (menu; càidān; hsk3|nhsk2)";"menu/CL:份[fèn],张[zhāng]"
"我们一起去踢足球吧！";"wǒmen yīqǐ qù tīzúqiú bā!";"Let's go play soccer together!";"我们 (we; wǒmen; hsk1|nhsk1)";"we; us; ourselves; our";"一起 (together; yīqǐ; hsk2|nhsk1)";"in the same place/together/with/altogether (in total)";"去 (to go; qù; hsk1|nhsk1)";"to go/to go to (a place)/(of a time etc) last/just passed/to send/to remove/to get rid of/to reduce/to be apart from in space or time/to die (euphemism)/to play (a part)/(when used either before or after a verb) to go in order to do sth/(after a verb of motion indicates movement away from the speaker)/(used after certain verbs to indicate detachment or separation)";"踢足球 (play football; tīzúqiú; hsk2)";"play footbal";"吧 (bar; bā||ba||biā; hsk2|nhsk1)";"bar (loanword) (serving drinks, or providing Internet access etc); to puff (on a pipe etc); (onom.) bang; abbr. for 貼吧|贴吧[tiē bā]||(modal particle indicating suggestion or surmise); ...right?; ...OK?; ...I presume.||(onom.) smack!"
"别再吹牛了，告诉我真相吧。";"bié zài chuīniú le, gàosu wǒ zhēnxiàng bā.";"Stop talking big, tell me the truth.";"别 (Don’t; bié||bié||biè; hsk2)";"to part (from); (literary) to differentiate; to distinguish; (bound form) other; another; different; don't ...!; to fasten with a pin or clip; to stick in; to insert (in order to hinder movement); (noun suffix) category (e.g. 性別|性别[xìng bié], 派別|派别[pài bié])||to make sb change their ways, opinions etc; surname Bie||to leave";"再 (again; zài; hsk2|nhsk1)";"again; once more; re-/second; another/then (after sth, and not until then)/no matter how ... (followed by an adjective or verb, and then (usually) 也[yě] or 都[dōu] for emphasis)";"吹牛 (talk big; chuīniú; hsk6)";"to talk big/to shoot off one's mouth/to chat (dialect)";"了 (finish; le||liǎo||liǎo; hsk1|nhsk1|nhsk3)";"(completed action marker); (modal particle indicating change of state, situation now); (modal particle intensifying preceding clause)||to finish; to achieve; variant of 了[liǎo]; to understand clearly||(of eyes) bright; clear-sighted; to understand clearly";"告诉 (tell; gàosù||gàosu; hsk2|nhsk1|stront2|stront3)";"to press charges; to file a complaint||to tell; to inform; to let know";"我 (I; wǒ; hsk1|nhsk1)";"me; my; I";"真相 (the truth; zhēnxiàng; hsk6|nhsk5)";"the truth about sth; the actual facts";"吧 (bar; bā||ba||biā; hsk2|nhsk1)";"bar (loanword) (serving drinks, or providing Internet access etc); to puff (on a pipe etc); (onom.) bang; abbr. for 貼吧|贴吧[tiē bā]||(modal particle indicating suggestion or surmise); ...right?; ...OK?; ...I presume.||(onom.) smack!"
"我们已经买好票了。";"wǒmen yǐjīng mǎihǎo piào le.";"We have already bought the tickets.";"我们 (we; wǒmen; hsk1|nhsk1)";"we; us; ourselves; our";"已经 (already; yǐjīng; hsk2|nhsk2|stront3)";"already";"买好 (mǎihǎo; non-hsk)";"to ingratiate oneself";"票 (ticket; piào; hsk2|nhsk1)";"ticket/ballot/banknote/CL:张[zhāng]/person held for ransom/amateur performance of Chinese opera/classifier for groups, batches, business transactions";"了 (finish; le||liǎo||liǎo; hsk1|nhsk1|nhsk3)";"(completed action marker); (modal particle indicating change of state, situation now); (modal particle intensifying preceding clause)||to finish; to achieve; variant of 了[liǎo]; to understand clearly||(of eyes) bright; clear-sighted; to understand clearly"
"这个女人非常勇敢。";"zhège nǚrén fēicháng yǒnggǎn.";"This woman is very brave.";"这个 (zhège; non-hsk)";"(pronoun) this/(adjective) this";"女人 (wife; nǚrén||nǚren; hsk2|nhsk1)";"woman||wife";"非常 (very; fēicháng; hsk2|nhsk1)";"very; really/unusual; extraordinary";"勇敢 (brave; yǒnggǎn; hsk4|nhsk4)";"brave; courageous"
"我哥哥喜欢打篮球。";"wǒ gēge xǐhuan dǎlánqiú.";"My older brother likes to play basketball.";"我 (I; wǒ; hsk1|nhsk1)";"me; my; I";"哥哥 (older brother; gēge; hsk2)";"older brother/CL:个[gè],位[wèi]";"喜欢 (like; xǐhuan; hsk1|nhsk1)";"to like; to be fond of";"打篮球 (play basketball; dǎlánqiú; hsk2)";"play basketball"
"他在玩手机。";"tā zài wán shǒujī.";"He is playing with his cell phone.";"他 (he; tā; hsk1|nhsk1)";"he; him (used for either sex when the sex is unknown or unimportant)/(used before sb's name for emphasis)/(used as a meaningless mock object)/(literary) other";"在 (exist; zài; hsk1|nhsk1)";"to exist; to be alive/(of sb or sth) to be (located) at/(used before a verb to indicate an action in progress)";"玩 (play; wán; Taiwan pr. wàn; hsk2)";"to play; to have fun; to trifle with; toy; sth used for amusement; to keep sth for entertainment";"手机 (cell phone; shǒujī; hsk2|nhsk1)";"cell phone/mobile phone/CL:部[bù],支[zhī]"
"手表很贵。";"shǒubiǎo hěn guì.";"The wristwatch is expensive.";"手表 (wristwatch; shǒubiǎo; hsk2|nhsk2)";"wristwatch/CL:块[kuài],只[zhī],个[gè]";"很 (very; hěn; hsk1|nhsk1)";"(adverb of degree)/quite/very/awfully";"贵 (expensive; guì; hsk2|nhsk1)";"expensive/(bound form) highly valued; precious/(bound form) noble; of high rank/(prefix) (honorific) your"
"公司正在招收新员工。";"gōngsī zhèngzài zhāoshōu xīn yuángōng.";"The company is recruiting new employees.";"公司 (company; gōngsī; hsk2|nhsk2|stront1|stront3)";"company; firm; corporation/CL:家[jiā]";"正在 (just at; zhèngzài; hsk2|nhsk1)";"just at (that time)/right in (that place)/right in the middle of (doing sth)";"招收 (recruit; zhāoshōu; hsk6)";"to hire/to recruit";"新 (new; xīn; hsk2|nhsk1)";"abbr. for Xinjiang 新疆[Xīn jiāng] or Singapore 新加坡[Xīn jiā pō]; new; newly; meso- (chemistry); surname Xin";"员工 (staff; yuángōng; hsk5|nhsk3|stront1|stront3)";"staff; personnel; employee"
"她浏览了一下报纸。";"tā liúlǎn le yīxià bàozhǐ.";"She skimmed over the newspaper.";"她 (she; tā; hsk1|nhsk1)";"she";"浏览 (browse; liúlǎn; hsk5)";"to skim over/to browse";"了 (finish; le||liǎo||liǎo; hsk1|nhsk1|nhsk3)";"(completed action marker); (modal particle indicating change of state, situation now); (modal particle intensifying preceding clause)||to finish; to achieve; variant of 了[liǎo]; to understand clearly||(of eyes) bright; clear-sighted; to understand clearly";"一下 (give it a go; yīxià; hsk2)";"(used after a verb) give it a go/to do (sth for a bit to give it a try)/one time/once/in a while/all of a sudden/all at once";"报纸 (newspaper; bàozhǐ; hsk2|nhsk2)";"newspaper/newsprint/CL:份[fèn],期[qī],张[zhāng]"
"等一下再吃，让它凉一会儿。";"děng yīxià zài chī, ràng tā liáng yīhuìr.";"Wait a bit before eating, let it cool down for a while.";"等 (wait; děng; hsk2)";"to wait for; to await/by the time; when; till/and so on; etc.; et al./(bound form) class; rank; grade/(bound form) equal to; same as/(used to end an enumeration)/(literary) (plural suffix attached to a personal pronoun or noun)";"一下 (give it a go; yīxià; hsk2)";"(used after a verb) give it a go/to do (sth for a bit to give it a try)/one time/once/in a while/all of a sudden/all at once";"再 (again; zài; hsk2|nhsk1)";"again; once more; re-/second; another/then (after sth, and not until then)/no matter how ... (followed by an adjective or verb, and then (usually) 也[yě] or 都[dōu] for emphasis)";"吃 (eat; chī; hsk1|nhsk1)";"to eat; to consume; to eat at (a cafeteria etc); to eradicate; to destroy; to absorb; to suffer (shock, injury, defeat etc)";"让 (yield; ràng; hsk2|nhsk2|stront1)";"to yield/to permit/to let sb do sth/to have sb do sth/to make sb (feel sad etc)/by (indicates the agent in a passive clause, like 被[bèi])";"它 (it; tā; hsk2|nhsk2)";"it";"凉 (cool; liáng||liáng||liàng; nhsk2)";"the five Liang of the Sixteen Kingdoms, namely: Former Liang 前涼|前凉 (314-376), Later Liang 後涼|后凉 (386-403), Northern Liang 北涼|北凉 (398-439), Southern Liang 南涼|南凉[Nán Liáng] (397-414), Western Liang 西涼|西凉 (400-421)||cool; cold||to let sth cool down";"一会儿 (moment; yīhuìr; also pr. yī huǐ r; hsk3|nhsk1|stront2|stront3)";""
"他已经到了机场。";"tā yǐjīng dào le jīchǎng.";"He has already arrived at the airport.";"他 (he; tā; hsk1|nhsk1)";"he; him (used for either sex when the sex is unknown or unimportant)/(used before sb's name for emphasis)/(used as a meaningless mock object)/(literary) other";"已经 (already; yǐjīng; hsk2|nhsk2|stront3)";"already";"到 (to reach; dào; hsk2|nhsk1|stront1)";"to reach; to arrive/to leave for; to go to/to (a place); until (a time); up to (a point)/(verb complement indicating arriving at a place or reaching a point)/considerate; thoughtful; thorough";"了 (finish; le||liǎo||liǎo; hsk1|nhsk1|nhsk3)";"(completed action marker); (modal particle indicating change of state, situation now); (modal particle intensifying preceding clause)||to finish; to achieve; variant of 了[liǎo]; to understand clearly||(of eyes) bright; clear-sighted; to understand clearly";"机场 (airport; jīchǎng; hsk2|nhsk1)";"airport; airfield/(slang) service provider for Shadowsocks or similar software for circumventing Internet censorship/CL:家[jiā],处[chù]"
"为什么你不告诉我？";"wèishénme nǐ bù gàosu wǒ?";"Why didn't you tell me?";"为什么 (why; wèishénme; hsk2|nhsk2)";"why?/for what reason?";"你 (you; nǐ; hsk1|nhsk1)";"you (informal, as opposed to courteous 您[nín]); you (Note: In Taiwan, 妳 is used to address females, but in mainland China, it is not commonly used. Instead, 你 is used to address both males and females.)";"不 (no; bù; hsk1|nhsk1)";"no; not so/(bound form) not; un-";"告诉 (tell; gàosù||gàosu; hsk2|nhsk1|stront2|stront3)";"to press charges; to file a complaint||to tell; to inform; to let know";"我 (I; wǒ; hsk1|nhsk1)";"me; my; I"
"她正在洗袜子。";"tā zhèngzài xǐ wàzi.";"She is washing the socks.";"她 (she; tā; hsk1|nhsk1)";"she";"正在 (just at; zhèngzài; hsk2|nhsk1)";"just at (that time)/right in (that place)/right in the middle of (doing sth)";"洗 (wash; xǐ; hsk2|nhsk1)";"to wash; to bathe/to develop (photographs)/to shuffle (cards etc)/to erase (a recording)";"袜子 (socks; wàzi; hsk4|nhsk4)";"socks/stockings/CL:只[zhī],对[duì],双[shuāng]"
"他进了房间，关上了门。";"tājìn le fángjiān, guānshàng le mén.";"He entered the room and closed the door.";"他进 (tājìn; non-hsk)";"No definition found";"了 (finish; le||liǎo||liǎo; hsk1|nhsk1|nhsk3)";"(completed action marker); (modal particle indicating change of state, situation now); (modal particle intensifying preceding clause)||to finish; to achieve; variant of 了[liǎo]; to understand clearly||(of eyes) bright; clear-sighted; to understand clearly";"房间 (room; fángjiān; hsk2|nhsk1|stront1|stront3)";"room/CL:间[jiān],个[gè]";"关上 (close; guānshàng; nhsk1)";"to close (a door)/to turn off (light, electrical equipment etc)";"了 (finish; le||liǎo||liǎo; hsk1|nhsk1|nhsk3)";"(completed action marker); (modal particle indicating change of state, situation now); (modal particle intensifying preceding clause)||to finish; to achieve; variant of 了[liǎo]; to understand clearly||(of eyes) bright; clear-sighted; to understand clearly";"门 (gate; mén; hsk2|nhsk1)";"gate; door; gateway; doorway; opening; valve; switch; way to do something; knack; family; house; (religious) sect; school (of thought); class; category; phylum or division (taxonomy); classifier for large guns; classifier for lessons, subjects, branches of technology; (suffix) -gate (i.e. scandal; derived from Watergate); surname Men; CL:扇[shàn]; CL:个[gè]"
"都说了多少次了，你还不听？";"dū shuō le duōshǎo cì le, nǐ hái bù tīng?";"I've told you so many times, and you still don't listen?";"都 (capital city; dū||dōu||dū; hsk1|nhsk1)";"both; entirely; (used for emphasis) even; already; (not) at all||capital city; metropolis; surname Du||all";"说 (speak; shuì||shuō; hsk1|nhsk1|stront2|stront3)";"to persuade||to speak; to talk; to say; to explain; to comment; to scold; to tell off; (bound form) theory; doctrine";"了 (finish; le||liǎo||liǎo; hsk1|nhsk1|nhsk3)";"(completed action marker); (modal particle indicating change of state, situation now); (modal particle intensifying preceding clause)||to finish; to achieve; variant of 了[liǎo]; to understand clearly||(of eyes) bright; clear-sighted; to understand clearly";"多少 (how much; duōshǎo||duōshao; hsk1|nhsk1)";"number; amount; somewhat||how much?; how many?; (phone number, student ID etc) what number?";"次 (next; cì; hsk2)";"next in sequence/second/the second (day, time etc)/secondary/vice-/sub-/infra-/inferior quality/substandard/order/sequence/hypo- (chemistry)/classifier for enumerated events: time";"了 (finish; le||liǎo||liǎo; hsk1|nhsk1|nhsk3)";"(completed action marker); (modal particle indicating change of state, situation now); (modal particle intensifying preceding clause)||to finish; to achieve; variant of 了[liǎo]; to understand clearly||(of eyes) bright; clear-sighted; to understand clearly";"你 (you; nǐ; hsk1|nhsk1)";"you (informal, as opposed to courteous 您[nín]); you (Note: In Taiwan, 妳 is used to address females, but in mainland China, it is not commonly used. Instead, 你 is used to address both males and females.)";"还 (still; huán||hái||huán; hsk2|nhsk1)";"still in progress; still more; yet; even more; in addition; fairly; passably (good); as early as; even; also; else||to pay back; to return; surname Huan||still";"不 (no; bù; hsk1|nhsk1)";"no; not so/(bound form) not; un-";"听 (listen; yǐn||tīng; Taiwan pr. tìng; Taiwan pr. tìng; hsk1|nhsk1)";"smile (archaic)||to listen to; to hear; to heed; to obey; a can (loanword from English ""tin""); classifier for canned beverages; to let be; (literary) to administer"
"丈夫和妻子一起去旅行。";"zhàngfu hé qīzi yīqǐ qù lǚxíng.";"Husband and wife travel together.";"丈夫 (husband; zhàngfu; hsk2|nhsk4|stront1|stront3)";"husband/CL:个[gè]";"和 (together; hé||hé||hè||hú||huó||huò; Taiwan pr. hàn; Taiwan pr. huò; hsk1|nhsk1)";"together with; (math.) sum; to make peace; (sports) to draw; to tie; (bound form) harmonious; (bound form) Japan; to join in the singing; to chime in with others||to complete a set in mahjong or playing cards||to combine a powdery substance (flour, plaster etc) with water; to blend; classifier for rinses of clothes; classifier for boilings of medicinal herbs; surname He||(joining two nouns) and; Japanese||to compose a poem in reply (to sb's poem) using the same rhyme sequence";"妻子 (wife; qīzǐ||qīzi; hsk2|nhsk4|stront1)";"wife and children||wife; CL:个[gè]";"一起 (together; yīqǐ; hsk2|nhsk1)";"in the same place/together/with/altogether (in total)";"去 (to go; qù; hsk1|nhsk1)";"to go/to go to (a place)/(of a time etc) last/just passed/to send/to remove/to get rid of/to reduce/to be apart from in space or time/to die (euphemism)/to play (a part)/(when used either before or after a verb) to go in order to do sth/(after a verb of motion indicates movement away from the speaker)/(used after certain verbs to indicate detachment or separation)";"旅行 (travel; lǚxíng; hsk4|nhsk2|stront1|stront3)";"to travel/journey; trip/CL:趟[tàng],次[cì]"
"她的房间在走廊的左边。";"tā de fángjiān zài zǒuláng de zuǒbian.";"Her room is on the left side of the hallway.";"她 (she; tā; hsk1|nhsk1)";"she";"的 (of; de||dī||dí||dì; also pr. dì or di in poetry and songs; hsk1|nhsk1)";"of; ~'s (possessive particle); (used after an attribute); (used to form a nominal expression); (used at the end of a declarative sentence for emphasis); a cab (abbr. for 的士[dī shì])||really and truly||(bound form) bull's-eye; target";"房间 (room; fángjiān; hsk2|nhsk1|stront1|stront3)";"room/CL:间[jiān],个[gè]";"在 (exist; zài; hsk1|nhsk1)";"to exist; to be alive/(of sb or sth) to be (located) at/(used before a verb to indicate an action in progress)";"走廊 (corridor; zǒuláng; hsk6|stront3)";"corridor/aisle/hallway/passageway/veranda";"的 (of; de||dī||dí||dì; also pr. dì or di in poetry and songs; hsk1|nhsk1)";"of; ~'s (possessive particle); (used after an attribute); (used to form a nominal expression); (used at the end of a declarative sentence for emphasis); a cab (abbr. for 的士[dī shì])||really and truly||(bound form) bull's-eye; target";"左边 (left; zuǒbian; hsk2|nhsk1)";"left/the left side/to the left of"
"中性的颜色很百搭。";"zhōngxìng de yánsè hěnbǎidā.";"Neutral colors are very versatile.";"中性 (neutral; zhōngxìng; stront1|stront3)";"neutral";"的 (of; de||dī||dí||dì; also pr. dì or di in poetry and songs; hsk1|nhsk1)";"of; ~'s (possessive particle); (used after an attribute); (used to form a nominal expression); (used at the end of a declarative sentence for emphasis); a cab (abbr. for 的士[dī shì])||really and truly||(bound form) bull's-eye; target";"颜色 (color; yánsè; hsk2|nhsk2|stront1)";"color/countenance/appearance/facial expression/pigment/dyestuff";"很百搭 (hěnbǎidā; non-hsk)";"No definition found"
"火车站离这里很近。";"huǒchēzhàn lí zhèlǐ hěnjìn.";"The train station is very close to here.";"火车站 (train station; huǒchēzhàn; hsk2)";"train station";"离 (leave; chī||lí||lí; hsk2|nhsk2)";"mythical beast (archaic)||surname Li||to leave; to part from; to be away from; (in giving distances) from; without (sth); independent of; one of the Eight Trigrams 八卦[bā guà], symbolizing fire; ☲";"这里 (here; zhèlǐ; nhsk1)";"here";"很近 (hěnjìn; non-hsk)";"No definition found"
"请慢一点。";"qǐngmàn yīdiǎn.";"Please slow down.";"请慢 (qǐngmàn; non-hsk)";"No definition found";"一点 (yīdiǎn; non-hsk)";"a bit/a little/one dot/one point"
"我希望我的孩子健康快乐地长大。";"wǒ xīwàng wǒ de háizi jiànkāng kuàilè dì zhǎngdà.";"I hope my child grows up healthy and happy.";"我 (I; wǒ; hsk1|nhsk1)";"me; my; I";"希望 (hope; xīwàng; hsk2|nhsk3|stront1|stront3)";"to hope/a hope; a wish (CL:个[gè])";"我 (I; wǒ; hsk1|nhsk1)";"me; my; I";"的 (of; de||dī||dí||dì; also pr. dì or di in poetry and songs; hsk1|nhsk1)";"of; ~'s (possessive particle); (used after an attribute); (used to form a nominal expression); (used at the end of a declarative sentence for emphasis); a cab (abbr. for 的士[dī shì])||really and truly||(bound form) bull's-eye; target";"孩子 (child; háizi; hsk2|nhsk1)";"child";"健康 (healthy; jiànkāng; hsk3|nhsk2|stront1|stront3)";"health/healthy";"快乐 (happy; kuàilè; hsk2|nhsk2|stront1|stront3)";"happy; joyful";"地 (-ly; de||dì; hsk3|nhsk1)";"-ly; structural particle: used before a verb or adjective, linking it to preceding modifying adverbial adjunct||earth; ground; field; place; land; CL:片[piàn]";"长大 (grow up; zhǎngdà; nhsk2)";"to grow up"
"弟弟对姐姐很依赖。";"dìdi duì jiějie hěn yīlài.";"The younger brother relies heavily on his older sister.";"弟弟 (younger brother; dìdi; hsk2)";"younger brother/CL:个[gè],位[wèi]";"对 (right; duì; hsk2)";"right; correct/towards; at; for/concerning; regarding/to treat (sb a certain way)/to face/(bound form) opposite; facing; matching/to match together; to adjust/to fit; to suit/to answer; to reply/to add; to pour in (a fluid)/to check; to compare/classifier: couple; pair";"姐姐 (older sister; jiějie; hsk2)";"older sister/CL:个[gè]";"很 (very; hěn; hsk1|nhsk1)";"(adverb of degree)/quite/very/awfully";"依赖 (depend on; yīlài; hsk6|nhsk6)";"to depend on; to be dependent on"
"他生病了。";"tā shēngbìng le.";"He is sick.";"他 (he; tā; hsk1|nhsk1)";"he; him (used for either sex when the sex is unknown or unimportant)/(used before sb's name for emphasis)/(used as a meaningless mock object)/(literary) other";"生病 (fall ill; shēngbìng; hsk2|nhsk1|stront1)";"to fall ill";"了 (finish; le||liǎo||liǎo; hsk1|nhsk1|nhsk3)";"(completed action marker); (modal particle indicating change of state, situation now); (modal particle intensifying preceding clause)||to finish; to achieve; variant of 了[liǎo]; to understand clearly||(of eyes) bright; clear-sighted; to understand clearly"
"我白等了他一个小时。";"wǒbái děng le tā yīgè xiǎoshí.";"I waited for him for an hour for nothing.";"我白 (wǒbái; non-hsk)";"No definition found";"等 (wait; děng; hsk2)";"to wait for; to await/by the time; when; till/and so on; etc.; et al./(bound form) class; rank; grade/(bound form) equal to; same as/(used to end an enumeration)/(literary) (plural suffix attached to a personal pronoun or noun)";"了 (finish; le||liǎo||liǎo; hsk1|nhsk1|nhsk3)";"(completed action marker); (modal particle indicating change of state, situation now); (modal particle intensifying preceding clause)||to finish; to achieve; variant of 了[liǎo]; to understand clearly||(of eyes) bright; clear-sighted; to understand clearly";"他 (he; tā; hsk1|nhsk1)";"he; him (used for either sex when the sex is unknown or unimportant)/(used before sb's name for emphasis)/(used as a meaningless mock object)/(literary) other";"一个 (yīgè; non-hsk)";"No definition found";"小时 (hour; xiǎoshí; hsk2|nhsk1)";"hour/CL:个[gè]"
"我们一起走到公司去吧。";"wǒmen yīqǐ zǒu dào gōngsī qù bā.";"Let's walk to the company together.";"我们 (we; wǒmen; hsk1|nhsk1)";"we; us; ourselves; our";"一起 (together; yīqǐ; hsk2|nhsk1)";"in the same place/together/with/altogether (in total)";"走 (walk; zǒu; hsk2|nhsk1)";"to walk/to go/to run/to move (of vehicle)/to visit/to leave/to go away/to die (euph.)/from/through/away (in compound verbs, such as 撤走[chè zǒu])/to change (shape, form, meaning)";"到 (to reach; dào; hsk2|nhsk1|stront1)";"to reach; to arrive/to leave for; to go to/to (a place); until (a time); up to (a point)/(verb complement indicating arriving at a place or reaching a point)/considerate; thoughtful; thorough";"公司 (company; gōngsī; hsk2|nhsk2|stront1|stront3)";"company; firm; corporation/CL:家[jiā]";"去 (to go; qù; hsk1|nhsk1)";"to go/to go to (a place)/(of a time etc) last/just passed/to send/to remove/to get rid of/to reduce/to be apart from in space or time/to die (euphemism)/to play (a part)/(when used either before or after a verb) to go in order to do sth/(after a verb of motion indicates movement away from the speaker)/(used after certain verbs to indicate detachment or separation)";"吧 (bar; bā||ba||biā; hsk2|nhsk1)";"bar (loanword) (serving drinks, or providing Internet access etc); to puff (on a pipe etc); (onom.) bang; abbr. for 貼吧|贴吧[tiē bā]||(modal particle indicating suggestion or surmise); ...right?; ...OK?; ...I presume.||(onom.) smack!"
"她喜欢穿运动短裤。";"tā xǐhuan chuān yùndòng duǎnkù.";"She likes to wear sports shorts.";"她 (she; tā; hsk1|nhsk1)";"she";"喜欢 (like; xǐhuan; hsk1|nhsk1)";"to like; to be fond of";"穿 (wear; chuān; hsk2|nhsk1)";"to wear/to put on/to dress/to bore through/to pierce/to perforate/to penetrate/to pass through/to thread";"运动 (exercise; yùndòng; hsk2|nhsk2)";"to move/to exercise/sports/exercise/motion/movement/campaign/CL:场[chǎng]";"短裤 (short pants; duǎnkù; nhsk3|stront1)";"short pants/shorts"
"我懂你的意思。";"wǒ dǒng nǐ de yìsi.";"I understand what you mean.";"我 (I; wǒ; hsk1|nhsk1)";"me; my; I";"懂 (understand; dǒng; hsk2|nhsk2)";"to understand/to comprehend";"你 (you; nǐ; hsk1|nhsk1)";"you (informal, as opposed to courteous 您[nín]); you (Note: In Taiwan, 妳 is used to address females, but in mainland China, it is not commonly used. Instead, 你 is used to address both males and females.)";"的 (of; de||dī||dí||dì; also pr. dì or di in poetry and songs; hsk1|nhsk1)";"of; ~'s (possessive particle); (used after an attribute); (used to form a nominal expression); (used at the end of a declarative sentence for emphasis); a cab (abbr. for 的士[dī shì])||really and truly||(bound form) bull's-eye; target";"意思 (idea; yìsi; hsk2|nhsk2|stront1)";"idea/opinion/meaning/wish/desire/interest/fun/token of appreciation, affection etc/CL:个[gè]/to give as a small token/to do sth as a gesture of goodwill etc"
"他的孩子也很爱说话。";"tā de háizi yě hěn ài shuōhuà.";"His child is also very talkative.";"他 (he; tā; hsk1|nhsk1)";"he; him (used for either sex when the sex is unknown or unimportant)/(used before sb's name for emphasis)/(used as a meaningless mock object)/(literary) other";"的 (of; de||dī||dí||dì; also pr. dì or di in poetry and songs; hsk1|nhsk1)";"of; ~'s (possessive particle); (used after an attribute); (used to form a nominal expression); (used at the end of a declarative sentence for emphasis); a cab (abbr. for 的士[dī shì])||really and truly||(bound form) bull's-eye; target";"孩子 (child; háizi; hsk2|nhsk1)";"child";"也 (also; yě; hsk2|nhsk1)";"(adverb) also; both ... and ... (before predicates only); (literary) particle having functions similar to 啊[a]; surname Ye";"很 (very; hěn; hsk1|nhsk1)";"(adverb of degree)/quite/very/awfully";"爱 (love; ài; hsk1|nhsk1)";"to love; to be fond of; to like/affection/to be inclined (to do sth); to tend to (happen)";"说话 (speak; shuōhuà; hsk2|nhsk1|stront1)";"to speak/to say/to talk/to gossip/to tell stories/talk/word"
"请把这个放在右边。";"qǐng bǎ zhège fàngzài yòubian.";"Please put this on the right.";"请 (ask; qǐng; hsk1|nhsk1)";"to ask/to invite/please (do sth)/to treat (to a meal etc)/to request";"把 (measure word; bǎ||bà; hsk3)";"to hold; to grasp; to hold a baby in position to help it urinate or defecate; handlebar; classifier: handful, bundle, bunch; classifier for things with handles; (used to put the object before the verb: 把[bǎ] + {noun} + {verb})||handle";"这个 (zhège; non-hsk)";"(pronoun) this/(adjective) this";"放在 (fàngzài; non-hsk)";"No definition found";"右边 (right side; yòubian; hsk2|nhsk1)";"right side/right, to the right"
"这件事情完了。";"zhèjiàn shìqing wán le.";"This matter is finished.";"这件 (zhèjiàn; non-hsk)";"No definition found";"事情 (affair; shìqing; hsk2|nhsk2)";"affair; matter; thing; business/CL:件[jiàn],桩[zhuāng]";"完 (complete; wán; hsk2|nhsk2)";"to finish/to be over/whole/complete/entire";"了 (finish; le||liǎo||liǎo; hsk1|nhsk1|nhsk3)";"(completed action marker); (modal particle indicating change of state, situation now); (modal particle intensifying preceding clause)||to finish; to achieve; variant of 了[liǎo]; to understand clearly||(of eyes) bright; clear-sighted; to understand clearly"
"他坐在我旁边。";"tā zuòzài wǒ pángbiān.";"He is sitting next to me.";"他 (he; tā; hsk1|nhsk1)";"he; him (used for either sex when the sex is unknown or unimportant)/(used before sb's name for emphasis)/(used as a meaningless mock object)/(literary) other";"坐在 (zuòzài; non-hsk)";"No definition found";"我 (I; wǒ; hsk1|nhsk1)";"me; my; I";"旁边 (side; pángbiān; hsk2|nhsk1)";"side; adjacent place"
"我们要尊重每一个生命。";"wǒmen yào zūnzhòng měi yīgè shēngmìng.";"We should respect every living being.";"我们 (we; wǒmen; hsk1|nhsk1)";"we; us; ourselves; our";"要 (if; yāo||yào; hsk2)";"(bound form) to demand; to coerce||to want; to need; to ask for; will; shall; about to; need to; should; if (same as 要是[yào shi]); (bound form) important";"尊重 (to respect; zūnzhòng; hsk4|nhsk5|stront2|stront3)";"to esteem/to respect/to honor/to value/eminent/serious/proper";"每 (each; měi; hsk2|nhsk3)";"each/every";"一个 (yīgè; non-hsk)";"No definition found";"生命 (life; shēngmìng; hsk4|nhsk3|stront2|stront3)";"life (as the characteristic of living beings)/living being; creature (CL:个[gè],条[tiáo])"
"安全第一。";"ānquán dìyī.";"Safety first.";"安全 (safety; ānquán; hsk4|nhsk2)";"safe; secure/safety; security";"第一 (first; dìyī; hsk2)";"first/number one/primary"
"我今天晚上要值班到早上八点。";"wǒ jīntiān wǎnshàng yào zhíbān dào zǎoshang bādiǎn.";"I have to be on duty until eight in the morning tonight.";"我 (I; wǒ; hsk1|nhsk1)";"me; my; I";"今天 (today; jīntiān; hsk1|nhsk1)";"today/the present time; now";"晚上 (evening; wǎnshang; hsk2|nhsk1)";"evening/night/CL:个[gè]/in the evening";"要 (if; yāo||yào; hsk2)";"(bound form) to demand; to coerce||to want; to need; to ask for; will; shall; about to; need to; should; if (same as 要是[yào shi]); (bound form) important";"值班 (on duty; zhíbān; hsk6|nhsk5)";"to work a shift/on duty";"到 (to reach; dào; hsk2|nhsk1|stront1)";"to reach; to arrive/to leave for; to go to/to (a place); until (a time); up to (a point)/(verb complement indicating arriving at a place or reaching a point)/considerate; thoughtful; thorough";"早上 (morning; zǎoshang; hsk2|nhsk1)";"early morning/CL:个[gè]";"八点 (bādiǎn; non-hsk)";"No definition found"
"老师出了一个送分题。";"lǎoshī chū le yīgè sòng fēntí.";"The teacher gave a very easy question.";"老师 (teacher; lǎoshī; hsk1|nhsk1)";"teacher/CL:个[gè],位[wèi]";"出 (go out; chū; hsk2|nhsk1)";"to go out; to come out; to arise; to occur; to produce; to yield; to go beyond; to exceed; (used after a verb to indicate an outward direction or a positive result); classifier for dramas, plays, operas etc";"了 (finish; le||liǎo||liǎo; hsk1|nhsk1|nhsk3)";"(completed action marker); (modal particle indicating change of state, situation now); (modal particle intensifying preceding clause)||to finish; to achieve; variant of 了[liǎo]; to understand clearly||(of eyes) bright; clear-sighted; to understand clearly";"一个 (yīgè; non-hsk)";"No definition found";"送 (send; sòng; hsk2|nhsk1)";"to send; to deliver; to transmit/to give (as a present)/to see (sb) off/to accompany; to go along with";"分题 (fēntí; non-hsk)";"No definition found"
"我们坐公共汽车去上班。";"wǒmen zuò gōnggòngqìchē qù shàngbān.";"We take the bus to work.";"我们 (we; wǒmen; hsk1|nhsk1)";"we; us; ourselves; our";"坐 (sit; zuò; hsk1|nhsk1)";"to sit; to take a seat; to take (a bus, airplane etc); to bear fruit; variant of 座[zuò]; surname Zuo";"公共汽车 (bus; gōnggòngqìchē; hsk2|nhsk2|stront1|stront3)";"bus/CL:辆[liàng],班[bān]";"去 (to go; qù; hsk1|nhsk1)";"to go/to go to (a place)/(of a time etc) last/just passed/to send/to remove/to get rid of/to reduce/to be apart from in space or time/to die (euphemism)/to play (a part)/(when used either before or after a verb) to go in order to do sth/(after a verb of motion indicates movement away from the speaker)/(used after certain verbs to indicate detachment or separation)";"上班 (go to work; shàngbān; hsk2|nhsk1|stront1)";"to go to work/to be on duty/to start work/to go to the office"
"去年他开始学中文。";"qùnián tā kāishǐ xué zhōngwén.";"He started learning Chinese last year.";"去年 (last year; qùnián; hsk2|nhsk1|stront1)";"last year";"他 (he; tā; hsk1|nhsk1)";"he; him (used for either sex when the sex is unknown or unimportant)/(used before sb's name for emphasis)/(used as a meaningless mock object)/(literary) other";"开始 (begin; kāishǐ; hsk2|nhsk3)";"to begin/beginning/to start/initial/CL:个[gè]";"学 (learn; xué; nhsk1)";"to learn/to study/to imitate/science/-ology";"中文 (Chinese language; zhōngwén; hsk3|nhsk1)";"Chinese language"
"他总是自黑，让大家笑得很开心。";"tā zǒngshì zìhēi, ràng dàjiā xiào dé hěn kāixīn.";"He always makes fun of himself, making everyone laugh happily.";"他 (he; tā; hsk1|nhsk1)";"he; him (used for either sex when the sex is unknown or unimportant)/(used before sb's name for emphasis)/(used as a meaningless mock object)/(literary) other";"总是 (always; zǒngshì; hsk3|nhsk3|stront1)";"always";"自黑 (make fun of oneself; zìhēi; weeb1)";"(Internet slang) to make fun of oneself";"让 (yield; ràng; hsk2|nhsk2|stront1)";"to yield/to permit/to let sb do sth/to have sb do sth/to make sb (feel sad etc)/by (indicates the agent in a passive clause, like 被[bèi])";"大家 (everyone; dàjiā; hsk2|nhsk2|stront1)";"everyone/influential family/great expert";"笑 (laugh; xiào; hsk2|nhsk1)";"to laugh; to smile; to laugh at";"得 (obtain; dé||de||děi; hsk2|nhsk2|nhsk4|stront1)";"to obtain; to get; to gain; to catch (a disease); proper; suitable; proud; contented; to allow; to permit; ready; finished||structural particle: used after a verb (or adjective as main verb), linking it to following phrase indicating effect, degree, possibility etc||to have to; must; ought to; to need to";"很 (very; hěn; hsk1|nhsk1)";"(adverb of degree)/quite/very/awfully";"开心 (happy; kāixīn; hsk4|nhsk2|stront1|stront3)";"to feel happy/to rejoice/to have a great time/to make fun of sb"
"教室很大。";"jiàoshì hěndà.";"The classroom is very big.";"教室 (classroom; jiàoshì; hsk2|nhsk2|stront1)";"classroom/CL:间[jiān]";"很大 (hěndà; non-hsk)";"No definition found"
"我對這件事無感。";"wǒ duì zhèjiàn shìwúgǎn.";"I have no feeling about this matter.";"我 (I; wǒ; hsk1|nhsk1)";"me; my; I";"對 (duì; non-hsk)";"No definition found";"這件 (zhèjiàn; non-hsk)";"No definition found";"事無感 (shìwúgǎn; non-hsk)";"No definition found"
"我们走了很远的路。";"wǒmen zǒu le hěn yuǎn de lù.";"We walked a long distance.";"我们 (we; wǒmen; hsk1|nhsk1)";"we; us; ourselves; our";"走 (walk; zǒu; hsk2|nhsk1)";"to walk/to go/to run/to move (of vehicle)/to visit/to leave/to go away/to die (euph.)/from/through/away (in compound verbs, such as 撤走[chè zǒu])/to change (shape, form, meaning)";"了 (finish; le||liǎo||liǎo; hsk1|nhsk1|nhsk3)";"(completed action marker); (modal particle indicating change of state, situation now); (modal particle intensifying preceding clause)||to finish; to achieve; variant of 了[liǎo]; to understand clearly||(of eyes) bright; clear-sighted; to understand clearly";"很 (very; hěn; hsk1|nhsk1)";"(adverb of degree)/quite/very/awfully";"远 (far; yuǎn||yuàn; hsk2|nhsk1)";"far; distant; remote; (intensifier in a comparison) by far; much (lower etc)||to distance oneself from (classical)";"的 (of; de||dī||dí||dì; also pr. dì or di in poetry and songs; hsk1|nhsk1)";"of; ~'s (possessive particle); (used after an attribute); (used to form a nominal expression); (used at the end of a declarative sentence for emphasis); a cab (abbr. for 的士[dī shì])||really and truly||(bound form) bull's-eye; target";"路 (road; lù; hsk2|nhsk1)";"road (CL:条[tiáo]); journey; route; line (bus etc); sort; kind; surname Lu"
"别让他知道这件事。";"bié ràng tā zhīdào zhèjiàn shì.";"Don't let him know about this.";"别 (Don’t; bié||bié||biè; hsk2)";"to part (from); (literary) to differentiate; to distinguish; (bound form) other; another; different; don't ...!; to fasten with a pin or clip; to stick in; to insert (in order to hinder movement); (noun suffix) category (e.g. 性別|性别[xìng bié], 派別|派别[pài bié])||to make sb change their ways, opinions etc; surname Bie||to leave";"让 (yield; ràng; hsk2|nhsk2|stront1)";"to yield/to permit/to let sb do sth/to have sb do sth/to make sb (feel sad etc)/by (indicates the agent in a passive clause, like 被[bèi])";"他 (he; tā; hsk1|nhsk1)";"he; him (used for either sex when the sex is unknown or unimportant)/(used before sb's name for emphasis)/(used as a meaningless mock object)/(literary) other";"知道 (know; zhīdào; also pr. zhī dao; hsk2|nhsk1)";"to know";"这件 (zhèjiàn; non-hsk)";"No definition found";"事 (matter; shì; nhsk1)";"matter/thing/item/work/affair/CL:件[jiàn],桩[zhuāng],回[huí]"
"他的成绩是零。";"tā de chéngjì shì líng.";"His score is zero.";"他 (he; tā; hsk1|nhsk1)";"he; him (used for either sex when the sex is unknown or unimportant)/(used before sb's name for emphasis)/(used as a meaningless mock object)/(literary) other";"的 (of; de||dī||dí||dì; also pr. dì or di in poetry and songs; hsk1|nhsk1)";"of; ~'s (possessive particle); (used after an attribute); (used to form a nominal expression); (used at the end of a declarative sentence for emphasis); a cab (abbr. for 的士[dī shì])||really and truly||(bound form) bull's-eye; target";"成绩 (achievement; chéngjì; hsk3|nhsk2)";"achievement/performance records/grades/CL:项[xiàng],个[gè]";"是 (to be; shì; hsk1|nhsk1|stront3)";"to be (followed by substantives only); correct; right; true; (respectful acknowledgement of a command) very well; (adverb for emphatic assertion)";"零 (zero; líng; hsk2)";"zero/nought/zero sign/fractional/fragmentary/odd (of numbers)/(placed between two numbers to indicate a smaller quantity followed by a larger one)/fraction/(in mathematics) remainder (after division)/extra/to wither and fall/to wither"
"你姓什么？";"nǐ xìng shénme?";"What is your surname?";"你 (you; nǐ; hsk1|nhsk1)";"you (informal, as opposed to courteous 您[nín]); you (Note: In Taiwan, 妳 is used to address females, but in mainland China, it is not commonly used. Instead, 你 is used to address both males and females.)";"姓 (surname; xìng; hsk2|nhsk2)";"family name/surname/CL:个[gè]/to be surnamed";"什么 (what; shénme; hsk1|nhsk1)";"what?/something; anything"
"千是一个数字。";"qiānshì yīgè shùzì.";"Thousand is a number.";"千是 (qiānshì; non-hsk)";"No definition found";"一个 (yīgè; non-hsk)";"No definition found";"数字 (number; shùzì; hsk4|nhsk2)";"numeral/digit/number/figure/amount/digital (electronics etc)/CL:个[gè]"
"他七点上班。";"tā qīdiǎn shàngbān.";"He starts work at seven o'clock.";"他 (he; tā; hsk1|nhsk1)";"he; him (used for either sex when the sex is unknown or unimportant)/(used before sb's name for emphasis)/(used as a meaningless mock object)/(literary) other";"七点 (qīdiǎn; non-hsk)";"No definition found";"上班 (go to work; shàngbān; hsk2|nhsk1|stront1)";"to go to work/to be on duty/to start work/to go to the office"
"电影快开始了。";"diànyǐng kuài kāishǐ le.";"The movie is about to start.";"电影 (movie; diànyǐng; hsk1|nhsk1)";"movie; film/CL:部[bù],片[piàn],幕[mù],场[chǎng]";"快 (quick; kuài; hsk2|nhsk1)";"rapid/quick/speed/rate/soon/almost/to make haste/clever/sharp (of knives or wits)/forthright/plainspoken/gratified/pleased/pleasant";"开始 (begin; kāishǐ; hsk2|nhsk3)";"to begin/beginning/to start/initial/CL:个[gè]";"了 (finish; le||liǎo||liǎo; hsk1|nhsk1|nhsk3)";"(completed action marker); (modal particle indicating change of state, situation now); (modal particle intensifying preceding clause)||to finish; to achieve; variant of 了[liǎo]; to understand clearly||(of eyes) bright; clear-sighted; to understand clearly"
"我家离公司很近。";"wǒjiā lí gōngsī hěnjìn.";"My home is close to the company.";"我家 (wǒjiā; non-hsk)";"No definition found";"离 (leave; chī||lí||lí; hsk2|nhsk2)";"mythical beast (archaic)||surname Li||to leave; to part from; to be away from; (in giving distances) from; without (sth); independent of; one of the Eight Trigrams 八卦[bā guà], symbolizing fire; ☲";"公司 (company; gōngsī; hsk2|nhsk2|stront1|stront3)";"company; firm; corporation/CL:家[jiā]";"很近 (hěnjìn; non-hsk)";"No definition found"
"你要是累了，就休息一下。";"nǐ yàoshi lěi le, jiù xiūxi yīxià.";"If you are tired, take a break.";"你 (you; nǐ; hsk1|nhsk1)";"you (informal, as opposed to courteous 您[nín]); you (Note: In Taiwan, 妳 is used to address females, but in mainland China, it is not commonly used. Instead, 你 is used to address both males and females.)";"要是 (if; yàoshi; hsk4|nhsk3)";"(coll.) if";"累 (accumulate; lěi||lèi||léi||léi; Taiwan pr. lèi; hsk2|nhsk1)";"to accumulate; continuous; repeated||tired; weary; to strain; to wear out; to work hard||surname Lei||rope; to bind together; to twist around";"了 (finish; le||liǎo||liǎo; hsk1|nhsk1|nhsk3)";"(completed action marker); (modal particle indicating change of state, situation now); (modal particle intensifying preceding clause)||to finish; to achieve; variant of 了[liǎo]; to understand clearly||(of eyes) bright; clear-sighted; to understand clearly";"就 (just; jiù; hsk2|nhsk1)";"(after a suppositional clause) in that case; then/(after a clause of action) as soon as; immediately after/(same as 就是[jiù shì]) merely; nothing else but; simply; just; precisely; exactly/only; as little as/as much as; as many as/to approach; to move towards/to undertake; to engage in/(often followed by 着[zhe]) taking advantage of/(of food) to go with/with regard to; concerning/(pattern: 就[jiù] ... 也[yě] ...) even if ... still .../(pattern: 不[bù] ... 就[jiù] ...) if not ... then must be ...";"休息 (rest; xiūxi; hsk2|nhsk1)";"rest/to rest";"一下 (give it a go; yīxià; hsk2)";"(used after a verb) give it a go/to do (sth for a bit to give it a try)/one time/once/in a while/all of a sudden/all at once"
"他的外在条件很好。";"tā de wài zài tiáojiàn hěn hǎo.";"His external conditions are very good.";"他 (he; tā; hsk1|nhsk1)";"he; him (used for either sex when the sex is unknown or unimportant)/(used before sb's name for emphasis)/(used as a meaningless mock object)/(literary) other";"的 (of; de||dī||dí||dì; also pr. dì or di in poetry and songs; hsk1|nhsk1)";"of; ~'s (possessive particle); (used after an attribute); (used to form a nominal expression); (used at the end of a declarative sentence for emphasis); a cab (abbr. for 的士[dī shì])||really and truly||(bound form) bull's-eye; target";"外 (outside; wài; hsk2|nhsk1)";"outside/in addition/foreign/external";"在 (exist; zài; hsk1|nhsk1)";"to exist; to be alive/(of sb or sth) to be (located) at/(used before a verb to indicate an action in progress)";"条件 (condition; tiáojiàn; hsk4|nhsk2|stront3)";"condition; circumstance; term; factor/requirement; prerequisite; qualification/situation; state; condition/CL:个[gè]";"很 (very; hěn; hsk1|nhsk1)";"(adverb of degree)/quite/very/awfully";"好 (good; hǎo||hào; hsk1|nhsk4)";"good; appropriate; proper; all right!; (before a verb) easy to; (before a verb) good to; (before an adjective for exclamatory effect) so; (verb complement indicating completion); (of two people) close; on intimate terms; (after a personal pronoun) hello||to be fond of; to have a tendency to; to be prone to"
"他在卖水果。";"tā zài mài shuǐguǒ.";"He is selling fruits.";"他 (he; tā; hsk1|nhsk1)";"he; him (used for either sex when the sex is unknown or unimportant)/(used before sb's name for emphasis)/(used as a meaningless mock object)/(literary) other";"在 (exist; zài; hsk1|nhsk1)";"to exist; to be alive/(of sb or sth) to be (located) at/(used before a verb to indicate an action in progress)";"卖 (sell; mài; hsk2|nhsk2|stront1)";"to sell/to betray/to spare no effort/to show off or flaunt";"水果 (fruit; shuǐguǒ; hsk1|nhsk1)";"fruit/CL:个[gè]"
"这种药可以帮助降温。";"zhèzhǒng yào kěyǐ bāngzhù jiàngwēn.";"This medicine can help reduce the fever.";"这种 (zhèzhǒng; non-hsk)";"this kind of";"药 (medicine; yào; hsk2|nhsk2)";"leaf of the iris; variant of 药[yào]; medicine; drug; substance used for a specific purpose (e.g. poisoning, explosion, fermenting); to poison; CL:种[zhǒng],服[fù],味[wèi]";"可以 (can; kěyǐ; hsk2|nhsk2)";"can/may/possible/able to/not bad/pretty good";"帮助 (assistance; bāngzhù; hsk2|nhsk2|stront1)";"assistance; aid/to help; to assist";"降温 (cooling; jiàngwēn; nhsk4)";"to become cooler/to lower the temperature/cooling/(of interest, activity etc) to decline"
"她觉得很累。";"tā juéde hěnlěi.";"She feels very tired.";"她 (she; tā; hsk1|nhsk1)";"she";"觉得 (feel; juéde; hsk2|nhsk1)";"to think that ...; to feel that .../to feel (uncomfortable etc)";"很累 (hěnlěi; non-hsk)";"No definition found"
"那个男人很高。";"nàgè nánrén hěn gāo.";"That man is very tall.";"那个 (nàge; also pr. nèi ge; non-hsk)";"";"男人 (man; nánrén; hsk2|nhsk1)";"a man/a male/men/CL:个[gè]";"很 (very; hěn; hsk1|nhsk1)";"(adverb of degree)/quite/very/awfully";"高 (high; gāo; hsk2|nhsk1)";"high; tall; above average; loud; your (honorific); surname Gao"
"他弟弟比他高。";"tā dìdi bǐ tā gāo.";"His younger brother is taller than him.";"他 (he; tā; hsk1|nhsk1)";"he; him (used for either sex when the sex is unknown or unimportant)/(used before sb's name for emphasis)/(used as a meaningless mock object)/(literary) other";"弟弟 (younger brother; dìdi; hsk2)";"younger brother/CL:个[gè],位[wèi]";"比 (to compare; bǐ; Taiwan pr. bì in some compounds derived from Classical Chinese; hsk2|nhsk1)";"abbr. for 比利時|比利时[Bǐ lì shí]; to compare; (followed by a noun and adjective) more {adj.} than {noun}; ratio; to gesture; Belgium; Belgian";"他 (he; tā; hsk1|nhsk1)";"he; him (used for either sex when the sex is unknown or unimportant)/(used before sb's name for emphasis)/(used as a meaningless mock object)/(literary) other";"高 (high; gāo; hsk2|nhsk1)";"high; tall; above average; loud; your (honorific); surname Gao"
"他对这个问题秒懂。";"tā duì zhège wèntí miǎo dǒng.";"He instantly understood this problem.";"他 (he; tā; hsk1|nhsk1)";"he; him (used for either sex when the sex is unknown or unimportant)/(used before sb's name for emphasis)/(used as a meaningless mock object)/(literary) other";"对 (right; duì; hsk2)";"right; correct/towards; at; for/concerning; regarding/to treat (sb a certain way)/to face/(bound form) opposite; facing; matching/to match together; to adjust/to fit; to suit/to answer; to reply/to add; to pour in (a fluid)/to check; to compare/classifier: couple; pair";"这个 (zhège; non-hsk)";"(pronoun) this/(adjective) this";"问题 (question; wèntí; hsk2|nhsk2|stront1)";"question/problem/issue/topic/CL:个[gè]";"秒 (second; miǎo; hsk4|nhsk5)";"second (unit of time)/arc second (angular measurement unit)/(coll.) instantly";"懂 (understand; dǒng; hsk2|nhsk2)";"to understand/to comprehend"
"他等了一个小时还没来。";"tā děng le yīgè xiǎoshí hái méilái.";"He waited for an hour but still didn't come.";"他 (he; tā; hsk1|nhsk1)";"he; him (used for either sex when the sex is unknown or unimportant)/(used before sb's name for emphasis)/(used as a meaningless mock object)/(literary) other";"等 (wait; děng; hsk2)";"to wait for; to await/by the time; when; till/and so on; etc.; et al./(bound form) class; rank; grade/(bound form) equal to; same as/(used to end an enumeration)/(literary) (plural suffix attached to a personal pronoun or noun)";"了 (finish; le||liǎo||liǎo; hsk1|nhsk1|nhsk3)";"(completed action marker); (modal particle indicating change of state, situation now); (modal particle intensifying preceding clause)||to finish; to achieve; variant of 了[liǎo]; to understand clearly||(of eyes) bright; clear-sighted; to understand clearly";"一个 (yīgè; non-hsk)";"No definition found";"小时 (hour; xiǎoshí; hsk2|nhsk1)";"hour/CL:个[gè]";"还 (still; huán||hái||huán; hsk2|nhsk1)";"still in progress; still more; yet; even more; in addition; fairly; passably (good); as early as; even; also; else||to pay back; to return; surname Huan||still";"没来 (méi lái; non-hsk)";"No definition found"
"宾馆的位置很方便。";"bīnguǎn de wèizhi hěn fāngbiàn.";"The location of the hotel is very convenient.";"宾馆 (hotel; bīnguǎn; hsk2|nhsk5)";"guesthouse/lodge/hotel/CL:个[gè],家[jiā]";"的 (of; de||dī||dí||dì; also pr. dì or di in poetry and songs; hsk1|nhsk1)";"of; ~'s (possessive particle); (used after an attribute); (used to form a nominal expression); (used at the end of a declarative sentence for emphasis); a cab (abbr. for 的士[dī shì])||really and truly||(bound form) bull's-eye; target";"位置 (position; wèizhi; hsk5|nhsk4|stront1|stront3)";"position/place/seat/CL:个[gè]";"很 (very; hěn; hsk1|nhsk1)";"(adverb of degree)/quite/very/awfully";"方便 (convenient; fāngbiàn; hsk3|nhsk2|stront1)";"convenient; suitable/to facilitate; to make things easy/having money to spare/(euphemism) to relieve oneself"
"集训课很辛苦。";"jíxùn kè hěn xīnkǔ.";"The training course is very tough.";"集训 (jíxùn; non-hsk)";"to train together; to practice as a group";"课 (subject; kè; hsk2|nhsk1)";"subject/course/CL:门[mén]/class/lesson/CL:堂[táng],节[jié]/to levy/tax/form of divination";"很 (very; hěn; hsk1|nhsk1)";"(adverb of degree)/quite/very/awfully";"辛苦 (hard; xīnkǔ; hsk4|nhsk5)";"exhausting/hard/tough/arduous/to work hard/to go to a lot of trouble/hardship(s)"
"他长得很高。";"tācháng dé hěn gāo.";"He has grown very tall.";"他长 (tācháng; non-hsk)";"No definition found";"得 (obtain; dé||de||děi; hsk2|nhsk2|nhsk4|stront1)";"to obtain; to get; to gain; to catch (a disease); proper; suitable; proud; contented; to allow; to permit; ready; finished||structural particle: used after a verb (or adjective as main verb), linking it to following phrase indicating effect, degree, possibility etc||to have to; must; ought to; to need to";"很 (very; hěn; hsk1|nhsk1)";"(adverb of degree)/quite/very/awfully";"高 (high; gāo; hsk2|nhsk1)";"high; tall; above average; loud; your (honorific); surname Gao"
"她正在煎鸡蛋。";"tā zhèngzài jiān jīdàn.";"She is pan frying eggs.";"她 (she; tā; hsk1|nhsk1)";"she";"正在 (just at; zhèngzài; hsk2|nhsk1)";"just at (that time)/right in (that place)/right in the middle of (doing sth)";"煎 (pan fry; jiān; hsk6|stront3)";"to pan fry/to sauté";"鸡蛋 (egg; jīdàn; hsk2|nhsk1)";"(chicken) egg/hen's egg/CL:个[gè],打[dá]"
"我们玩两下棋。";"wǒmen wán liǎng xiàqí.";"Let's play two games of chess.";"我们 (we; wǒmen; hsk1|nhsk1)";"we; us; ourselves; our";"玩 (play; wán; Taiwan pr. wàn; hsk2)";"to play; to have fun; to trifle with; toy; sth used for amusement; to keep sth for entertainment";"两 (two; liǎng; hsk2)";"two/both/some/a few/tael, unit of weight equal to 50 grams (modern) or 1⁄16 of a catty 斤[jīn] (old)";"下棋 (xiàqí; non-hsk)";"to play chess"
"他可能迟到了。";"tā kěnéng chídào le.";"He might be late.";"他 (he; tā; hsk1|nhsk1)";"he; him (used for either sex when the sex is unknown or unimportant)/(used before sb's name for emphasis)/(used as a meaningless mock object)/(literary) other";"可能 (possible; kěnéng; hsk2|nhsk2|stront1|stront3)";"might (happen)/possible/probable/possibility/probability/maybe/perhaps/CL:个[gè]";"迟到 (late; chídào; hsk3|nhsk4)";"to arrive late";"了 (finish; le||liǎo||liǎo; hsk1|nhsk1|nhsk3)";"(completed action marker); (modal particle indicating change of state, situation now); (modal particle intensifying preceding clause)||to finish; to achieve; variant of 了[liǎo]; to understand clearly||(of eyes) bright; clear-sighted; to understand clearly"
"他早上六点就起床了。";"tā zǎoshang liùdiǎn jiù qǐchuáng le.";"He got up at six in the morning.";"他 (he; tā; hsk1|nhsk1)";"he; him (used for either sex when the sex is unknown or unimportant)/(used before sb's name for emphasis)/(used as a meaningless mock object)/(literary) other";"早上 (morning; zǎoshang; hsk2|nhsk1)";"early morning/CL:个[gè]";"六点 (liùdiǎn; non-hsk)";"No definition found";"就 (just; jiù; hsk2|nhsk1)";"(after a suppositional clause) in that case; then/(after a clause of action) as soon as; immediately after/(same as 就是[jiù shì]) merely; nothing else but; simply; just; precisely; exactly/only; as little as/as much as; as many as/to approach; to move towards/to undertake; to engage in/(often followed by 着[zhe]) taking advantage of/(of food) to go with/with regard to; concerning/(pattern: 就[jiù] ... 也[yě] ...) even if ... still .../(pattern: 不[bù] ... 就[jiù] ...) if not ... then must be ...";"起床 (get up; qǐchuáng; hsk2|nhsk1)";"to get out of bed; to get up";"了 (finish; le||liǎo||liǎo; hsk1|nhsk1|nhsk3)";"(completed action marker); (modal particle indicating change of state, situation now); (modal particle intensifying preceding clause)||to finish; to achieve; variant of 了[liǎo]; to understand clearly||(of eyes) bright; clear-sighted; to understand clearly"
"他的眼睛颜色是遗传的。";"tā de yǎnjīng yánsè shì yíchuán de.";"His eye color is genetic.";"他 (he; tā; hsk1|nhsk1)";"he; him (used for either sex when the sex is unknown or unimportant)/(used before sb's name for emphasis)/(used as a meaningless mock object)/(literary) other";"的 (of; de||dī||dí||dì; also pr. dì or di in poetry and songs; hsk1|nhsk1)";"of; ~'s (possessive particle); (used after an attribute); (used to form a nominal expression); (used at the end of a declarative sentence for emphasis); a cab (abbr. for 的士[dī shì])||really and truly||(bound form) bull's-eye; target";"眼睛 (eye; yǎnjing; hsk2|nhsk2)";"eye/CL:只[zhī],双[shuāng]";"颜色 (color; yánsè; hsk2|nhsk2|stront1)";"color/countenance/appearance/facial expression/pigment/dyestuff";"是 (to be; shì; hsk1|nhsk1|stront3)";"to be (followed by substantives only); correct; right; true; (respectful acknowledgement of a command) very well; (adverb for emphatic assertion)";"遗传 (heredity; yíchuán; hsk6|nhsk4|stront2|stront3)";"heredity/to inherit (a trait)/to pass on (to one's offspring)";"的 (of; de||dī||dí||dì; also pr. dì or di in poetry and songs; hsk1|nhsk1)";"of; ~'s (possessive particle); (used after an attribute); (used to form a nominal expression); (used at the end of a declarative sentence for emphasis); a cab (abbr. for 的士[dī shì])||really and truly||(bound form) bull's-eye; target"
"我去找他。";"wǒ qù zhǎo tā.";"I will go find him.";"我 (I; wǒ; hsk1|nhsk1)";"me; my; I";"去 (to go; qù; hsk1|nhsk1)";"to go/to go to (a place)/(of a time etc) last/just passed/to send/to remove/to get rid of/to reduce/to be apart from in space or time/to die (euphemism)/to play (a part)/(when used either before or after a verb) to go in order to do sth/(after a verb of motion indicates movement away from the speaker)/(used after certain verbs to indicate detachment or separation)";"找 (to find; zhǎo; hsk2|nhsk1)";"to try to find/to look for/to call on sb/to find/to seek/to return/to give change";"他 (he; tā; hsk1|nhsk1)";"he; him (used for either sex when the sex is unknown or unimportant)/(used before sb's name for emphasis)/(used as a meaningless mock object)/(literary) other"
"她的脸很红。";"tā de liǎn hěn hóng.";"Her face is very red.";"她 (she; tā; hsk1|nhsk1)";"she";"的 (of; de||dī||dí||dì; also pr. dì or di in poetry and songs; hsk1|nhsk1)";"of; ~'s (possessive particle); (used after an attribute); (used to form a nominal expression); (used at the end of a declarative sentence for emphasis); a cab (abbr. for 的士[dī shì])||really and truly||(bound form) bull's-eye; target";"脸 (face; liǎn; hsk3|nhsk2)";"face/CL:张[zhāng],个[gè]";"很 (very; hěn; hsk1|nhsk1)";"(adverb of degree)/quite/very/awfully";"红 (red; hóng; hsk2|nhsk2)";"red; popular; revolutionary; bonus; surname Hong"
"我喜欢吃鱼。";"wǒ xǐhuan chī yú.";"I like to eat fish.";"我 (I; wǒ; hsk1|nhsk1)";"me; my; I";"喜欢 (like; xǐhuan; hsk1|nhsk1)";"to like; to be fond of";"吃 (eat; chī; hsk1|nhsk1)";"to eat; to consume; to eat at (a cafeteria etc); to eradicate; to destroy; to absorb; to suffer (shock, injury, defeat etc)";"鱼 (fish; yú; hsk2|nhsk2)";"fish; surname Yu; CL:条[tiáo],尾[wěi]"
"这个孩子真可爱。";"zhège háizi zhēn kěài.";"This child is really adorable.";"这个 (zhège; non-hsk)";"(pronoun) this/(adjective) this";"孩子 (child; háizi; hsk2|nhsk1)";"child";"真 (really; zhēn; hsk2|nhsk1)";"really/truly/indeed/real/true/genuine";"可爱 (adorable; kěài; hsk3|nhsk2)";"adorable/cute/lovely"
"我不吃羊肉。";"wǒ bùchī yángròu.";"I don't eat mutton.";"我 (I; wǒ; hsk1|nhsk1)";"me; my; I";"不吃 (bùchī; non-hsk)";"No definition found";"羊肉 (mutton; yángròu; hsk2)";"mutton/goat meat"
"外面看起来很阴。";"wàimiàn kànqǐlai hěn yīn.";"It looks very gloomy outside.";"外面 (outside; wàimiàn; also pr. wài mian for this sense; nhsk3)";"";"看起来 (seemingly; kànqǐlai; nhsk3)";"seemingly; apparently; looks as if; appears to be; gives the impression that; seems on the face of it to be";"很 (very; hěn; hsk1|nhsk1)";"(adverb of degree)/quite/very/awfully";"阴 (overcast; yīn; hsk2|nhsk2)";"overcast (weather); cloudy; shady; negative (electric.); feminine; moon; implicit; hidden; genitalia; surname Yin; Yin (the negative principle of Yin and Yang)"
"牛奶对身体好。";"niúnǎi duì shēntǐ hǎo.";"Milk is good for the body.";"牛奶 (milk; niúnǎi; hsk2|nhsk1)";"cow's milk/CL:瓶[píng],杯[bēi]";"对 (right; duì; hsk2)";"right; correct/towards; at; for/concerning; regarding/to treat (sb a certain way)/to face/(bound form) opposite; facing; matching/to match together; to adjust/to fit; to suit/to answer; to reply/to add; to pour in (a fluid)/to check; to compare/classifier: couple; pair";"身体 (body; shēntǐ; hsk2|nhsk1|stront1)";"the body/one's health";"好 (good; hǎo||hào; hsk1|nhsk4)";"good; appropriate; proper; all right!; (before a verb) easy to; (before a verb) good to; (before an adjective for exclamatory effect) so; (verb complement indicating completion); (of two people) close; on intimate terms; (after a personal pronoun) hello||to be fond of; to have a tendency to; to be prone to"
"温情往着村子里走去。";"wēnqíng wǎng zhe cūnzi lǐ zǒu qù.";"Wen Qing walked into the village.";"温情 (wēnqíng; non-hsk)";"tenderness/warmth/warmhearted/softhearted";"往 (go; wǎng; hsk2|nhsk2)";"to go (in a direction); to; towards; (of a train) bound for; past; previous";"着 (move/touch; zhāo||zháo||zhe||zhuó; hsk2|nhsk1|nhsk4)";"(chess) move; trick; all right!; (dialect) to add||to touch; to come in contact with; to feel; to be affected by; to catch fire; to burn; (coll.) to fall asleep; (after a verb) hitting the mark; succeeding in||aspect particle indicating action in progress or ongoing state||to wear (clothes); to contact; to use; to apply";"村子 (village; cūnzi; stront1|stront2|stront3)";"village";"里 (inside; lǐ; hsk1|nhsk1)";"lining; interior; inside; internal; also written 里[lǐ]; li, ancient measure of length, approx. 500 m; neighborhood; ancient administrative unit of 25 families; (Tw) borough, administrative unit between the township 镇[zhèn] and neighborhood 邻[lín] levels; Li (surname)";"走 (walk; zǒu; hsk2|nhsk1)";"to walk/to go/to run/to move (of vehicle)/to visit/to leave/to go away/to die (euph.)/from/through/away (in compound verbs, such as 撤走[chè zǒu])/to change (shape, form, meaning)";"去 (to go; qù; hsk1|nhsk1)";"to go/to go to (a place)/(of a time etc) last/just passed/to send/to remove/to get rid of/to reduce/to be apart from in space or time/to die (euphemism)/to play (a part)/(when used either before or after a verb) to go in order to do sth/(after a verb of motion indicates movement away from the speaker)/(used after certain verbs to indicate detachment or separation)"
"太阳是我们的日。";"tàiyáng shì wǒmen de rì.";"The sun is our day.";"太阳 (sun; tàiyang; hsk3|nhsk2)";"sun/CL:个[gè]/abbr. for 太陽穴|太阳穴[tài yáng xué]";"是 (to be; shì; hsk1|nhsk1|stront3)";"to be (followed by substantives only); correct; right; true; (respectful acknowledgement of a command) very well; (adverb for emphatic assertion)";"我们 (we; wǒmen; hsk1|nhsk1)";"we; us; ourselves; our";"的 (of; de||dī||dí||dì; also pr. dì or di in poetry and songs; hsk1|nhsk1)";"of; ~'s (possessive particle); (used after an attribute); (used to form a nominal expression); (used at the end of a declarative sentence for emphasis); a cab (abbr. for 的士[dī shì])||really and truly||(bound form) bull's-eye; target";"日 (day; rì; hsk2|nhsk1)";"abbr. for 日本[Rì běn], Japan; sun; day; date, day of the month"
"国内旅游比国外便宜。";"guónèi lǚyóu bǐ guówài piányi.";"Domestic travel is cheaper than overseas.";"国内 (domestic; guónèi; nhsk3)";"domestic/internal (to a country)/civil";"旅游 (tourism; lǚyóu; hsk2|nhsk2|stront1|stront3)";"trip/journey/tourism/travel/tour/to travel";"比 (to compare; bǐ; Taiwan pr. bì in some compounds derived from Classical Chinese; hsk2|nhsk1)";"abbr. for 比利時|比利时[Bǐ lì shí]; to compare; (followed by a noun and adjective) more {adj.} than {noun}; ratio; to gesture; Belgium; Belgian";"国外 (abroad; guówài; nhsk1)";"abroad/external (affairs)/overseas/foreign";"便宜 (cheap; biànyí||piányi; hsk2|nhsk2)";"convenient||cheap; inexpensive; a petty advantage; to let sb off lightly"
"他走错了路。";"tā zǒu cuò le lù.";"He took the wrong path.";"他 (he; tā; hsk1|nhsk1)";"he; him (used for either sex when the sex is unknown or unimportant)/(used before sb's name for emphasis)/(used as a meaningless mock object)/(literary) other";"走 (walk; zǒu; hsk2|nhsk1)";"to walk/to go/to run/to move (of vehicle)/to visit/to leave/to go away/to die (euph.)/from/through/away (in compound verbs, such as 撤走[chè zǒu])/to change (shape, form, meaning)";"错 (mistake; cuò; hsk2|nhsk1)";"mistake; wrong; bad; interlocking; complex; to grind; to polish; to alternate; to stagger; to miss; to let slip; to evade; to inlay with gold or silver; surname Cuo";"了 (finish; le||liǎo||liǎo; hsk1|nhsk1|nhsk3)";"(completed action marker); (modal particle indicating change of state, situation now); (modal particle intensifying preceding clause)||to finish; to achieve; variant of 了[liǎo]; to understand clearly||(of eyes) bright; clear-sighted; to understand clearly";"路 (road; lù; hsk2|nhsk1)";"road (CL:条[tiáo]); journey; route; line (bus etc); sort; kind; surname Lu"
"她是我最亲爱的妹妹。";"tā shì wǒ zuì qīnài de mèimei.";"She is my dearest younger sister.";"她 (she; tā; hsk1|nhsk1)";"she";"是 (to be; shì; hsk1|nhsk1|stront3)";"to be (followed by substantives only); correct; right; true; (respectful acknowledgement of a command) very well; (adverb for emphatic assertion)";"我 (I; wǒ; hsk1|nhsk1)";"me; my; I";"最 (most; zuì; hsk2|nhsk1)";"most; the most; -est (superlative suffix)";"亲爱 (dear; qīnài; hsk5|nhsk4)";"dear/beloved/darling";"的 (of; de||dī||dí||dì; also pr. dì or di in poetry and songs; hsk1|nhsk1)";"of; ~'s (possessive particle); (used after an attribute); (used to form a nominal expression); (used at the end of a declarative sentence for emphasis); a cab (abbr. for 的士[dī shì])||really and truly||(bound form) bull's-eye; target";"妹妹 (younger sister; mèimei; hsk2)";"younger sister/young woman/CL:个[gè]"
"妹妹今天过生日。";"mèimei jīntiān guòshēngrì.";"It's my younger sister's birthday today.";"妹妹 (younger sister; mèimei; hsk2)";"younger sister/young woman/CL:个[gè]";"今天 (today; jīntiān; hsk1|nhsk1)";"today/the present time; now";"过生日 (guòshēngrì; non-hsk)";"No definition found"
"请您从过道走。";"qǐng nín cóng guò dào zǒu.";"Please walk through the corridor.";"请 (ask; qǐng; hsk1|nhsk1)";"to ask/to invite/please (do sth)/to treat (to a meal etc)/to request";"您 (you; nín; hsk2|nhsk1)";"you (courteous, as opposed to informal 你[nǐ])";"从 (from; cóng; Taiwan pr. zòng retainer; Taiwan pr. zòng assistant; Taiwan pr. zòng related by common paternal grandfather or earlier ancestor; hsk2|nhsk1)";"from; through; via; (bound form) to follow; (bound form) to obey; (bound form) to engage in (an activity); (used before a negative) ever; attendant; auxiliary; subordinate; surname Cong";"过 (to pass; guō||guò||guo; hsk2|nhsk1|nhsk2)";"to go over; to pass (time); to celebrate (a holiday); to live; to get along; excessively; too-||(experienced action marker); surname Guo||to cross";"道 (way; dào; nhsk2)";"road; path (CL:条[tiáo],股[gǔ])/(bound form) way; reason; principle/(bound form) a skill; an art; a specialization/(Daoism) the Way; the Dao/to say (introducing a direct quotation, as in a novel)/(bound form) to express; to extend (polite words)/classifier for long thin things (rivers, cracks etc), barriers (walls, doors etc), questions (in an exam etc), commands, courses in a meal, steps in a process/(old) circuit (administrative division)";"走 (walk; zǒu; hsk2|nhsk1)";"to walk/to go/to run/to move (of vehicle)/to visit/to leave/to go away/to die (euph.)/from/through/away (in compound verbs, such as 撤走[chè zǒu])/to change (shape, form, meaning)"
"我可以借你的铅笔吗？";"wǒ kěyǐ jiè nǐ de qiānbǐ ma?";"Can I borrow your pencil?";"我 (I; wǒ; hsk1|nhsk1)";"me; my; I";"可以 (can; kěyǐ; hsk2|nhsk2)";"can/may/possible/able to/not bad/pretty good";"借 (borrow; jiè; hsk3|nhsk2)";"to borrow; (used in combination with 给[gěi] or 出[chū] etc) to lend; to make use of; to avail oneself of; (sometimes followed by 着[zhe]) by; with";"你 (you; nǐ; hsk1|nhsk1)";"you (informal, as opposed to courteous 您[nín]); you (Note: In Taiwan, 妳 is used to address females, but in mainland China, it is not commonly used. Instead, 你 is used to address both males and females.)";"的 (of; de||dī||dí||dì; also pr. dì or di in poetry and songs; hsk1|nhsk1)";"of; ~'s (possessive particle); (used after an attribute); (used to form a nominal expression); (used at the end of a declarative sentence for emphasis); a cab (abbr. for 的士[dī shì])||really and truly||(bound form) bull's-eye; target";"铅笔 (pencil; qiānbǐ; hsk2|nhsk6)";"(lead) pencil/CL:支[zhī],枝[zhī],杆[gǎn]";"吗 (what; má||mǎ||ma; hsk1|nhsk1)";"(coll.) what?||used in 嗎啡|吗啡[mǎ fēi]||(question particle for ""yes-no"" questions)"
"他给我介绍了一个朋友。";"tā gěi wǒ jièshào le yīgè péngyou.";"He introduced a friend to me.";"他 (he; tā; hsk1|nhsk1)";"he; him (used for either sex when the sex is unknown or unimportant)/(used before sb's name for emphasis)/(used as a meaningless mock object)/(literary) other";"给 (give; gěi||jǐ; hsk2|nhsk1)";"to; for; for the benefit of; to give; to allow; to do sth (for sb); (grammatical equivalent of 被); (grammatical equivalent of 把); (sentence intensifier)||to supply; to provide";"我 (I; wǒ; hsk1|nhsk1)";"me; my; I";"介绍 (introduce; jièshào; hsk2|nhsk1)";"to introduce (sb to sb)/to give a presentation/to present (sb for a job etc)/introduction";"了 (finish; le||liǎo||liǎo; hsk1|nhsk1|nhsk3)";"(completed action marker); (modal particle indicating change of state, situation now); (modal particle intensifying preceding clause)||to finish; to achieve; variant of 了[liǎo]; to understand clearly||(of eyes) bright; clear-sighted; to understand clearly";"一个 (yīgè; non-hsk)";"No definition found";"朋友 (friend; péngyou; hsk1|nhsk1)";"friend/CL:个[gè],位[wèi]"
"他忙着准备考试。";"tā máng zhe zhǔnbèi kǎoshì.";"He is busy preparing for the exam.";"他 (he; tā; hsk1|nhsk1)";"he; him (used for either sex when the sex is unknown or unimportant)/(used before sb's name for emphasis)/(used as a meaningless mock object)/(literary) other";"忙 (busy; máng; hsk2|nhsk1)";"busy/hurriedly/to hurry/to rush";"着 (move/touch; zhāo||zháo||zhe||zhuó; hsk2|nhsk1|nhsk4)";"(chess) move; trick; all right!; (dialect) to add||to touch; to come in contact with; to feel; to be affected by; to catch fire; to burn; (coll.) to fall asleep; (after a verb) hitting the mark; succeeding in||aspect particle indicating action in progress or ongoing state||to wear (clothes); to contact; to use; to apply";"准备 (preparation; zhǔnbèi; hsk2|nhsk1|stront1)";"preparation/to prepare/to intend/to be about to/reserve (fund)";"考试 (exam; kǎoshì; hsk2|nhsk1)";"to take an exam/exam/CL:次[cì]"
"时间过得真快，一下子就走了。";"shíjiān guòdé zhēnkuài, yīxiàzi jiù zǒu le.";"Time flies, it passed so quickly.";"时间 (time; shíjiān; hsk2|nhsk1|stront1)";"(concept of) time/(duration of) time/(point in) time";"过得 (guòdé; non-hsk)";"How are you getting by?/How's life?/contraction of 過得去|过得去, can get by/tolerably well/not too bad";"真快 (zhēn kuài; non-hsk)";"No definition found";"一下子 (all at once; yīxiàzi; nhsk5)";"in a short while/all at once/all of a sudden";"就 (just; jiù; hsk2|nhsk1)";"(after a suppositional clause) in that case; then/(after a clause of action) as soon as; immediately after/(same as 就是[jiù shì]) merely; nothing else but; simply; just; precisely; exactly/only; as little as/as much as; as many as/to approach; to move towards/to undertake; to engage in/(often followed by 着[zhe]) taking advantage of/(of food) to go with/with regard to; concerning/(pattern: 就[jiù] ... 也[yě] ...) even if ... still .../(pattern: 不[bù] ... 就[jiù] ...) if not ... then must be ...";"走 (walk; zǒu; hsk2|nhsk1)";"to walk/to go/to run/to move (of vehicle)/to visit/to leave/to go away/to die (euph.)/from/through/away (in compound verbs, such as 撤走[chè zǒu])/to change (shape, form, meaning)";"了 (finish; le||liǎo||liǎo; hsk1|nhsk1|nhsk3)";"(completed action marker); (modal particle indicating change of state, situation now); (modal particle intensifying preceding clause)||to finish; to achieve; variant of 了[liǎo]; to understand clearly||(of eyes) bright; clear-sighted; to understand clearly"
"她做的面条非常好吃。";"tā zuò de miàntiáo fēicháng hàochī.";"The noodles she makes are very delicious.";"她 (she; tā; hsk1|nhsk1)";"she";"做 (make; zuò; hsk1|nhsk1)";"to make; to produce/to write; to compose/to do; to engage in; to hold (a party etc)/(of a person) to be (an intermediary, a good student etc); to become (husband and wife, friends etc)/(of a thing) to serve as; to be used for/to assume (an air or manner)";"的 (of; de||dī||dí||dì; also pr. dì or di in poetry and songs; hsk1|nhsk1)";"of; ~'s (possessive particle); (used after an attribute); (used to form a nominal expression); (used at the end of a declarative sentence for emphasis); a cab (abbr. for 的士[dī shì])||really and truly||(bound form) bull's-eye; target";"面条 (noodles; miàntiáo; hsk2)";"noodles";"非常 (very; fēicháng; hsk2|nhsk1)";"very; really/unusual; extraordinary";"好吃 (fond of eating; hǎochī||hàochī; hsk2|nhsk1)";"tasty; delicious||to be fond of eating; to be gluttonous"
"哥哥比我高。";"gēge bǐ wǒ gāo.";"My older brother is taller than me.";"哥哥 (older brother; gēge; hsk2)";"older brother/CL:个[gè],位[wèi]";"比 (to compare; bǐ; Taiwan pr. bì in some compounds derived from Classical Chinese; hsk2|nhsk1)";"abbr. for 比利時|比利时[Bǐ lì shí]; to compare; (followed by a noun and adjective) more {adj.} than {noun}; ratio; to gesture; Belgium; Belgian";"我 (I; wǒ; hsk1|nhsk1)";"me; my; I";"高 (high; gāo; hsk2|nhsk1)";"high; tall; above average; loud; your (honorific); surname Gao"
"西瓜很甜。";"xīguā hěntián.";"The watermelon is very sweet.";"西瓜 (watermelon; xīguā; hsk2|nhsk4)";"watermelon/CL:颗[kē],个[ge]";"很甜 (hěntián; non-hsk)";"No definition found"
"你可以问他一下。";"nǐ kěyǐ wèn tā yīxià.";"You can ask him.";"你 (you; nǐ; hsk1|nhsk1)";"you (informal, as opposed to courteous 您[nín]); you (Note: In Taiwan, 妳 is used to address females, but in mainland China, it is not commonly used. Instead, 你 is used to address both males and females.)";"可以 (can; kěyǐ; hsk2|nhsk2)";"can/may/possible/able to/not bad/pretty good";"问 (ask; wèn; hsk2|nhsk1)";"to ask; to inquire";"他 (he; tā; hsk1|nhsk1)";"he; him (used for either sex when the sex is unknown or unimportant)/(used before sb's name for emphasis)/(used as a meaningless mock object)/(literary) other";"一下 (give it a go; yīxià; hsk2)";"(used after a verb) give it a go/to do (sth for a bit to give it a try)/one time/once/in a while/all of a sudden/all at once"
"她喜欢运动，例如游泳和跑步。";"tā xǐhuan yùndòng, lìrú yóuyǒng hé pǎobù.";"She likes sports, such as swimming and running.";"她 (she; tā; hsk1|nhsk1)";"she";"喜欢 (like; xǐhuan; hsk1|nhsk1)";"to like; to be fond of";"运动 (exercise; yùndòng; hsk2|nhsk2)";"to move/to exercise/sports/exercise/motion/movement/campaign/CL:场[chǎng]";"例如 (for example; lìrú; hsk4|nhsk2)";"for example; for instance; such as";"游泳 (swimming; yóuyǒng; hsk2|nhsk3)";"swimming/to swim";"和 (together; hé||hé||hè||hú||huó||huò; Taiwan pr. hàn; Taiwan pr. huò; hsk1|nhsk1)";"together with; (math.) sum; to make peace; (sports) to draw; to tie; (bound form) harmonious; (bound form) Japan; to join in the singing; to chime in with others||to complete a set in mahjong or playing cards||to combine a powdery substance (flour, plaster etc) with water; to blend; classifier for rinses of clothes; classifier for boilings of medicinal herbs; surname He||(joining two nouns) and; Japanese||to compose a poem in reply (to sb's poem) using the same rhyme sequence";"跑步 (run; pǎobù; hsk2|nhsk3)";"to run/to jog/(military) to march at the double"
"他喜欢黑咖啡。";"tā xǐhuan hēi kāfēi.";"He likes black coffee.";"他 (he; tā; hsk1|nhsk1)";"he; him (used for either sex when the sex is unknown or unimportant)/(used before sb's name for emphasis)/(used as a meaningless mock object)/(literary) other";"喜欢 (like; xǐhuan; hsk1|nhsk1)";"to like; to be fond of";"黑 (black; hēi; hsk2|nhsk2|weeb1)";"abbr. for Heilongjiang province 黑龍江|黑龙江[Hēi lóng jiāng]; black; dark; sinister; secret; shady; illegal; to hide (sth) away; to vilify; (loanword) to hack (computing)";"咖啡 (coffee; kāfēi; hsk2|nhsk3)";"coffee (loanword)/CL:杯[bēi]"
"我们一起唱歌吧！";"wǒmen yīqǐ chànggē bā!";"Let's sing a song together!";"我们 (we; wǒmen; hsk1|nhsk1)";"we; us; ourselves; our";"一起 (together; yīqǐ; hsk2|nhsk1)";"in the same place/together/with/altogether (in total)";"唱歌 (sing; chànggē; hsk2|nhsk1)";"to sing a song";"吧 (bar; bā||ba||biā; hsk2|nhsk1)";"bar (loanword) (serving drinks, or providing Internet access etc); to puff (on a pipe etc); (onom.) bang; abbr. for 貼吧|贴吧[tiē bā]||(modal particle indicating suggestion or surmise); ...right?; ...OK?; ...I presume.||(onom.) smack!"
