"(å†›äº‹) å¦å…‹â €";"( jÅ«nshÃ¬ )   tÇnkÃ¨";"(military) tank";"å†› (army)";"Other words using this character: å† å†› (champion; guÃ njÅ«n); å†›äº‹ (military; jÅ«nshÃ¬); å­£å†› (bronze medalist; jÃ¬jÅ«n); å°†å†› (general; jiÄngjÅ«n); å†›é˜Ÿ (armed forces; jÅ«nduÃ¬); äºšå†› (runner-up; yÃ jÅ«n); å†›äº‹åŸºåœ° (military base; jÅ«nshÃ¬jÄ«dÃ¬); æ°´å†› (Internet poster; shuÇjÅ«n)";"äº‹ (matter)";"Other words using this character: äº‹æƒ… (affair; shÃ¬qing); æ•…äº‹ (story; gÃ¹shÃ¬||gÃ¹shi); åŒäº‹ (colleague; tÃ³ngshÃ¬); å†›äº‹ (military; jÅ«nshÃ¬); äº‹ç‰© (thing; shÃ¬wÃ¹); ä»äº‹ (to engage in; cÃ³ngshÃ¬); äººäº‹ (personnel; rÃ©nshÃ¬); äº‹å® (fact; shÃ¬shÃ­); äº‹å…ˆ (in advance; shÃ¬xiÄn); æœ¬äº‹ (ability; bÄ›nshÃ¬||bÄ›nshi)";"å¦ (level)";"Other words using this character: å¦ç‡ (frank; tÇnshuÃ i); å¹³å¦ (level; pÃ­ngtÇn); å¦ç™½ (honest; tÇnbÃ¡i); å·´å‹’æ–¯å¦ (Palestine; bÄlÃ¨sÄ«tÇn); å¦ç„¶ (calm; tÇnrÃ¡n)";"å…‹ (overcome)";"Other words using this character: å·§å…‹åŠ› (chocolate; qiÇokÃ¨lÃ¬); å…‹ (overcome; kÃ¨); éº¦å…‹é£ (microphone; mÃ ikÃ¨fÄ“ng); å…‹æœ (overcome; kÃ¨fÃº); æ”»å…‹ (overcome; gÅngkÃ¨); å…‹åˆ¶ (restrain; kÃ¨zhÃ¬); çˆ±å¸ˆå…‹ (Isaac; Ã ishÄ«kÃ¨); çˆ±ç‹®å…‹ (ISAG; Ã ishÄ«kÃ¨); æ·å…‹è¯­ (jiÃ©kÃ¨yÇ”)";"origin";"Min"
"å¤©å®‰é—¨å¹¿åœºâ €";"tiÄnÄnmÃ©nguÇngchÇng";"Tiananmen Square";"å¤© (sky)";"Other words using this character: ä»Šå¤© (today; jÄ«ntiÄn); æ˜å¤© (tomorrow; mÃ­ngtiÄn); æ˜¨å¤© (yesterday; zuÃ³tiÄn); å¤©æ°” (weather; tiÄnqÃ¬); èŠå¤© (chat; liÃ¡otiÄn); ç¤¼æ‹œå¤© (Sunday; lÇbÃ itiÄn); å¤©ç©º (sky; tiÄnkÅng); å¤©çœŸ (naive; tiÄnzhÄ“n); æˆå¤© (all day long; chÃ©ngtiÄn); å¾—å¤©ç‹¬åš (exceptional advantages; dÃ©tiÄndÃºhÃ²u)";"å®‰ (calm)";"Other words using this character: å®‰é™ (quiet; ÄnjÃ¬ng); å®‰æ’ (arrange; ÄnpÃ¡i); å®‰å…¨ (safety; ÄnquÃ¡n); å®‰æ…° (comfort; ÄnwÃ¨i); å®‰è£… (install; ÄnzhuÄng); ä¸å®‰ (unstable; bÃ¹Än); å¹³å®‰ (safe; pÃ­ngÄn); å®‰å® (peaceful; ÄnnÃ­ng); å®‰è¯¦ (serene; ÄnxiÃ¡ng); å®‰ç½® (settle; ÄnzhÃ¬)";"é—¨ (gate)";"Other words using this character: é—¨ (gate; mÃ©n); ä¸“é—¨ (specialized; zhuÄnmÃ©n); éƒ¨é—¨ (department; bÃ¹mÃ©n); çªé—¨ (trick; qiÃ omÃ©n); çƒ­é—¨ (popular; rÃ¨mÃ©n); é—¨ç¥¨ (ticket; mÃ©npiÃ o); é—¨æŠŠ (door knob; mÃ©nbÇ; also pr. mÃ©n bÃ ); æ¨å¼€é—¨ (open the door; tuÄ«kÄi mÃ©n); æ•²é—¨ (knock; qiÄomÃ©n); é‡‘é—¨å¤§æ¡¥ (Golden Gate Bridge; jÄ«nmÃ©ndÃ qiÃ¡o)";"å¹¿ (wide)";"Other words using this character: å¹¿æ’­ (broadcast; guÇngbÅ); å¹¿å‘Š (advertising; guÇnggÃ o); å¹¿å¤§ (widespread; guÇngdÃ ); å¹¿åœº (public square; guÇngchÇng); å¹¿æ³› (wide; guÇngfÃ n); æ¨å¹¿ (popularize; tuÄ«guÇng); å¹¿é˜” (wide; guÇngkuÃ²); è§å¤šè¯†å¹¿ (experienced; jiÃ nduÅshÃ­guÇng); å¹¿èä¸½ (Layla; guÇng luÃ³lÃ¬); æ—¶ä»£å¹¿åœº (Times Square; shÃ­dÃ iguÇngchÇng)";"åœº (place)";"Other words using this character: æœºåœº (airport; jÄ«chÇng); åœº (place; chÃ¡ng||chÇng); æ“åœº (playground; cÄochÇng); å¸‚åœº (marketplace; shÃ¬chÇng); å¹¿åœº (public square; guÇngchÇng); åœºåˆ (situation; chÇnghÃ©); åœºé¢ (scene; chÇngmiÃ n); åœºæ‰€ (location; chÇngsuÇ’); å½“åœº (on the spot; dÄngchÇng); ç«‹åœº (position; lÃ¬chÇng)";"origin";"Min"
"å¯†åº¦â €";"mÃ¬dÃ¹";"density; thickness";"å¯† (secret)";"Other words using this character: å¯†ç  (password; mÃ¬mÇ); ç§˜å¯† (secret; mÃ¬mÃ¬); å¯†åˆ‡ (close; mÃ¬qiÃ¨); ä¿å¯† (confidential; bÇomÃ¬); ç¨ å¯† (dense; chÃ³umÃ¬); æœºå¯† (secret; jÄ«mÃ¬); ç²¾å¯† (precise; jÄ«ngmÃ¬); å¯†å° (seal; mÃ¬fÄ“ng); äº²å¯† (intimate; qÄ«nmÃ¬); ä¸¥å¯† (strict; yÃ¡nmÃ¬)";"åº¦ (degree)";"Other words using this character: é€Ÿåº¦ (speed; sÃ¹dÃ¹); æ€åº¦ (attitude; tÃ idu); æ¸©åº¦ (temperature; wÄ“ndÃ¹); åº¦è¿‡ (pass; dÃ¹guÃ²); è§’åº¦ (angle; jiÇodÃ¹); ç¨‹åº¦ (degree; chÃ©ngdÃ¹); åˆ¶åº¦ (system; zhÃ¬dÃ¹); é£åº¦ (elegance; fÄ“ngdÃ¹); å¹…åº¦ (extent; fÃºdÃ¹); è¿‡åº¦ (excessive; guÃ²dÃ¹)";"âˆ æ°´çš„å¯†åº¦éšæ¸©åº¦çš„å˜åŒ–è€Œå˜åŒ–ã€‚";"ã€shuÇ de mÃ¬dÃ¹ suÃ­ wÄ“ndÃ¹ de biÃ nhuÃ  Ã©r biÃ nhuÃ .ã€‘                                                                   The density of water changes with temperature.";"âˆ è¿™ä¸ªåœ°åŒºçš„äººå£å¯†åº¦å¾ˆé«˜ã€‚";"ã€zhÃ¨ge dÃ¬qÅ« de rÃ©nkÇ’umÃ¬dÃ¹ hÄ›n gÄo.ã€‘                                                                   The population density of this area is very high.";"âˆ å¯†åº¦æ˜¯ç‰©è´¨çš„é‡è¦ç‰¹å¾ä¹‹ä¸€ã€‚";"ã€mÃ¬dÃ¹ shÃ¬ wÃ¹zhÃ¬ de zhÃ²ngyÃ o tÃ¨zhÄ“ng zhÄ«yÄ«.ã€‘                                                                   Density is one of the important characteristics of matter.";"ğŸ‡ é‡‘å‡Œçš„çœ‰æ¯›å¯†åº¦å¾ˆå¤§ï¼Œçœ‹èµ·æ¥å¾ˆæœ‰ç¥é‡‡ã€‚";"ã€jÄ«nlÃ­ng de mÃ©imÃ¡o mÃ¬dÃ¹ hÄ›ndÃ , kÃ nqÇlai hÄ›n yÇ’u shÃ©ncÇi.ã€‘                                                                   Jin Ling's eyebrow density is high, giving him a spirited look.";"ğŸ‡ è“å¿˜æœºçš„ç¬”è§¦éå¸¸å‡åŒ€ï¼Œå­—è¿¹å¯†åº¦å¾ˆå¤§ã€‚";"ã€lÃ¡nwÃ ngjÄ« de bÇchÃ¹ fÄ“ichÃ¡ng jÅ«nyÃºn, zÃ¬jÃ¬ mÃ¬dÃ¹ hÄ›ndÃ .ã€‘                                                                   Lan Wangji's strokes are very even, and the density of his handwriting is high.";"â™¸âˆ è¿™ä¸ªåŒºåŸŸçš„äººå£å¯†åº¦å¾ˆé«˜ã€‚";"ã€zhÃ¨ge qÅ«yÃ¹ de rÃ©nkÇ’umÃ¬dÃ¹ hÄ›n gÄo.ã€‘                                                                   The population density in this district is very high.";"origin";"Min/hsk6"
"å¸ç¯·â €";"zhÃ ngpeng";"tent; CL:é¡¶[dÇng],åº§[zuÃ²]";"å¸ (curtain)";"There are no other HSK words in this level (or before) using this character.";"ç¯· (sail)";"There are no other HSK words in this level (or before) using this character.";"âˆ è¿™ä¸ªå¸ç¯·å¾ˆå¤§ï¼Œå¯ä»¥å®¹çº³åä¸ªäººã€‚";"ã€zhÃ¨ge zhÃ ngpeng hÄ›ndÃ , kÄ›yÇ rÃ³ngnÃ  shÃ­gÃ¨ rÃ©n.ã€‘                                                                   This tent is big enough to accommodate ten people.";"âˆ æˆ‘ä»¬åœ¨å¸ç¯·é‡Œéœ²è¥ã€‚";"ã€wÇ’men zÃ i zhÃ ngpeng lÇ lÃ¹yÃ­ng.ã€‘                                                                   We camped in the tent.";"âˆ ä»–ä»¬æ­èµ·äº†ä¸€ä¸ªå¸ç¯·ã€‚";"ã€tÄmen dÄqÇ le yÄ«gÃ¨ zhÃ ngpeng.ã€‘                                                                   They set up a tent.";"ğŸ‡ æ¸©é’åœ¨å¸ç¯·é‡Œç…§é¡¾ä¼¤å‘˜ï¼Œå°½å¿ƒå°½åŠ›ã€‚";"ã€wÄ“nqÄ«ng zÃ i zhÃ ngpeng lÇ zhÃ ogu shÄngyuÃ¡n, jÃ¬nxÄ«njÃ¬nlÃ¬.ã€‘                                                                   Wen Qing takes care of the wounded in the tent, doing her best.";"ğŸ‡ é‡‘å‡Œå–œæ¬¢åœ¨å¸ç¯·é‡Œç©è€ï¼Œä»¿ä½›æ˜¯åœ¨è‡ªå·±çš„å°å¤©åœ°é‡Œã€‚";"ã€jÄ«nlÃ­ng xÇhuan zÃ i zhÃ ngpeng lÇ wÃ¡nshuÇ, fÇngfÃº shÃ¬ zÃ i zÃ¬jÇ de xiÇotiÄndÃ¬ lÇ.ã€‘                                                                   Jin Ling enjoys playing in the tent, as if it's his own little world.";"â™¸âˆ ä»–ä»¬åœ¨æ ‘æ—é‡Œæ­èµ·äº†å¸ç¯·ã€‚";"ã€tÄmen zÃ i shÃ¹lÃ­n lÇ dÄ qÇ le zhÃ ngpeng.ã€‘                                                                   They set up tents in the forest.";"â™¸âˆ ä»–ä»¬åœ¨å±±è…°æ­èµ·äº†å¸ç¯·ã€‚";"ã€tÄmen zÃ i shÄnyÄo dÄqÇ le zhÃ ngpeng.ã€‘                                                                   They set up a tent halfway up the mountain.";"â™¸âˆ ä»–ä»¬åœ¨å¹³åŸä¸Šæ­èµ·äº†å¸ç¯·ã€‚";"ã€tÄmen zÃ i pÃ­ngyuÃ¡n shÃ ng dÄ qÇ le zhÃ ngpeng.ã€‘                                                                   They set up tents on the plain.";"â™¸âˆ ä»–ç”¨æ†å­æ”¯æ’‘èµ·äº†å¸ç¯·ã€‚";"ã€tÄ yÃ²ng gÇnzi zhÄ«chÄ“ng qÇ le zhÃ ngpeng.ã€‘                                                                   He used a pole to support the tent.";"â™¸âˆ è¿™åœºé£æš´å‡ ä¹ç“¦è§£äº†æˆ‘ä»¬çš„å¸ç¯·ã€‚";"ã€zhÃ¨chÇng fÄ“ngbÃ o jÄ«hÅ« wÇjiÄ› le wÇ’men de zhÃ ngpeng.ã€‘                                                                   The storm almost crumbled our tent.";"â™¸ğŸ‡ é­æ— ç¾¡å’Œè“å¿˜æœºä¸€èµ·æ¶èµ·äº†å¸ç¯·ã€‚";"ã€wÃ¨iwÃºxiÃ n hÃ© lÃ¡nwÃ ngjÄ« yÄ«qÇ jiÃ qÇ le zhÃ ngpeng.ã€‘                                                                   Wei Wuxian and Lan Wangji set up the tent together.";"â™¸ğŸ‡ è“å¿˜æœºå’Œé­æ— ç¾¡åœ¨æ²³è¾¹æ­èµ·å¸ç¯·ï¼Œå‡†å¤‡éœ²è¥ä¸€æ™šã€‚";"ã€lÃ¡nwÃ ngjÄ« hÃ© wÃ¨iwÃºxiÃ n zÃ i hÃ©biÄn dÄ qÇ zhÃ ngpeng, zhÇ”nbÃ¨i lÃ¹yÃ­ng yÄ« wÇn.ã€‘                                                                   Lan Wangji and Wei Wuxian set up a tent by the river, preparing to camp for the night.";"origin";"Min/hsk6"
"ç¡è¢‹â €";"shuÃ¬dÃ i";"sleeping bag";"ç¡ (to sleep)";"Other words using this character: ç¡è§‰ (sleep; shuÃ¬jiÃ o); æ—©ç¡æ—©èµ· (early to bed, early to rise; zÇoshuÃ¬zÇoqÇ); æ™šç¡æ™šèµ· (sleep late; wÇnshuÃ¬ wÇnqÇ); æˆ‘ç¡äº† (sleep; wÇ’ shuÃ¬ le); ç¡è¡£ (pajamas; shuÃ¬yÄ«); ç¼ºå°‘ç¡çœ  (Lack of sleep; quÄ“shÇo shuÃ¬miÃ¡n)";"è¢‹ (pouch)";"Other words using this character: å¡‘æ–™è¢‹ (plastic bag; sÃ¹liÃ odÃ i); è„‘è¢‹ (head; nÇodai)";"origin";"Min"
"å±±ä¸˜â €";"shÄnqiÅ«";"hills; hill";"å±± (mountain)";"Other words using this character: çˆ¬å±± (climb; pÃ¡shÄn); å±±è„‰ (mountain range; shÄnmÃ i); å±±ç« (wildfire; shÄnhuÇ’); æ—§é‡‘å±± (San Francisco; jiÃ¹jÄ«nshÄn); é¸­æ¢¨å±±å¤§ (pressure; yÄlÃ­ shÄn dÃ ); è¿™æ¬¡çˆ¬å±± (hiking; zhÃ¨cÃ¬ pÃ¡shÄn); å¤§å±±æ·±å¤„ (deep in the mountains; dÃ shÄnshÄ“nchÃ¹); å±±è„š (foot; shÄnjiÇo); å±±è…° (halfway up a mountain; shÄnyÄo); å±±é¡¶ (hilltop; shÄndÇng)";"ä¸˜ (mound)";"Other words using this character: ä¸˜é™µ (hills; qiÅ«lÃ­ng)";"origin";"Min"
"èµ°å»Šâ €";"zÇ’ulÃ¡ng";"corridor; aisle; hallway; passageway; veranda";"èµ° (walk)";"Other words using this character: èµ° (walk; zÇ’u); é£ç¦½èµ°å…½ (birds and animals; fÄ“iqÃ­nzÇ’ushÃ²u); èµ°æ¼ (leak; zÇ’ulÃ²u); èµ°ç§ (smuggle; zÇ’usÄ«); æ‹¿èµ°ç‹— (take away the dog; nÃ¡ zÇ’ugÇ’u); é£éªšèµ°ä½ (flirtatious; fÄ“ng sÄo zÇ’u weÃ¬); èµ°è‚¾ (infatuation inducing; zÇ’ushÃ¨n); å¥”èµ°ç›¸å‘Š (spread the news; bÄ“nzÇ’uxiÄnggÃ o); èµ°å¿ƒ (to be moved; zÇ’uxÄ«n)";"å»Š (corridor)";"There are no other HSK words in this level (or before) using this character.";"âˆ å­¦æ ¡çš„èµ°å»Šå¾ˆå®½æ•ã€‚";"ã€xuÃ©xiÃ o de zÇ’ulÃ¡ng hÄ›n kuÄnchang.ã€‘                                                                   The school's corridors are spacious.";"âˆ ä»–ä»¬åœ¨èµ°å»Šä¸Šç¢°åˆ°äº†å½¼æ­¤ã€‚";"ã€tÄmen zÃ i zÇ’ulÃ¡ng shÃ ng pÃ¨ngdÃ o le bÇcÇ.ã€‘                                                                   They met each other in the hallway.";"âˆ èµ°å»Šä¸¤ä¾§æ‘†æ”¾ç€å¾ˆå¤šè‰ºæœ¯å“ã€‚";"ã€zÇ’ulÃ¡ng liÇngcÃ¨ bÇifÃ ngzhe hÄ›nduÅ yÃ¬shÃ¹pÇn.ã€‘                                                                   There are many artworks displayed on both sides of the corridor.";"ğŸ‡ è“æ¹›åœ¨èµ°å»Šä¸Šé‡åˆ°äº†é‡‘å‡Œã€‚";"ã€lÃ¡nzhÃ n zÃ i zÇ’ulÃ¡ng shÃ ng yÃ¹dÃ o le jÄ«nlÃ­ng.ã€‘                                                                   Lan Zhan met Jin Ling in the hallway.";"ğŸ‡ è“æ›¦è‡£åœ¨èµ°å»Šä¸Šé‡åˆ°äº†è“æ¹›ã€‚";"ã€lÃ¡nxÄ«chÃ©n zÃ i zÇ’ulÃ¡ng shÃ ng yÃ¹dÃ o le lÃ¡nzhÃ n.ã€‘                                                                   Lan Xichen met Lan Zhan in the hallway.";"â™¸âˆ å¥¹çš„æˆ¿é—´åœ¨èµ°å»Šçš„å·¦è¾¹ã€‚";"ã€tÄ de fÃ¡ngjiÄn zÃ i zÇ’ulÃ¡ng de zuÇ’bian.ã€‘                                                                   Her room is on the left side of the corridor.";"origin";"Min/hsk6"
"åŠ æ¹¿å™¨â €";"jiÄshÄ«qÃ¬";"humidifier";"åŠ  (add)";"Other words using this character: å‚åŠ  (participate; cÄnjiÄ); åŠ ç­ (overtime; jiÄbÄn); åŠ æ²¹ç«™ (gas station; jiÄyÃ³uzhÃ n); å¢åŠ  (raise; zÄ“ngjiÄ); åŠ å·¥ (process; jiÄgÅng); åŠ å‰§ (intensify; jiÄjÃ¹); æ–½åŠ  (exert; shÄ«jiÄ); é›ªä¸ŠåŠ éœœ (worsen; xuÄ›shÃ ngjiÄshuÄng); åŠ å· (California; jiÄzhÅu); å‚åŠ æ¯”èµ› (participate; cÄnjiÄ bÇsÃ i)";"æ¹¿ (moist)";"Other words using this character: æ½®æ¹¿ (damp; chÃ¡oshÄ«); æ¹¿æ¶¦ (moist; shÄ«rÃ¹n); æ¹¿ (moist; shÄ«); æ±¤è€æ¹¿ (Tom Hardy; tÄng lÇo shÄ«); è€æ¹¿ (lecherous teacher; lÇo shÄ«)";"å™¨ (device)";"Other words using this character: æœºå™¨ (machine; jÄ«qÃ¬); å……ç”µå™¨ (battery charger; chÅngdiÃ nqÃ¬); ä¹å™¨ (musical instrument; yuÃ¨qÃ¬); å™¨æ (equipment; qÃ¬cÃ¡i); å™¨å®˜ (organ; qÃ¬guÄn); å®¹å™¨ (container; rÃ³ngqÃ¬); æ­¦å™¨ (weapon; wÇ”qÃ¬); ä»ªå™¨ (instrument; yÃ­qÃ¬); ç§˜å¯†æ­¦å™¨ (Secret weapon; mÃ¬mÃ¬wÇ”qÃ¬); æ„Ÿåº”å™¨ (sensor; gÇnyÃ¬ngqÃ¬)";"origin";"Min"
"å¤§ç™½å¤©â €";"dÃ bÃ¡itiÄn";"broad daylight";"å¤§ (big)";"Other words using this character: å¤§ (big; dÃ ||dÃ i); å¤§å®¶ (everyone; dÃ jiÄ); å¤§æ¦‚ (roughly; dÃ gÃ i); å¤§ä½¿é¦† (embassy; dÃ shÇguÇn); å¤§çº¦ (approximately; dÃ yuÄ“); å¤§å¤« (doctor; dÃ fÅ«||dÃ ifu); å¤§å¦ (grand building; dÃ shÃ ); å¤§è±¡ (elephant; dÃ xiÃ ng); å¹¿å¤§ (widespread; guÇngdÃ ); å·¨å¤§ (huge; jÃ¹dÃ )";"ç™½ (white)";"Other words using this character: ç™½ (white; bÃ¡i); æ˜ç™½ (clear; mÃ­ngbai); è‹ç™½ (pale; cÄngbÃ¡i); è›‹ç™½è´¨ (protein; dÃ nbÃ¡izhÃ¬); ç©ºç™½ (blank space; kÃ²ngbÃ¡i); å¦ç™½ (honest; tÇnbÃ¡i); ç™½èœ (Chinese cabbage; bÃ¡icÃ i); ç™½å¤§è¤‚ (doctor's coat; bÃ¡idÃ guÃ ); ç™½å¡” (White tower; bÃ¡itÇ); ç™½é¢† (white-collar; bÃ¡ilÇng)";"å¤© (sky)";"Other words using this character: ä»Šå¤© (today; jÄ«ntiÄn); æ˜å¤© (tomorrow; mÃ­ngtiÄn); æ˜¨å¤© (yesterday; zuÃ³tiÄn); å¤©æ°” (weather; tiÄnqÃ¬); èŠå¤© (chat; liÃ¡otiÄn); ç¤¼æ‹œå¤© (Sunday; lÇbÃ itiÄn); å¤©ç©º (sky; tiÄnkÅng); å¤©çœŸ (naive; tiÄnzhÄ“n); æˆå¤© (all day long; chÃ©ngtiÄn); å¾—å¤©ç‹¬åš (exceptional advantages; dÃ©tiÄndÃºhÃ²u)";"origin";"Min"
"å°‘å¹´ç™½é©¬é†‰æ˜¥é£â €";"shÃ oniÃ¡n bÃ¡imÇ zuÃ¬ chÅ«nfÄ“ng";"Dashing Youth (The young white horse is drunk in the spring breeze)";"å°‘ (few)";"Other words using this character: å¤šå°‘ (how much; duÅshÇo||duÅshao); å°‘ (few; shÇo||shÃ o); å‡å°‘ (decrease; jiÇnshÇo); ç¼ºå°‘ (lack; quÄ“shÇo); è‡³å°‘ (at least; zhÃ¬shÇo); é’å°‘å¹´ (adolescent; qÄ«ngshÃ oniÃ¡n); å°‘æ•°æ°‘æ— (ethnic group; shÇoshÃ¹mÃ­nzÃº); å°‘æ•°æ—è£” (minority; shÇoshÃ¹ zÃºyÃ¬); ç¼ºå°‘ç¡çœ  (Lack of sleep; quÄ“shÇo shuÃ¬miÃ¡n); æ—¥ç›Šå‡å°‘ (decreasing; rÃ¬yÃ¬jiÇnshÇo)";"å¹´ (year)";"Other words using this character: å¹´ (year; niÃ¡n); å»å¹´ (last year; qÃ¹niÃ¡n); å¹´çº§ (grade; niÃ¡njÃ­); å¹´è½» (young; niÃ¡nqÄ«ng); å¹´é¾„ (age; niÃ¡nlÃ­ng); å¹´ä»£ (era; niÃ¡ndÃ i); å¹´çºª (age; niÃ¡njÃ¬); é’å°‘å¹´ (adolescent; qÄ«ngshÃ oniÃ¡n); æ‹œå¹´ (pay a New Year call; bÃ iniÃ¡n); è¿å¹´ (successive years; liÃ¡nniÃ¡n)";"ç™½ (white)";"Other words using this character: ç™½ (white; bÃ¡i); æ˜ç™½ (clear; mÃ­ngbai); è‹ç™½ (pale; cÄngbÃ¡i); è›‹ç™½è´¨ (protein; dÃ nbÃ¡izhÃ¬); ç©ºç™½ (blank space; kÃ²ngbÃ¡i); å¦ç™½ (honest; tÇnbÃ¡i); ç™½èœ (Chinese cabbage; bÃ¡icÃ i); ç™½å¤§è¤‚ (doctor's coat; bÃ¡idÃ guÃ ); ç™½å¡” (White tower; bÃ¡itÇ); ç™½é¢† (white-collar; bÃ¡ilÇng)";"é©¬ (horse)";"Other words using this character: é©¬ (horse; mÇ); é©¬ä¸Š (immediately; mÇshÃ ng); é©¬è™ (careless; mÇhu); æŠ“é©¬ (drama; zhuÄmÇ); å¤ç½—é©¬ (ancient Rome; gÇ”luÃ³mÇ); èµ›é©¬ (horse racing; sÃ imÇ); è¿‡é©¬è·¯ (cross street; guÃ²mÇlÃ¹); é©¬èœ‚ (wasp; mÇfÄ“ng); é©¬æ€é¸¡ (massage; mÇshÄjÄ«); æ€é©¬ç‰¹ (urban migrants; shÄmÇtÃ¨)";"é†‰ (intoxicated)";"Other words using this character: é†‰ (intoxicated; zuÃ¬); éº»é†‰ (anesthesia; mÃ¡zuÃ¬); é™¶é†‰ (infatuated; tÃ¡ozuÃ¬)";"æ˜¥ (spring)";"Other words using this character: æ˜¥ (spring; chÅ«n); é’æ˜¥ (youth; qÄ«ngchÅ«n); æ˜¥èŠ‚ (Spring Festival; chÅ«njiÃ©); æ˜¥å¤© (spring; chÅ«ntiÄn); æ˜¥å›°ç§‹ä¹ (sleepiness in spring; chÅ«nkÃ¹n qiÅ«fÃ¡)";"é£ (wind)";"Other words using this character: åˆ®é£ (windy; guÄfÄ“ng); é£æ™¯ (scenery; fÄ“ngjÇng); é£é™© (risk; fÄ“ngxiÇn); éº¦å…‹é£ (microphone; mÃ ikÃ¨fÄ“ng); é£æ ¼ (style; fÄ“nggÃ©); é£ä¿— (custom; fÄ“ngsÃº); é£æš´ (storm; fÄ“ngbÃ o); é£åº¦ (elegance; fÄ“ngdÃ¹); é£å…‰ (scene; fÄ“ngguÄng); é£æ°” (atmosphere; fÄ“ngqÃ¬)";"origin";"Min"
"çº¢æ¥¼æ¢¦â €";"hÃ³nglÃ³umÃ¨ng";"Dream of the Red Chamber; A Dream of Red Mansions (first completed edition 1791) by Cao Xueqin æ›¹é›ªèŠ¹[cÃ¡o XuÄ› qÃ­n], one of the four great novels";"çº¢ (red)";"Other words using this character: çº¢ (red; hÃ³ng); è¥¿çº¢æŸ¿ (tomato; xÄ«hÃ³ngshÃ¬); åˆ†çº¢ (dividend; fÄ“nhÃ³ng); æ¨çº¢ (Hong; yÃ¡nghÃ³ng); çº¢ç‰› (Red Bull; hÃ³ngniÃº); çº¢è‚‰æ©™ (cara cara; hÃ³ngrÃ²u chÃ©ng); å°çº¢ä¹¦ (little red book; xiÇohÃ³ngshÅ«); æçº¢ (Affectionate nickname; xÃ¬ng hÃ³ng); è¿‡æ°”ç½‘çº¢ (former celebrity; guÃ² qÃ¬ wÇng hÃ³ng); ç¿»çº¢ (popular again; fÄn hÃ³ng)";"æ¥¼ (building)";"Other words using this character: æ¥¼ (building; lÃ³u); å¤§æ¥¼ (building; dÃ lÃ³u); åŠå…¬æ¥¼ (office building; bÃ ngÅnglÃ³u); ä¸€æ¥¼ (first floor; yÄ«lÃ³u); é«˜æ¥¼å¤§å¦ (tall building; gÄolÃ³udÃ shÃ ); æ¥¼ä¸» (Original poster; lÃ³uzhÇ”); æ­ªä¸ªæ¥¼ (digress; wÄi gÃ¨ lÃ³u)";"æ¢¦ (dream)";"Other words using this character: æ¢¦ (dream; mÃ¨ng); æ¢¦æƒ³ (dream; mÃ¨ngxiÇng); å™©æ¢¦ (nightmare; Ã¨mÃ¨ng); æ¢¦åˆ° (dream about; mÃ¨ngdÃ o); åšæ¢¦ (dream; zuÃ²mÃ¨ng); ä»¥æ¢¦ä¸ºé©¬ (dream as a horse; yÇ mÃ¨ng wÃ©i mÇ)";"origin";"Min"
"æ¦‚ç‡â €";"gÃ ilÇœ";"Probability; probability (math.)";"æ¦‚ (general)";"Other words using this character: å¤§æ¦‚ (roughly; dÃ gÃ i); æ¦‚æ‹¬ (summarize; gÃ ikuÃ²); æ¦‚å¿µ (concept; gÃ iniÃ n); æ°”æ¦‚ (spirit; qÃ¬gÃ i); å¤§æ¦‚äº†è§£ (roughly understand; dÃ gÃ i liÇojiÄ›)";"ç‡ (lead)";"Other words using this character: æ±‡ç‡ (exchange rate; huÃ¬lÇœ); å¦ç‡ (frank; tÇnshuÃ i); æ•ˆç‡ (efficiency; xiÃ olÇœ); è‰ç‡ (careless; cÇoshuÃ i); é¢‘ç‡ (frequency; pÃ­nlÇœ); ç‡é¢† (lead; shuÃ ilÇng)";"â™¸âˆ å½©ç¥¨ä¸­å¥–çš„æ¦‚ç‡å¾ˆä½ã€‚";"ã€cÇipiÃ o zhÃ²ngjiÇng de gÃ ilÇœ hÄ›n dÄ«.ã€‘                                                                   The probability of winning the lottery is very low.";"origin";"Min"
"åˆºç»£â €";"cÃ¬xiÃ¹";"to embroider; embroidery";"åˆº (thorn)";"Other words using this character: è®½åˆº (satirize; fÄ›ngcÃ¬); åˆºæ¿€ (stimulate; cÃ¬jÄ«); åˆº (thorn; cÄ«||cÃ¬); åˆºçœ¼ (cÃ¬yÇn)";"ç»£ (embroider)";"Other words using this character: ç»£ (embroider; xiÃ¹)";"origin";"Min"
"ç™¾åˆ†ä½æ•°â €";"bÇifÄ“nwÃ¨ishÃ¹";"percentile; percentile (statistics)";"ç™¾ (hundred)";"Other words using this character: ç™¾ (hundred; bÇi); ç™¾åˆ†ä¹‹ (percent; bÇifÄ“nzhÄ«); è€ç™¾å§“ (ordinary people; lÇobÇixÃ¬ng); åƒæ–¹ç™¾è®¡ (by every possible means; qiÄnfÄngbÇijÃ¬); ç™¾åº¦åœ°å›¾ (Baidu map; bÇidÃ¹ dÃ¬tÃº); ç™¾åˆ†æ¯” (percentage; bÇifÄ“nbÇ); ç™¾ç§‘å…¨ä¹¦ (encyclopedia; bÇikÄ“quÃ¡nshÅ«); ç»´åŸºç™¾ç§‘ (Wikipedia; wÃ©ijÄ«bÇikÄ“)";"åˆ† (divide)";"Other words using this character: åˆ†é’Ÿ (minute; fÄ“nzhÅng); åˆ† (divide; fÄ“n||fÃ¨n); ç™¾åˆ†ä¹‹ (percent; bÇifÄ“nzhÄ«); éƒ¨åˆ† (part; bÃ¹fen); ååˆ† (very; shÃ­fÄ“n); å……åˆ† (ample; chÅngfÃ¨n); åˆ†å¸ƒ (distribute; fÄ“nbÃ¹); åˆ†æ‰‹ (break up; fÄ“nshÇ’u); æˆåˆ† (component; chÃ©ngfÃ¨n); åˆ†åˆ« (part; fÄ“nbiÃ©)";"ä½ (position)";"Other words using this character: ä½ (position; wÃ¨i); åº§ä½ (seat; zuÃ²wÃ¨i); å•ä½ (unit; dÄnwÃ¨i); ä½äº (be located at; wÃ¨iyÃº); åœ°ä½ (position; dÃ¬wÃ¨i); ä½ç½® (position; wÃ¨izhi); éƒ¨ä½ (part; bÃ¹wÃ¨i); æ–¹ä½ (direction; fÄngwÃ¨i); å²—ä½ (job; gÇngwÃ¨i); å­¦ä½ (academic degree; xuÃ©wÃ¨i)";"æ•° (count)";"Other words using this character: æ•°å­¦ (mathematics; shÃ¹xuÃ©); æ•°é‡ (quantity; shÃ¹liÃ ng); æ•°å­— (number; shÃ¹zÃ¬); æ•°æ® (data; shÃ¹jÃ¹); æ•°ç  (digital; shÃ¹mÇ); æ— æ•° (countless; wÃºshÃ¹); æ•° (count; shÇ”||shÃ¹||shuÃ²); æ•°é¢ (amount; shÃ¹Ã©); ç®—æ•° (keep to one's word; suÃ nshÃ¹); å°‘æ•°æ°‘æ— (ethnic group; shÇoshÃ¹mÃ­nzÃº)";"origin";"Min"
"ç¼çº«â €";"fÃ©ngrÃ¨n";"sewing; to sew; tailoring";"ç¼ (seam)";"Other words using this character: è£ç¼ (tailor; cÃ¡ifÃ©ng||cÃ¡ifeng)";"çº« (thread)";"There are no other HSK words in this level (or before) using this character.";"â™¸ğŸ‡ é­æ— ç¾¡åç€çš„æ—¶å€™æ€»æ˜¯æŠ–è…¿ï¼Œå°±åƒå¿ƒé‡Œä½ç€ä¸€å°ç¼çº«æœºã€‚";"ã€wÃ¨iwÃºxiÃ n zuÃ² zhe de shÃ­hou zÇ’ngshÃ¬ dÇ’u tuÇ, jiÃ¹ xiÃ ng xÄ«nli zhÃ¹ zhe yÄ«tÃ¡i fÃ©ngrÃ¨njÄ«.ã€‘                                                                   Wei Wuxian always shakes his legs while sitting, as if there is a sewing machine in his heart.";"origin";"Min"
"æ·å…‹è¯­â €";"jiÃ©kÃ¨yÇ”";"Czech; Czech (language)";"æ· (quick)";"Other words using this character: æ•æ· (nimble; mÇnjiÃ©)";"å…‹ (overcome)";"Other words using this character: å·§å…‹åŠ› (chocolate; qiÇokÃ¨lÃ¬); å…‹ (overcome; kÃ¨); éº¦å…‹é£ (microphone; mÃ ikÃ¨fÄ“ng); å…‹æœ (overcome; kÃ¨fÃº); æ”»å…‹ (overcome; gÅngkÃ¨); å…‹åˆ¶ (restrain; kÃ¨zhÃ¬); çˆ±å¸ˆå…‹ (Isaac; Ã ishÄ«kÃ¨); çˆ±ç‹®å…‹ (ISAG; Ã ishÄ«kÃ¨)";"è¯­ (language)";"Other words using this character: æ±‰è¯­ (Chinese language; hÃ nyÇ”); è¯è¯­ (word; cÃ­yÇ”); è¯­æ³• (grammar; yÇ”fÇ); è¯­è¨€ (language; yÇ”yÃ¡n); æˆè¯­ (idiom; chÃ©ngyÇ”); è¯­æ°” (tone; yÇ”qÃ¬); è°œè¯­ (riddle; mÃ­yÇ”); æ¯è¯­ (native language; mÇ”yÇ”); å£è¯­ (colloquial; kÇ’uyÇ”); åŒå…³è¯­ (pun; shuÄngguÄnyÇ”)";"origin";"Min"
"è¯­æ³•æ ¼â €";"yÇ”fÇ gÃ©";"grammatical case";"è¯­ (language)";"Other words using this character: æ±‰è¯­ (Chinese language; hÃ nyÇ”); è¯è¯­ (word; cÃ­yÇ”); è¯­æ³• (grammar; yÇ”fÇ); è¯­è¨€ (language; yÇ”yÃ¡n); æˆè¯­ (idiom; chÃ©ngyÇ”); è¯­æ°” (tone; yÇ”qÃ¬); è°œè¯­ (riddle; mÃ­yÇ”); æ¯è¯­ (native language; mÇ”yÇ”); å£è¯­ (colloquial; kÇ’uyÇ”); åŒå…³è¯­ (pun; shuÄngguÄnyÇ”)";"æ³• (law)";"Other words using this character: åŠæ³• (means; bÃ nfÇ); æ³•å¾‹ (law; fÇlÇœ); æ–¹æ³• (method; fÄngfÇ); çœ‹æ³• (opinion; kÃ nfÇ); è¯­æ³• (grammar; yÇ”fÇ); æ³•é™¢ (court; fÇyuÃ n); åˆæ³• (legal; hÃ©fÇ); æ³•äºº (corporation; fÇrÃ©n); éæ³• (illegal; fÄ“ifÇ); æ‰‹æ³• (technique; shÇ’ufÇ)";"æ ¼ (frame)";"Other words using this character: è¡¨æ ¼ (form; biÇogÃ©); åˆæ ¼ (meet the standard; hÃ©gÃ©); ä»·æ ¼ (price; jiÃ gÃ©); æ€§æ ¼ (nature; xÃ¬nggÃ©); ä¸¥æ ¼ (strict; yÃ¡ngÃ©); åŠæ ¼ (pass; jÃ­gÃ©); èµ„æ ¼ (qualifications; zÄ«gÃ©); é£æ ¼ (style; fÄ“nggÃ©); æ ¼å¤– (especially; gÃ©wÃ i); æ ¼å±€ (structure; gÃ©jÃº)";"origin";"Min"
"å…­å››äº‹ä»¶â €";"liÃ¹sÃ¬shÃ¬jiÃ n";"June 4th Incident; Tiananmen Incident of June 4, 1989";"å…­ (six)";"Other words using this character: å…­ (six; liÃ¹); å…­å°ºä¸‰å¯¸ (six feet three inches; liÃ¹chÇ sÄncÃ¹n); ä¸‰æœˆå…­å· (March 6th; sÄnyuÃ¨ liÃ¹hÃ o); ä¸€ç±³å…­ä¸ƒ (1.67 meters; yÄ«mÇ liÃ¹qÄ«)";"å›› (four)";"Other words using this character: å›› (four; sÃ¬); ä¸¢ä¸‰è½å›› (forgetful; diÅ«sÄnlÃ sÃ¬); å››è‚¢ (limbs; sÃ¬zhÄ«); ä¸€å¹´å››å­£ (all year round; yÄ«niÃ¡nsÃ¬jÃ¬); å››å­—å¼Ÿå¼Ÿ (Jackson Yee; sÃ¬ zÃ¬ dÃ¬ di)";"äº‹ (matter)";"Other words using this character: äº‹æƒ… (affair; shÃ¬qing); æ•…äº‹ (story; gÃ¹shÃ¬||gÃ¹shi); åŒäº‹ (colleague; tÃ³ngshÃ¬); å†›äº‹ (military; jÅ«nshÃ¬); äº‹ç‰© (thing; shÃ¬wÃ¹); ä»äº‹ (to engage in; cÃ³ngshÃ¬); äººäº‹ (personnel; rÃ©nshÃ¬); äº‹å® (fact; shÃ¬shÃ­); äº‹å…ˆ (in advance; shÃ¬xiÄn); æœ¬äº‹ (ability; bÄ›nshÃ¬||bÄ›nshi)";"ä»¶ (item)";"Other words using this character: ä»¶ (item; jiÃ n); ç”µå­é‚®ä»¶ (email; diÃ nzÇyÃ³ujiÃ n); æ¡ä»¶ (condition; tiÃ¡ojiÃ n); è½¯ä»¶ (software; ruÇnjiÃ n); è¯ä»¶ (certificate; zhÃ¨ngjiÃ n); é›¶ä»¶ (part; lÃ­ngjiÃ n); æ–‡ä»¶ (document; wÃ©njiÃ n); ç¡¬ä»¶ (hardware; yÃ¬ngjiÃ n); æ¡ˆä»¶ (case; Ã njiÃ n); é™„ä»¶ (appendix; fÃ¹jiÃ n)";"origin";"Min"
"æ¼©å„¿â €";"xuÃ¡nr";"swirl";"æ¼©";"There are no other HSK words in this level (or before) using this character.";"å„¿ (person/diminutive)";"Other words using this character: å“ªå„¿ (where; nÇr); ä¸€ç‚¹å„¿ (a little; yÄ«diÇnr); å„¿å­ (son; Ã©rzi); å¥³å„¿ (daughter; nÇšÃ©r); ä¸€ä¼šå„¿ (moment; yÄ«huÃ¬r; also pr. yÄ« huÇ r); å„¿ç«¥ (child; Ã©rtÃ³ng); å¹²æ´»å„¿ (work; gÃ nhuÃ³r); ä½¿åŠ²å„¿ (exert; shÇjÃ¬nr); å¹¼å„¿å›­ (kindergarten; yÃ²uÃ©ryuÃ¡n); å¤§ä¼™å„¿ (group; dÃ huÇ’r)";"origin";"Lisa"
"è¡¨ç™½çˆ±æƒ…â €";"biÇobÃ¡i Ã iqÃ­ng";"Confess love";"è¡¨ (show)";"Other words using this character: æ‰‹è¡¨ (wristwatch; shÇ’ubiÇo); è¡¨æ ¼ (form; biÇogÃ©); è¡¨ç¤º (express; biÇoshÃ¬); è¡¨æ¼” (performance; biÇoyÇn); è¡¨æ‰¬ (praise; biÇoyÃ¡ng); è¡¨è¾¾ (express; biÇodÃ¡); è¡¨é¢ (surface; biÇomiÃ n); è¡¨æƒ… (expression; biÇoqÃ­ng); è¡¨ç° (to show; biÇoxiÃ n); ä»£è¡¨ (representative; dÃ ibiÇo)";"ç™½ (white)";"Other words using this character: ç™½ (white; bÃ¡i); æ˜ç™½ (clear; mÃ­ngbai); è‹ç™½ (pale; cÄngbÃ¡i); è›‹ç™½è´¨ (protein; dÃ nbÃ¡izhÃ¬); ç©ºç™½ (blank space; kÃ²ngbÃ¡i); å¦ç™½ (honest; tÇnbÃ¡i); ç™½èœ (Chinese cabbage; bÃ¡icÃ i); ç™½å¤§è¤‚ (doctor's coat; bÃ¡idÃ guÃ ); ç™½å¡” (White tower; bÃ¡itÇ); ç™½é¢† (white-collar; bÃ¡ilÇng)";"çˆ± (love)";"Other words using this character: çˆ± (love; Ã i); çˆ±å¥½ (hobby; Ã ihÃ o); å¯çˆ± (adorable; kÄ›Ã i); çˆ±æƒ… (romance; Ã iqÃ­ng); çˆ±å¿ƒ (compassion; Ã ixÄ«n); äº²çˆ± (dear; qÄ«nÃ i); çƒ­çˆ± (love ardently; rÃ¨Ã i); çˆ±æŠ¤ (cherish; Ã ihÃ¹); çˆ±æƒœ (cherish; Ã ixÄ«); æ‹çˆ± (love; liÃ nÃ i)";"æƒ… (feelings)";"Other words using this character: äº‹æƒ… (affair; shÃ¬qing); çƒ­æƒ… (enthusiastic; rÃ¨qÃ­ng); çˆ±æƒ… (romance; Ã iqÃ­ng); æ„Ÿæƒ… (emotion; gÇnqÃ­ng); æƒ…å†µ (circumstances; qÃ­ngkuÃ ng); åŒæƒ… (sympathize; tÃ³ngqÃ­ng); å¿ƒæƒ… (mood; xÄ«nqÃ­ng); è¡¨æƒ… (expression; biÇoqÃ­ng); æƒ…æ™¯ (scene; qÃ­ngjÇng); æƒ…ç»ª (mood; qÃ­ngxÃ¹)";"origin";"Lisa"
"å“‘å…‰ï¼ˆä¸é—ªäº®ï¼‰â €";"yÇguÄng ï¼ˆ bÃ¹ shÇnliÃ ng ï¼‰";"Matte (not shiny)";"å“‘ (mute)";"Other words using this character: è‹å“‘ (deaf; lÃ³ngyÇ)";"å…‰ (light)";"Other words using this character: å…‰ (light; guÄng); é˜³å…‰ (sunshine; yÃ¡ngguÄng); å…‰æ»‘ (sleek; guÄnghuÃ¡); å…‰æ˜ (light; guÄngmÃ­ng); å…‰ä¸´ (honor with presence; guÄnglÃ­n); å…‰ç›˜ (compact disc; guÄngpÃ¡n); æ›å…‰ (expose; bÃ oguÄng; Taiwan pr. pÃ¹ guÄng); é£å…‰ (scene; fÄ“ngguÄng); è§‚å…‰ (sightseeing; guÄnguÄng); å…‰å½© (luster; guÄngcÇi)";"ä¸ (no)";"Other words using this character: ä¸ (no; bÃ¹); ä¸å®¢æ°” (you're welcome; bÃ¹kÃ¨qi); å¯¹ä¸èµ· (sorry; duÃ¬buqÇ); ä¸è¿‡ (however; bÃ¹guÃ²); ä¸å¾—ä¸ (have to; bÃ¹dÃ©bÃ¹); ä¸ç®¡ (regardless; bÃ¹guÇn); ä¸ä»… (not just; bÃ¹jÇn); å·®ä¸å¤š (almost; chÃ buduÅ); æ¥ä¸åŠ (there's not enough time; lÃ¡ibujÃ­); å—ä¸äº† (unbearable; shÃ²ubÃ¹liÇo)";"é—ª (dodge)";"Other words using this character: é—ªç”µ (lightning; shÇndiÃ n); é—ªçƒ (flickering; shÇnshuÃ²); é—ªå©š (engaged; shÇnhÅ«n); é—ªç¦» (breaking off; shÇnlÃ­); é—ªéŸ³ (tap/flap sound; shÇnyÄ«n); é—ª (dodge; shÇn)";"äº® (bright)";"Other words using this character: æ¼‚äº® (pretty; piÃ oliang); æœˆäº® (moon; yuÃ¨liang); äº® (bright; liÃ ng); å“äº® (resounding; xiÇngliÃ ng); çœ¼ç›äº®äº† (Starry-eyed; yÇnjÄ«ng liÃ ng le); å˜¹äº® (loud; liÃ¡oliÃ ng); ç‰¹åˆ«æ¼‚äº® (beautiful; tÃ¨biÃ© piÃ oliang); å¹²å¾—æ¼‚äº® (Well done; gÃ n de piÃ o liang)";"origin";"Lisa"
"èƒèŸ¹â €";"pÃ¡ngxiÃ¨";"crab; CL:åª[zhÄ«]";"èƒ";"There are no other HSK words in this level (or before) using this character.";"èŸ¹";"There are no other HSK words in this level (or before) using this character.";"origin";"Lisa"
"è›¤èœŠâ €";"gÃ©lÃ­";"clams; clam";"è›¤";"There are no other HSK words in this level (or before) using this character.";"èœŠ";"There are no other HSK words in this level (or before) using this character.";"origin";"Lisa"
"ç« é±¼â €";"zhÄngyÃº";"octopus";"ç«  (chapter)";"Other words using this character: æ–‡ç«  (article; wÃ©nzhÄng); ç›–ç«  (seal; gÃ izhÄng); è§„ç«  (rule; guÄ«zhÄng); ç« ç¨‹ (rules; zhÄngchÃ©ng)";"é±¼ (fish)";"Other words using this character: é±¼ (fish; yÃº); ä¸€æ¡é±¼ (a fish; yÄ«tiÃ¡o yÃº); é±¼ç¼¸ (fish tank; yÃºgÄng); ä¸‰æ–‡é±¼ (salmon; sÄnwÃ©nyÃº); é²±é±¼ (herring; fÄ“iyÃº); å‰‘é±¼ (swordfish; jiÃ nyÃº); é³—é±¼ (eel; mÃ¡nyÃº); å¢¨é±¼ (cuttlefish; mÃ²yÃº); é²Ÿé±¼ (sturgeon; xÃºnyÃº); é³•é±¼ (cod; xuÄ›yÃº)";"â™¸âˆ ç« é±¼æœ‰å¾ˆå¤šè§¦æ‰‹ã€‚";"ã€zhÄngyÃº yÇ’u hÄ›nduÅ chÃ¹shÇ’u.ã€‘                                                                   An octopus has many tentacles.";"â™¸âˆ è§¦æ‰‹æ˜¯ç« é±¼çš„ç‰¹å¾ä¹‹ä¸€ã€‚";"ã€chÃ¹shÇ’u shÃ¬ zhÄngyÃº de tÃ¨zhÄ“ng zhÄ«yÄ«.ã€‘                                                                   Tentacles are one of the characteristics of an octopus.";"origin";"Lisa"
"è€³å¡â €";"Ä›rsÄi";"earplugs; earplug; earphone";"è€³ (ear)";"Other words using this character: è€³æœµ (ear; Ä›rduo); è€³ç¯ (earring; Ä›rhuÃ¡n); è€³æœº (headphones; Ä›rjÄ«); è°¢è€³æœµ (Xie Ear; xiÃ¨ Ä›r duo)";"å¡ (stop up)";"Other words using this character: é—­å¡ (inaccessible; bÃ¬sÃ¨); å µå¡ (blockage; dÇ”sÃ¨); å¡éŸ³ (plosive; sÃ¨yÄ«n); å¡çš‡ (Emperor Sai; sÃ i huÃ¡ng)";"origin";"Lisa"
"çœ¼ç½©ï¼ˆç”¨äºç¡çœ ï¼‰â €";"yÇnzhÃ o ï¼ˆ yÃ²ngyÃº shuÃ¬miÃ¡n ï¼‰";"Eye mask (for sleeping)";"çœ¼ (eye)";"Other words using this character: çœ¼ç› (eye; yÇnjing); çœ¼é•œ (spectacles; yÇnjÃ¬ng); å¿ƒçœ¼å„¿ (intention; xÄ«nyÇnr); çœ¼å…‰ (foresight; yÇnguÄng); çœ¼è‰² (signal; yÇnsÃ¨); çœ¼ç¥ (expression; yÇnshÃ©n); è€€çœ¼ (dazzling; yÃ oyÇn); ä¸€åŒçœ¼ç› (pair of eyes; yÄ«shuÄng yÇnjÄ«ng); ä¸€åªçœ¼ç› (one eye; yÄ«zhÄ« yÇnjÄ«ng); ä¸€å‰¯çœ¼é•œ (glasses; yÄ«fÃ¹ yÇnjÃ¬ng)";"ç½© (cover)";"Other words using this character: ç¬¼ç½© (envelop; lÇ’ngzhÃ o); æˆ´å£ç½© (wear mask; dÃ i kÇ’uzhÃ o)";"ç”¨ (to use)";"Other words using this character: ä¿¡ç”¨å¡ (credit card; xÃ¬nyÃ²ngkÇ); ç”¨ (to use; yÃ²ng); ä½¿ç”¨ (use; shÇyÃ²ng); ä½œç”¨ (affect; zuÃ²yÃ²ng); åˆ©ç”¨ (exploit; lÃ¬yÃ²ng); æ—¥ç”¨å“ (daily use items; rÃ¬yÃ²ngpÇn); åº”ç”¨ (apply; yÃ¬ngyÃ²ng); ç”¨åŠŸ (diligent; yÃ²nggÅng); è¿ç”¨ (use; yÃ¹nyÃ²ng); å®ç”¨ (practical; shÃ­yÃ²ng)";"äº (to)";"Other words using this character: å…³äº (pertaining to; guÄnyÃº); ç»ˆäº (finally; zhÅngyÃº); å¯¹äº (regarding; duÃ¬yÃº); ç”±äº (due to; yÃ³uyÃº); äºæ˜¯ (thereupon; yÃºshÃ¬); ç­‰äº (equal to; dÄ›ngyÃº); å–„äº (good at; shÃ nyÃº); ä½äº (be located at; wÃ¨iyÃº); å±äº (belong to; shÇ”yÃº); åœ¨äº (rest with; zÃ iyÃº)";"ç¡ (to sleep)";"Other words using this character: ç¡è§‰ (sleep; shuÃ¬jiÃ o); æ—©ç¡æ—©èµ· (early to bed, early to rise; zÇoshuÃ¬zÇoqÇ); æ™šç¡æ™šèµ· (sleep late; wÇnshuÃ¬ wÇnqÇ); æˆ‘ç¡äº† (sleep; wÇ’ shuÃ¬ le); ç¡è¡£ (pajamas; shuÃ¬yÄ«); ç¼ºå°‘ç¡çœ  (Lack of sleep; quÄ“shÇo shuÃ¬miÃ¡n); ç¡è¢‹ (shuÃ¬dÃ i)";"çœ  (sleep)";"Other words using this character: å¤±çœ  (insomnia; shÄ«miÃ¡n); ç¼ºå°‘ç¡çœ  (Lack of sleep; quÄ“shÇo shuÃ¬miÃ¡n); å†¬çœ  (hibernate; dÅngmiÃ¡n)";"origin";"Lisa"
"åˆºçœ¼â €";"cÃ¬yÇn";"pierce eyes (light); to dazzle; to offend the eyes; dazzling; harsh (light); crude (colors); unsightly";"åˆº (thorn)";"Other words using this character: è®½åˆº (satirize; fÄ›ngcÃ¬); åˆºæ¿€ (stimulate; cÃ¬jÄ«); åˆº (thorn; cÄ«||cÃ¬); åˆºç»£ (cÃ¬xiÃ¹)";"çœ¼ (eye)";"Other words using this character: çœ¼ç› (eye; yÇnjing); çœ¼é•œ (spectacles; yÇnjÃ¬ng); å¿ƒçœ¼å„¿ (intention; xÄ«nyÇnr); çœ¼å…‰ (foresight; yÇnguÄng); çœ¼è‰² (signal; yÇnsÃ¨); çœ¼ç¥ (expression; yÇnshÃ©n); è€€çœ¼ (dazzling; yÃ oyÇn); ä¸€åŒçœ¼ç› (pair of eyes; yÄ«shuÄng yÇnjÄ«ng); ä¸€åªçœ¼ç› (one eye; yÄ«zhÄ« yÇnjÄ«ng); ä¸€å‰¯çœ¼é•œ (glasses; yÄ«fÃ¹ yÇnjÃ¬ng)";"â™¸âˆ ä¸­åˆçš„é˜³å…‰å¾ˆåˆºçœ¼ã€‚";"ã€zhÅngwÇ” de yÃ¡ngguÄng hÄ›n cÃ¬yÇn.ã€‘                                                                   The midday sun is very glaring.";"â™¸âˆ é˜³å…‰å¤ªåˆºçœ¼äº†ï¼Œæˆ‘ä¸å¾—ä¸çœ¯èµ·çœ¼ç›ã€‚";"ã€yÃ¡ngguÄng tÃ i cÃ¬yÇn le, wÇ’ bÃ¹dÃ©bÃ¹ mÄ«qÇ yÇnjÄ«ng.ã€‘                                                                   The sunlight is too bright, I have to squint.";"origin";"Lisa"
"éšå’Œâ €";"suÃ­hÃ©";"easy going; amiable; easygoing";"éš (follow)";"Other words using this character: éšä¾¿ (as one wishes; suÃ­biÃ n); éšç€ (along with; suÃ­zhe); éšèº« (on one's person; suÃ­shÄ“n); éšæ—¶ (at any time; suÃ­shÃ­); éšæ‰‹ (conveniently; suÃ­shÇ’u); ä¼´éš (accompanied; bÃ nsuÃ­); è·Ÿéš (follow; gÄ“nsuÃ­); éšå³ (immediately; suÃ­jÃ­); éšæ„ (voluntary; suÃ­yÃ¬); éšä¾¿åƒå§ (help yourself; suÃ­biÃ n chÄ« bÄ)";"å’Œ (together)";"Other words using this character: å’Œ (together; hÃ©||hÃ©||hÃ¨||hÃº||huÃ³||huÃ²; Taiwan pr. hÃ n; Taiwan pr. huÃ²); æš–å’Œ (warm; nuÇnhuo); å’Œå¹³ (peace; hÃ©pÃ­ng); é¥±å’Œ (saturated; bÇohÃ©); é™„å’Œ (agree; fÃ¹hÃ¨); å…±å’Œå›½ (republic; gÃ²nghÃ©guÃ³); å’Œè”¼ (kindly; hÃ©Çi); å’Œè§£ (reconcile; hÃ©jiÄ›); å’Œç¦ (peaceful; hÃ©mÃ¹); å’Œæ°” (friendly; hÃ©qi)";"origin";"Lisa"
"æˆ‘çš„è‚šå­æ©¡çš®è‚šâ €";"wÇ’ de dÃ¹zi xiÃ ngpÃ­ dÃ¹";"(slang) I've very full!";"æˆ‘ (I)";"Other words using this character: æˆ‘ (I; wÇ’); æˆ‘ä»¬ (we; wÇ’men); å¯¹æˆ‘å¾ˆå¥½ (treats me well; duÃ¬ wÇ’ hÄ›n hÇo); æˆ‘ä¸ç¡®å®š (uncertain; wÇ’ bÃ¹ quÃ¨dÃ¬ng); æˆ‘ç¡äº† (sleep; wÇ’ shuÃ¬ le); å¯¹æˆ‘æ¥è¯´ (as far as I'm concerned; duÃ¬wÇ’lÃ¡ishuÅ); æˆ‘éƒ½å–œæ¬¢ (I like all; wÇ’ dÅu xÇhuan); å‘æˆ‘è·‘æ¥ (running to me; xiÃ ng wÇ’ pÇo lÃ¡i); å“æˆ‘ä¸€è·³ (scare; xiÃ  wÇ’ yÄ« tiÃ o); å±äºæˆ‘ (belong to me; shÇ”yÃº wÇ’)";"çš„ (of)";"Other words using this character: çš„ (of; de||dÄ«||dÃ­||dÃ¬; also pr. dÃ¬ or di in poetry and songs); ç›®çš„ (purpose; mÃ¹dÃ¬); çš„ç¡® (indeed; dÃ­quÃ¨); ä¼¼çš„ (seems; shÃ¬de; Taiwan pr. sÃ¬ de); å¥½çš„ (OK; hÇo de); åˆ«çš„äº‹æƒ… (other things; biÃ©de shÃ¬qing); æ··ä¹±çš„ (chaotic; hÃ¹nluÃ n de); å¥½çš„å…³ç³» (good relationship; hÇo de guÄnxi); æµªæ¼«çš„ (romantic; lÃ ngmÃ n de); æ€»çš„æ¥è¯´ (In general; zÇ’ngdelÃ¡ishuÅ)";"è‚š (belly)";"Other words using this character: è‚šå­ (belly; dÃ¹zi); æ‹‰è‚šå­ (have diarrhoea; lÄdÃ¹zi)";"å­ (son)";"Other words using this character: å„¿å­ (son; Ã©rzi); æ¯å­ (cup; bÄ“izi); æ¡Œå­ (table; zhuÅzi); æ¤…å­ (chair; yÇzi); å¦»å­ (wife; qÄ«zÇ||qÄ«zi); å­©å­ (child; hÃ¡izi); é¼»å­ (nose; bÃ­zi); ç”µå­é‚®ä»¶ (email; diÃ nzÇyÃ³ujiÃ n); ä¸ªå­ (height; gÃ¨zi); å¥å­ (sentence; jÃ¹zi)";"æ©¡ (oak)";"Other words using this character: æ©¡çš® (rubber; xiÃ ngpÃ­)";"çš® (leather)";"Other words using this character: çš®é‹ (leather shoes; pÃ­xiÃ©); çš®è‚¤ (skin; pÃ­fÅ«); æ©¡çš® (rubber; xiÃ ngpÃ­); è°ƒçš® (naughty; tiÃ¡opÃ­); çš®é© (leather; pÃ­gÃ©); ä¿çš® (smart; qiÃ opi); å¬‰çš®å£« (hippie; xÄ«pÃ­shÃ¬); å¤´çš® (scalp; tÃ³upÃ­); çš®åˆ’è‰‡ (canoe; pÃ­huÃ¡tÇng); çœ¼çš®è·³äº† (Eyelids twitched; yÇnpÃ­tiÃ o le)";"è‚š (belly)";"Other words using this character: è‚šå­ (belly; dÃ¹zi); æ‹‰è‚šå­ (have diarrhoea; lÄdÃ¹zi)";"origin";"Lisa"
"ä¹¦å‘†â €";"shÅ«dÄi";"nerdy";"ä¹¦ (book)";"Other words using this character: ä¹¦ (book; shÅ«); å›¾ä¹¦é¦† (library; tÃºshÅ«guÇn); ä¹¦æ¶ (bookshelf; shÅ«jiÃ ); ç§˜ä¹¦ (secretary; mÃ¬shÅ«); ä¹¦æ³• (calligraphy; shÅ«fÇ); ä¹¦ç± (books; shÅ«jÃ­); ä¹¦è®° (secretary; shÅ«ji); ä¹¦é¢ (written; shÅ«miÃ n); è¯ä¹¦ (certificate; zhÃ¨ngshÅ«); ä¹¦æŸœ (bookcase; shÅ«guÃ¬)";"å‘† (foolish)";"Other words using this character: å‘† (foolish; dÄi); å‘å‘† (stare blankly; fÄdÄi)";"origin";"Lisa"
"å‘å‘†â €";"fÄdÄi";"daze; to stare blankly; to be stunned; to be lost in thought";"å‘ (send)";"Other words using this character: å‘ (send; fÄ||fÃ ; Taiwan pr. fÇ); å‘çƒ§ (have a fever; fÄshÄo); å‘ç° (discover; fÄxiÃ n); å¤´å‘ (hair; tÃ³ufa); å‡ºå‘ (set off; chÅ«fÄ); å‘ç”Ÿ (occur; fÄshÄ“ng); å‘å±• (development; fÄzhÇn); ç†å‘ (haircut; lÇfÃ ); æ²™å‘ (sofa; shÄfÄ); å‘è¡¨ (publish; fÄbiÇo)";"å‘† (foolish)";"Other words using this character: å‘† (foolish; dÄi); ä¹¦å‘† (shÅ«dÄi)";"âˆ æˆ‘å–œæ¬¢åœ¨æµ·è¾¹å‘å‘†ã€‚";"ã€wÇ’ xÇhuan zÃ i hÇibiÄn fÄdÄi.ã€‘                                                                   I like to be lost in thought by the seaside.";"âˆ å¥¹ååœ¨é‚£é‡Œå‘å‘†ã€‚";"ã€tÄ zuÃ²zÃ i nÃ li fÄdÄi.ã€‘                                                                   She sat there staring blankly.";"âˆ ä»–å¬åˆ°è¿™ä¸ªæ¶ˆæ¯åå‘å‘†äº†ä¸€ä¼šå„¿ã€‚";"ã€tÄ tÄ«ngdÃ o zhÃ¨ge xiÄoxi hÃ²u fÄdÄi le yÄ«huÃ¬r.ã€‘                                                                   He was stunned for a while after hearing the news.";"ğŸ‡ è“æ¹›çœ‹ç€é­æ— ç¾¡å‘å‘†ï¼Œå¿ƒä¸­å……æ»¡äº†æŸ”æƒ…ã€‚";"ã€lÃ¡nzhÃ n kÃ nzhe wÃ¨iwÃºxiÃ n fÄdÄi, xÄ«nzhÅng chÅngmÇn le rÃ³uqÃ­ng.ã€‘                                                                   Lan Zhan watches Wei Wuxian stare blankly, his heart filled with tenderness.";"ğŸ‡ æ¸©æƒ…å‘å‘†çš„æ—¶å€™ï¼Œæ€»æ˜¯ç¥æƒ…ææƒšã€‚";"ã€wÄ“nqÃ­ng fÄdÄi de shÃ­hou, zÇ’ngshÃ¬ shÃ©nqÃ­nghuÇnghÅ«.ã€‘                                                                   Wen Qing looks stunned, always in a trance.";"â™¸ğŸ‡ é­æ— ç¾¡è£…å®Œé€¼å°±è·‘ï¼Œç•™ä¸‹ä¸€ç¾¤äººåœ¨é‚£é‡Œå‘å‘†ã€‚";"ã€wÃ¨iwÃºxiÃ n zhuÄngwÃ¡n bÄ« jiÃ¹ pÇo, liÃºxiÃ  yÄ«qÃºn rÃ©n zÃ i nÃ li fÄdÄi.ã€‘                                                                   Wei Wuxian showed off and then fled, leaving a group of people standing there dumbfounded.";"origin";"Lisa/hsk6"
"å‰¥â €";"bÄo||bÅ";"to peel; paddle as of a duck or peel as of garlic, or to move beads on an abacus, or put numbers into a phone; to skin; to shell; to shuck||to peel; to flay; to shuck";"å‰¥ (peel)";"Other words using this character: å‰¥å‰Š (exploit; bÅxuÄ“)";"â™¸âˆ æˆ‘ä»¬è¦åå¯¹å‰¥å‰Šã€‚";"ã€wÇ’men yÃ o fÇnduÃ¬ bÅxuÄ“.ã€‘                                                                   We should oppose exploitation.";"â™¸âˆ å‰¥å‰Šæ˜¯ä¸é“å¾·çš„ã€‚";"ã€bÅxuÄ“ shÃ¬ bÃ¹dÃ odÃ© de.ã€‘                                                                   Exploitation is unethical.";"â™¸âˆ è¿™ç§è¡Œä¸ºæ˜¯å¯¹å‘˜å·¥çš„å‰¥å‰Šã€‚";"ã€zhÃ¨zhÇ’ng xÃ­ngwÃ©i shÃ¬ duÃ¬ yuÃ¡ngÅng de bÅxuÄ“.ã€‘                                                                   This behavior is exploitation of the employees.";"â™¸ğŸ‡ è“å¿˜æœºåŒæ¶å‰¥å‰Šï¼Œä»–æ€»æ˜¯å°½é‡ä¿æŠ¤å¼±è€…ã€‚";"ã€lÃ¡nwÃ ngjÄ« yÃ nwÃ¹ bÅxuÄ“, tÄ zÇ’ngshÃ¬ jÃ¬nliÃ ng bÇohÃ¹ ruÃ²zhÄ›.ã€‘                                                                   Lan Wangji abhors exploitation; he always tries to protect the weak.";"â™¸ğŸ‡ é­æ— ç¾¡ä»ä¸å‰¥å‰Šä»»ä½•äººï¼Œä»–æ€»æ˜¯å°½é‡å¸®åŠ©ä»–äººã€‚";"ã€wÃ¨iwÃºxiÃ n cÃ³ngbÃ¹ bÅxuÄ“ rÃ¨nhÃ©rÃ©n, tÄ zÇ’ngshÃ¬ jÃ¬nliÃ ng bÄngzhÃ¹ tÄrÃ©n.ã€‘                                                                   Wei Wuxian never exploits anyone; he always tries to help others as much as possible.";"â™¸âˆ å¥¹æ­£åœ¨å‰¥æŸšå­ã€‚";"ã€tÄ zhÃ¨ngzÃ i bÅ yÃ²uzi.ã€‘                                                                   She is peeling the pomelo.";"â™¸ğŸ‡ é‡‘å…‰ç‘¶çš„é˜´è°‹å°±åƒå¸è¡€é¬¼ä¸€æ ·ï¼Œä¸æ–­å‰¥å‰Šä»–äººã€‚";"ã€jÄ«nguÄng yÃ¡o de yÄ«nmÃ³u jiÃ¹ xiÃ ng xÄ«xuÃ¨guÇ yÄ«yÃ ng, bÃ¹duÃ n bÅxuÄ“ tÄrÃ©n.ã€‘                                                                   Jin Guangyao's conspiracy is like a vampire, constantly exploiting others.";"â™¸ğŸ‡ é­æ— ç¾¡å–œæ¬¢åƒæ©™å­ï¼Œå°¤å…¶æ˜¯å‰¥çš®çš„æ—¶å€™ã€‚";"ã€wÃ¨iwÃºxiÃ n xÇhuan chÄ« chÃ©ngzi, yÃ³uqÃ­ shÃ¬ bÄopÃ­ de shÃ­hou.ã€‘                                                                   Wei Wuxian likes to eat oranges, especially when peeling them.";"â™¸âˆ ç”·æ€§ä¸»å¯¼çš„æ–‡åŒ–å¯èƒ½ä¼šå¯¼è‡´å¥³æ€§æƒåˆ©çš„è¢«å‰¥å¤ºã€‚";"ã€nÃ¡nxÃ¬ng zhÇ”dÇo de wÃ©nhuÃ  kÄ›nÃ©ng huÃ¬ dÇozhÃ¬ nÇšxÃ¬ng quÃ¡nlÃ¬ de bÃ¨i bÅduÃ³.ã€‘                                                                   A male-dominated culture can lead to the deprivation of women's rights.";"origin";"Lisa"
"è…è´¥â €";"fÇ”bÃ i";"corruption; to corrupt; to rot; rotten";"è… (decay)";"Other words using this character: è±†è… (tofu; dÃ²ufu); è…çƒ‚ (rot; fÇ”lÃ n); è…èš€ (corrosion; fÇ”shÃ­); è…æœ½ (rotten; fÇ”xiÇ”); å–è… (Sell gayness; mÃ i fÇ”); è…å¥³ (fujoshi; fÇ”nÇš); åè… (fÇnfÇ”)";"è´¥ (defeat)";"Other words using this character: å¤±è´¥ (fail; shÄ«bÃ i); è´¥å (corrupt; bÃ ihuÃ i)";"âˆ è¿™ä¸ªå›½å®¶çš„è…è´¥é—®é¢˜å¾ˆä¸¥é‡ã€‚";"ã€zhÃ¨ge guÃ³jiÄ de fÇ”bÃ iwÃ¨ntÃ­ hÄ›n yÃ¡nzhÃ²ng.ã€‘                                                                   The corruption problem in this country is very serious.";"âˆ è…è´¥çš„é£Ÿç‰©ä¼šå¯¹å¥åº·é€ æˆå±å®³ã€‚";"ã€fÇ”bÃ i de shÃ­wÃ¹ huÃ¬ duÃ¬ jiÃ nkÄng zÃ ochÃ©ngwÄ“ihÃ i.ã€‘                                                                   Rotten food can be harmful to health.";"âˆ ä»–çš„è…è´¥è¡Œä¸ºè¢«æ›å…‰äº†ã€‚";"ã€tÄ de fÇ”bÃ i xÃ­ngwÃ©i bÃ¨i bÃ oguÄng le.ã€‘                                                                   His corrupt behavior was exposed.";"ğŸ‡ è“å¿˜æœºä¸€ç›´åšå®ˆå»‰æ´è‡ªå¾‹ï¼Œä¸å®¹è®¸è…è´¥çš„å‘ç”Ÿã€‚";"ã€lÃ¡nwÃ ngjÄ« yÄ«zhÃ­ jiÄnshÇ’u liÃ¡njiÃ©zÃ¬lÇœ, bÃ¹rÃ³ngxÇ” fÇ”bÃ i de fÄshÄ“ng.ã€‘                                                                   Lan Wangji has always adhered to integrity and self-discipline, not allowing corruption to occur.";"ğŸ‡ é‡‘å‡Œå‘èª“è¦æ¸…é™¤å®¶æ—å†…éƒ¨çš„è…è´¥ç°è±¡ã€‚";"ã€jÄ«nlÃ­ng fÄshÃ¬ yÃ o qÄ«ngchÃº jiÄzÃº nÃ¨ibÃ¹ de fÇ”bÃ ixiÃ nxiÃ ng.ã€‘                                                                   Jin Ling swears to eliminate the corruption within the family.";"â™¸âˆ ä»–æ­éœ²äº†å…¬å¸å†…éƒ¨çš„è…è´¥è¡Œä¸ºã€‚";"ã€tÄ jiÄ“lÃ¹ le gÅngsÄ« nÃ¨ibÃ¹ de fÇ”bÃ i xÃ­ngwÃ©i.ã€‘                                                                   He exposed the corrupt practices within the company.";"origin";"Lisa/hsk6"
"åè…â €";"fÇnfÇ”";"anti-corruption";"å (contrary)";"Other words using this character: åå¯¹ (oppose; fÇnduÃ¬); ç›¸å (opposite; xiÄngfÇn); åè€Œ (on the contrary; fÇnÃ©r); ååº” (react; fÇnyÃ¬ng); åæ­£ (anyway; fÇnzhÃ¨ng); åå¤ (repeatedly; fÇnfÃ¹); åæ˜  (reflect; fÇnyÃ¬ng); è¿å (violate; wÃ©ifÇn); åé©³ (refute; fÇnbÃ³); åå¸¸ (unusual; fÇnchÃ¡ng)";"è… (decay)";"Other words using this character: è±†è… (tofu; dÃ²ufu); è…è´¥ (corruption; fÇ”bÃ i); è…çƒ‚ (rot; fÇ”lÃ n); è…èš€ (corrosion; fÇ”shÃ­); è…æœ½ (rotten; fÇ”xiÇ”); å–è… (Sell gayness; mÃ i fÇ”); è…å¥³ (fujoshi; fÇ”nÇš)";"origin";"Lisa"
"å¤±ç¤¼è¡Œä¸ºâ €";"shÄ«lÇ xÃ­ngwÃ©i";"discourteous behavior";"å¤± (lose)";"Other words using this character: å¤±è´¥ (fail; shÄ«bÃ i); å¤±æœ› (disappointed; shÄ«wÃ ng); å¤±çœ  (insomnia; shÄ«miÃ¡n); æŸå¤± (loss; sÇ”nshÄ«); æ¶ˆå¤± (disappear; xiÄoshÄ«); å¤±å» (lose; shÄ«qÃ¹); å¤±ä¸š (unemployment; shÄ«yÃ¨); å¾—ä¸å¿å¤± (not worth it; dÃ©bÃ¹chÃ¡ngshÄ«); è¿‡å¤± (error; guÃ²shÄ«); ä¸§å¤± (lose; sÃ ngshÄ«)";"ç¤¼ (ceremony)";"Other words using this character: ç¤¼ç‰© (gift; lÇwÃ¹); ç¤¼è²Œ (courtesy; lÇmÃ o); ç¤¼æ‹œå¤© (Sunday; lÇbÃ itiÄn); å©šç¤¼ (wedding; hÅ«nlÇ); å…¸ç¤¼ (ceremony; diÇnlÇ); æ•¬ç¤¼ (salute; jÃ¬nglÇ); ç¤¼èŠ‚ (etiquette; lÇjiÃ©); ç¤¼å°šå¾€æ¥ (reciprocity; lÇshÃ ngwÇnglÃ¡i); æ²¡ç¤¼è²Œ (impolite; mÃ©i lÇmÃ o); ç¤¼å ‚ (auditorium; lÇtÃ¡ng)";"è¡Œ (walk)";"Other words using this character: è¡Œæç®± (suitcase; xÃ­nglixiÄng); é“¶è¡Œ (bank; yÃ­nhÃ¡ng); è‡ªè¡Œè½¦ (bicycle; zÃ¬xÃ­ngchÄ“); è¿›è¡Œ (conduct; jÃ¬nxÃ­ng); ä¸¾è¡Œ (hold; jÇ”xÃ­ng); æµè¡Œ (spread; liÃºxÃ­ng); æ—…è¡Œ (travel; lÇšxÃ­ng); è¡Œ (walk; hÃ¡ng||xÃ­ng; Taiwan pr. xÃ¬ng for the behavior-conduct sense); è¡Œä¸º (behavior; xÃ­ngwÃ©i); è¡Œä¸š (industry; hÃ¡ngyÃ¨)";"ä¸º (as)";"Other words using this character: ä¸ºä»€ä¹ˆ (why; wÃ¨ishÃ©nme); è®¤ä¸º (believe; rÃ¨nwÃ©i); ä¸º (as; wÃ©i||wÃ¨i); ä¸ºäº† (for; wÃ¨ile); æˆä¸º (become; chÃ©ngwÃ©i); ä»¥ä¸º (think; yÇwÃ©i); è¡Œä¸º (behavior; xÃ­ngwÃ©i); ä½œä¸º (conduct; zuÃ²wÃ©i); è§ä¹‰å‹‡ä¸º (act courageously; jiÃ nyÃ¬yÇ’ngwÃ©i); è¿„ä»Šä¸ºæ­¢ (so far; qÃ¬jÄ«nwÃ©izhÇ)";"origin";"Lisa"
"å…±åŒå¯Œè£•â €";"gÃ²ngtÃ³ngfÃ¹yÃ¹";"common prosperity";"å…± (share)";"Other words using this character: å…¬å…±æ±½è½¦ (bus; gÅnggÃ²ngqÃ¬chÄ“); ä¸€å…± (altogether; yÄ«gÃ²ng); å…±åŒ (joint; gÃ²ngtÃ³ng); æ€»å…± (altogether; zÇ’nggÃ²ng); å…±å’Œå›½ (republic; gÃ²nghÃ©guÃ³); å…±è®¡ (total; gÃ²ngjÃ¬); å…±é¸£ (resonance; gÃ²ngmÃ­ng); å…±åŒçˆ±å¥½ (mutual hobby; gÃ²ngtÃ³ngÃ ihÇo); å…±åŒè¯é¢˜ (mutual; gÃ²ngtÃ³nghuÃ tÃ­); å…±åŒæœ‹å‹ (mutual friend; gÃ²ngtÃ³ng pÃ©ngyou)";"åŒ (same)";"Other words using this character: åŒå­¦ (classmate; tÃ³ngxuÃ©); åŒäº‹ (colleague; tÃ³ngshÃ¬); åŒæ„ (agree; tÃ³ngyÃ¬); å…±åŒ (joint; gÃ²ngtÃ³ng); åŒæ—¶ (simultaneously; tÃ³ngshÃ­); åŒæƒ… (sympathize; tÃ³ngqÃ­ng); ç›¸åŒ (same; xiÄngtÃ³ng); åˆåŒ (contract; hÃ©tong); èƒ¡åŒ (alley; hÃºtÃ²ng); è¿åŒ (together with; liÃ¡ntÃ³ng)";"å¯Œ (rich)";"Other words using this character: ä¸°å¯Œ (enrich; fÄ“ngfÃ¹); å¯Œ (rich; fÃ¹); è´¢å¯Œ (wealth; cÃ¡ifÃ¹); å¯Œè£• (prosperous; fÃ¹yÃ¹); å¯Œäºº (rich; fÃ¹rÃ©n); å¯ŒäºŒä»£ (wealthy children; fÃ¹Ã¨rdÃ i); ä¸ç®¡ç©·å¯Œ (regardless of wealth; bÃ¹guÇn qiÃ³ngfÃ¹)";"è£• (abundant)";"Other words using this character: å¯Œè£• (prosperous; fÃ¹yÃ¹)";"origin";"Lisa"
"äº”å¹´è®¡åˆ’â €";"wÇ”niÃ¡njÃ¬huÃ ";"five year plan; Five-Year Plan";"äº” (five)";"Other words using this character: äº” (five; wÇ”); äº”æ˜Ÿ (five planets; wÇ”xÄ«ng); ä¸€ç±³äº”äº” (1.55 meters; yÄ«mÇ wÇ”wÇ”); è‡ªå¹²äº” (person who posts online in support of the Chinese government; zÃ¬gÄnwÇ”); äº”æ¯›å…š (fifty cents party; wÇ”mÃ¡odÇng)";"å¹´ (year)";"Other words using this character: å¹´ (year; niÃ¡n); å»å¹´ (last year; qÃ¹niÃ¡n); å¹´çº§ (grade; niÃ¡njÃ­); å¹´è½» (young; niÃ¡nqÄ«ng); å¹´é¾„ (age; niÃ¡nlÃ­ng); å¹´ä»£ (era; niÃ¡ndÃ i); å¹´çºª (age; niÃ¡njÃ¬); é’å°‘å¹´ (adolescent; qÄ«ngshÃ oniÃ¡n); æ‹œå¹´ (pay a New Year call; bÃ iniÃ¡n); è¿å¹´ (successive years; liÃ¡nniÃ¡n)";"è®¡ (calculate)";"Other words using this character: ä¼°è®¡ (estimate; gÅ«jÃ¬); è®¡åˆ’ (plan; jÃ¬huÃ ); è®¾è®¡ (design; shÃ¨jÃ¬); è®¡ç®— (calculate; jÃ¬suÃ n); ä¼šè®¡ (accountant; kuÃ ijÃ¬); å…±è®¡ (total; gÃ²ngjÃ¬); è®¡è¾ƒ (bother about; jÃ¬jiÃ o); åƒæ–¹ç™¾è®¡ (by every possible means; qiÄnfÄngbÇijÃ¬); ç»Ÿè®¡ (statistics; tÇ’ngjÃ¬); æ—…æ¸¸è®¡åˆ’ (travel plan; lÇšyÃ³u jÃ¬huÃ )";"åˆ’ (row)";"Other words using this character: è®¡åˆ’ (plan; jÃ¬huÃ ); åˆ’ (row; huÃ¡||huÃ¡||huÃ ); ç­–åˆ’ (plot; cÃ¨huÃ ); è§„åˆ’ (plan; guÄ«huÃ ); åˆ’åˆ† (divide; huÃ fÄ“n); æ—…æ¸¸è®¡åˆ’ (travel plan; lÇšyÃ³u jÃ¬huÃ ); å·¥ä½œè®¡åˆ’ (work plan; gÅngzuÃ² jÃ¬huÃ ); å­¦ä¹ è®¡åˆ’ (study plan; xuÃ©xÃ­ jÃ¬huÃ ); çš®åˆ’è‰‡ (canoe; pÃ­huÃ¡tÇng); æŒ‰ç…§è®¡åˆ’ (according to plan; Ã nzhÃ ojÃ¬huÃ )";"origin";"Lisa"
"ç‰¹äº§â €";"tÃ¨chÇn";"specialty; special local product/(regional) specialty";"ç‰¹ (special)";"Other words using this character: ç‰¹åˆ« (unusual; tÃ¨biÃ©); ç‰¹ç‚¹ (characteristic; tÃ¨diÇn); ç‹¬ç‰¹ (unique; dÃºtÃ¨); ç‰¹è‰² (characteristic; tÃ¨sÃ¨); æ¨¡ç‰¹ (model; mÃ³tÃ¨); ç‰¹æ®Š (special; tÃ¨shÅ«); ç‰¹å¾ (characteristic; tÃ¨zhÄ“ng); ç‰¹é•¿ (special ability; tÃ¨chÃ¡ng); ç‰¹å®š (specific; tÃ¨dÃ¬ng); ç‰¹æ„ (intentionally; tÃ¨yÃ¬)";"äº§ (produce)";"Other words using this character: è´¢äº§ (property; cÃ¡ichÇn); äº§ç”Ÿ (to arise; chÇnshÄ“ng); äº§å“ (product; chÇnpÇn); ç ´äº§ (bankrupt; pÃ²chÇn); ç”Ÿäº§ (produce; shÄ“ngchÇn); äº§ä¸š (industry; chÇnyÃ¨); çŸ¿äº§ (minerals; kuÃ ngchÇn); ç››äº§ (produce in abundance; shÃ¨ngchÇn); é—äº§ (heritage; yÃ­chÇn); èµ„äº§ (assets; zÄ«chÇn)";"â™¸ğŸ‡ æ±Ÿæ¾„ä»£è´­äº†ä¸€äº›ç‰¹äº§ç»™é‡‘å‡Œã€‚";"ã€jiÄngchÃ©ng dÃ igÃ²u le yÄ«xiÄ“ tÃ¨chÇn gÄ›i jÄ«nlÃ­ng.ã€‘                                                                   Jiang Cheng bought some local specialties for Jin Ling on his behalf.";"â™¸ğŸ‡ æ±Ÿæ¾„å‡ºå·®å›æ¥åï¼Œç»™è“å¿˜æœºå¸¦äº†ä¸€äº›ç‰¹äº§ã€‚";"ã€jiÄngchÃ©ng chÅ«chÄi huÃ­lai hÃ²u, gÄ›i lÃ¡n wÃ ng jÄ«dÃ i le yÄ«xiÄ“ tÃ¨chÇn.ã€‘                                                                   After Jiang Cheng returned from his business trip, he brought back some local specialties for Lan Wangji.";"â™¸âˆ ä¸ç»¸æ˜¯ä¸­å›½çš„ä¼ ç»Ÿç‰¹äº§ã€‚";"ã€sÄ«chÃ³u shÃ¬ zhÅngguÃ³ de chuÃ¡ntÇ’ng tÃ¨chÇn.ã€‘                                                                   Silk is a traditional Chinese specialty.";"â™¸ğŸ‡ é­æ— ç¾¡çš„å¤–å›½æœ‹å‹ç»™ä»–å¯„æ¥äº†ä¸€äº›ç‰¹äº§ï¼Œè®©ä»–æ„Ÿåˆ°ååˆ†æƒŠå–œã€‚";"ã€wÃ¨iwÃºxiÃ n de wÃ iguÃ³ pÃ©ngyou gÄ›i tÄ jÃ¬lÃ¡i le yÄ«xiÄ“ tÃ¨chÇn, rÃ ng tÄ gÇndÃ o shÃ­fÄ“n jÄ«ngxÇ.ã€‘                                                                   Wei Wuxian's foreign friends sent him some specialties, which made him very surprised.";"origin";"Lisa"
"å¼€èƒƒâ €";"kÄiwÃ¨i";"mooch food; to whet the appetite; appetizing; to amuse oneself at sb's expense; to tease";"å¼€ (to open)";"Other words using this character: å¼€ (to open; kÄi); å¼€å§‹ (begin; kÄishÇ); ç¦»å¼€ (depart; lÃ­kÄi); å¼€ç©ç¬‘ (joke; kÄiwÃ¡nxiÃ o); å¼€å¿ƒ (happy; kÄixÄ«n); å…¬å¼€ (open; gÅngkÄi); å¼€æ”¾ (open-minded; kÄifÃ ng); å¼€æ°´ (boiled water; kÄishuÇ); å±•å¼€ (unfold; zhÇnkÄi); å¼€å‘ (develop; kÄifÄ)";"èƒƒ (stomach)";"Other words using this character: èƒƒ (stomach; wÃ¨i); èƒƒå£ (appetite; wÃ¨ikÇ’u)";"â™¸ğŸ‡ æ¸©æƒ…ç‚’èœæ—¶å–œæ¬¢æ”¾ä¸€äº›è¾£æ¤’ï¼Œè®©èœæ›´åŠ å¼€èƒƒã€‚";"ã€wÄ“nqÃ­ng chÇocÃ i shÃ­ xÇhuan fÃ ng yÄ«xiÄ“ lÃ jiÄo, rÃ ng cÃ i gÃ¨ngjiÄ kÄiwÃ¨i.ã€‘                                                                   Wen Qing likes to add some hot peppers when cooking, making the dishes more appetizing.";"origin";"Lisa"
"è¹­é¥­â €";"cÃ¨ngfÃ n";"Eat for free; (coll.) to mooch a meal";"è¹­ (rub against)";"Other words using this character: è¹­çƒ­åº¦ (piggyback on popularity; cÃ¨ngrÃ¨dÃ¹)";"é¥­ (meal)";"Other words using this character: é¥­åº— (restaurant; fÃ ndiÃ n); ç±³é¥­ (rice; mÇfÃ n); ä¸€é¡¿é¥­ (a meal; yÄ«dÃ¹nfÃ n); ç™½äººé¥­ (White Peopleâ€™s Food; bÃ¡irÃ©n fÃ n); é¢†ç›’é¥­ (receive a boxed meal; lÇnghÃ©fÃ n); è„±é¥­ (stop being a fan; tuÅ fÃ n); è‚‰ä½“é¥­ (body fan; rÃ²u tÇ fÃ n); ç™½å«–é¥­ (fans who patronize for free; bÃ¡i piÃ¡o fÃ n); é¥­ (meal; fÃ n); é¥­åˆ¶ (fan-made; fÃ n zhÃ¬)";"origin";"Lisa"
"å®æƒ â €";"shÃ­huÃ¬";"bang for your buck; tangible benefit; material advantages; cheap; economical; advantageous (deal); substantial (discount)";"å® (real)";"Other words using this character: å…¶å® (actually; qÃ­shÃ­); è¯šå® (honest; chÃ©ngshÃ­); ç¡®å® (indeed; quÃ¨shÃ­); å®é™… (reality; shÃ­jÃ¬); å®åœ¨ (really; shÃ­zÃ i); æœå® (fruit; guÇ’shÃ­); ç»“å® (sturdy; jiÄ“shÃ­||jiÄ“shi); å®ä¹  (internship; shÃ­xÃ­); å®éªŒ (experiment; shÃ­yÃ n); è€å® (honest; lÇoshi)";"æƒ  (kindness)";"Other words using this character: ä¼˜æƒ  (privilege; yÅuhuÃ¬); è´¤æƒ  (virtuous; xiÃ¡nhuÃ¬); ä¼˜æƒ åˆ¸ (coupon; yÅuhuÃ¬quÃ n)";"usage notes";"å®æƒ  (shÃ­huÃ¬) can mean both tangible benefits and economical or cheap.";"parts of speech";"adj/n";"âˆ å¥¹æ€»æ˜¯å–œæ¬¢å®æƒ çš„è´­ç‰©ã€‚";"ã€tÄ zÇ’ngshÃ¬ xÇhuan shÃ­huÃ¬ de gÃ²uwÃ¹.ã€‘                                                                   She always likes to shop for economical items.";"âˆ è¿™ä¸ªå•†å“å¾ˆå®æƒ ã€‚";"ã€zhÃ¨ge shÄngpÇn hÄ›n shÃ­huÃ¬.ã€‘                                                                   This product is very affordable.";"âˆ è¿™ä¸ªæ–¹æ¡ˆå¯¹æˆ‘ä»¬å¾ˆå®æƒ ã€‚";"ã€zhÃ¨ge fÄngÃ n duÃ¬ wÇ’men hÄ›n shÃ­huÃ¬.ã€‘                                                                   This plan is very advantageous for us.";"ğŸ‡ é‡‘å‡Œè§‰å¾—è¿™ä¸ªå•†å“å¾ˆå®æƒ ï¼Œå°±ä¹°äº†ä¸€å¤§å †ã€‚";"ã€jÄ«nlÃ­ng juÃ©de zhÃ¨ge shÄngpÇn hÄ›n shÃ­huÃ¬, jiÃ¹ mÇi le yÄ«dÃ duÄ«.ã€‘                                                                   Jin Ling thought this product was very cost-effective, so he bought a lot.";"ğŸ‡ è“æ›¦è‡£ä¹°äº†å¾ˆå¤šå®æƒ çš„ä¸œè¥¿ã€‚";"ã€lÃ¡nxÄ«chÃ©n mÇi le hÄ›nduÅ shÃ­huÃ¬ de dÅngxi.ã€‘                                                                   Lan Xichen bought a lot of cost-effective items.";"â™¸ğŸ‡ é­æ— ç¾¡æ€»æ˜¯å–œæ¬¢ç‰©ç¾ä»·å»‰çš„ä¸œè¥¿ï¼Œä»–è§‰å¾—è¿™æ ·æ›´å®æƒ ã€‚";"ã€wÃ¨iwÃºxiÃ n zÇ’ngshÃ¬ xÇhuan wÃ¹mÄ›ijiÃ liÃ¡n de dÅngxi, tÄ juÃ©de zhÃ¨yÃ ng gÄ“ng shÃ­huÃ¬.ã€‘                                                                   Wei Wuxian always likes things that are good quality and cheap; he thinks it's more cost-effective.";"â™¸âˆ æ…¢è½¦è™½ç„¶æ…¢ï¼Œä½†æ˜¯å¾ˆç»æµå®æƒ ã€‚";"ã€mÃ nchÄ“ suÄ«rÃ¡n mÃ n, dÃ nshÃ¬ hÄ›n jÄ«ngjÃ¬ shÃ­huÃ¬.ã€‘                                                                   Local buses may be slow, but they are very economical.";"â™¸âˆ è¿™å®¶é¤å…çš„å¥—é¤å¾ˆå®æƒ ã€‚";"ã€zhÃ¨jiÄ cÄntÄ«ng de tÃ ocÄn hÄ›n shÃ­huÃ¬.ã€‘                                                                   The set meals in this restaurant are very affordable.";"origin";"Lisa/hsk6"
"æ€ä¹ˆèˆ’æœæ€ä¹ˆæ¥â €";"zÄ›nme shÅ«fu zÄ›nme lÃ¡i";"How come you feel comfortable?";"æ€ (how)";"Other words using this character: æ€ä¹ˆ (how; zÄ›nme); æ€ä¹ˆæ · (how?; zÄ›nmeyÃ ng); æ€ä¹ˆç ´ (how to solve; zÄ›n me pÃ²)";"ä¹ˆ (what)";"Other words using this character: ä»€ä¹ˆ (what; shÃ©nme); æ€ä¹ˆ (how; zÄ›nme); æ€ä¹ˆæ · (how?; zÄ›nmeyÃ ng); ä¸ºä»€ä¹ˆ (why; wÃ¨ishÃ©nme); å¤šä¹ˆ (how; duÅme); æ²¡é‚£ä¹ˆä¹± (not so messy; mÃ©i nÃ me luÃ n); ä½ ç¼ºä»€ä¹ˆ (missing; nÇ quÄ“shÃ­me); æ€ä¹ˆç ´ (how to solve; zÄ›n me pÃ²); ä¹ˆä¹ˆå“’ (gentle kiss; mÄ“ mÄ“ da); ä»€ä¹ˆé¬¼ (What the devil; shÃ©n me guÇ)";"èˆ’ (relax)";"Other words using this character: èˆ’æœ (comfortable; shÅ«fu); èˆ’é€‚ (cozy; shÅ«shÃ¬); èˆ’ç•… (happy; shÅ«chÃ ng); ä¸èˆ’æœ (unwell; bÃ¹shÅ«fu)";"æœ (clothes)";"Other words using this character: è¡£æœ (clothes; yÄ«fu); æœåŠ¡å‘˜ (waiter; fÃºwÃ¹yuÃ¡n); èˆ’æœ (comfortable; shÅ«fu); è¯´æœ (persuade; shuÅfÃº; Taiwan pr. shuÃ¬ fÃº); æœè£… (clothing; fÃºzhuÄng); å…‹æœ (overcome; kÃ¨fÃº); ä½©æœ (admire; pÃ¨ifÃº); æœä» (obey; fÃºcÃ³ng); æœæ°” (convinced; fÃºqÃ¬); å±ˆæœ (surrender; qÅ«fÃº)";"æ€ (how)";"Other words using this character: æ€ä¹ˆ (how; zÄ›nme); æ€ä¹ˆæ · (how?; zÄ›nmeyÃ ng); æ€ä¹ˆç ´ (how to solve; zÄ›n me pÃ²)";"ä¹ˆ (what)";"Other words using this character: ä»€ä¹ˆ (what; shÃ©nme); æ€ä¹ˆ (how; zÄ›nme); æ€ä¹ˆæ · (how?; zÄ›nmeyÃ ng); ä¸ºä»€ä¹ˆ (why; wÃ¨ishÃ©nme); å¤šä¹ˆ (how; duÅme); æ²¡é‚£ä¹ˆä¹± (not so messy; mÃ©i nÃ me luÃ n); ä½ ç¼ºä»€ä¹ˆ (missing; nÇ quÄ“shÃ­me); æ€ä¹ˆç ´ (how to solve; zÄ›n me pÃ²); ä¹ˆä¹ˆå“’ (gentle kiss; mÄ“ mÄ“ da); ä»€ä¹ˆé¬¼ (What the devil; shÃ©n me guÇ)";"æ¥ (come)";"Other words using this character: æ¥ (come; lÃ¡i); åæ¥ (afterwards; hÃ²ulÃ¡i); èµ·æ¥ (beginning; qÇlai||qilai; also pr. qÇ lÃ¡i; also pr. qÇ lai); æœ¬æ¥ (original; bÄ›nlÃ¡i); ä»æ¥ (always; cÃ³nglÃ¡i); å°†æ¥ (future; jiÄnglÃ¡i); æ¥è‡ª (come from; lÃ¡izÃ¬); æ¥ä¸åŠ (there's not enough time; lÃ¡ibujÃ­); æ¥å¾—åŠ (in time; lÃ¡idejÃ­); åŸæ¥ (original; yuÃ¡nlÃ¡i)";"origin";"Lisa"
"ç¡Œâ €";"gÃ¨";"to bump (of a lump); (coll.) (of sth hard or rough) to press against some part of one's body causing discomfort (like a small stone in one's shoe); to hurt; to chafe";"ç¡Œ (to press against)";"There are no other HSK words in this level (or before) using this character.";"origin";"Lisa"
"æ½²â €";"shÃ o";"to slant in (or rain); driving rain; to sprinkle";"æ½²";"There are no other HSK words in this level (or before) using this character.";"origin";"Lisa"
