æ–¹ä¾¿	fÄngbiÃ n	convenient
ä»¤äººæ¿€åŠ¨	lÃ¬ngrÃ©njÄ«dÃ²ng	exciting
è¯­æ³•	yÇ”fÇ	grammar
å«...åš...	jiÃ o ... zuÃ² ...	ask someone to do sth
æˆ‘å«å¥³æœ‹å‹æ•™æˆ‘ä¸­æ–‡ã€‚	wÇ’ jiÃ o nÇšpÃ©ngyou jiÃ o wÇ’ zhÅngwÃ©n ã€‚	My girlfriend teaches me Chinese.
æ•™	jiÃ o	teach
å«	jiÃ o	to call
è®©	rÃ ng	let/ allow/ make... do/ make ... feel
å°æ—¶å€™	xiÇoshÃ­hou	when I was a kid
çœ‹ç”µè§†	kÃ ndiÃ nshÃ¬	watch TV
æˆ‘çš„å¥³æœ‹å‹è®©æˆ‘å–é…’ã€‚	wÇ’ de nÇšpÃ©ngyou rÃ ng wÇ’ hÄ“jiÇ” ã€‚	my gf allows me to drink alcohol
æ¬	bÄn	move
å¥¹è®©æˆ‘å¸®å¥¹æ¬å¾ˆé‡çš„ä¸œè¥¿ã€‚	tÄ rÃ ng wÇ’ bÄng tÄ bÄn hÄ›n zhÃ²ng de dÅngxi ã€‚	She asked me to help her move a very heavy thing.
çœ‹æˆ‘çš„å°çŒ«è®©æˆ‘å¾ˆå¼€å¿ƒã€‚	kÃ n wÇ’ de xiÇomÄo rÃ ng wÇ’ hÄ›n kÄixÄ«n ã€‚	Seeing my kitten makes me very happy.
é«˜çº§	gÄojÃ­	fancy
æœ‰é¢å­	yÇ’u miÃ nzi	feeling proud
ç»™å¥¹ä¹°ä¸€ä¸ªåŒ…åŒ…	gÄ›i tÄ mÇi yÄ«gÃ¨ bÄobÄo	Buy her a bag
ä¾‹å­	lÃ¬zi	example
çœ‹æˆ‘çš„å¦ˆå¦ˆ	kÃ n wÇ’ de mÄma	visit my mum
ä½œä¸š	zuÃ²yÃ¨	homework
é™ª	pÃ©i	accompany/ spend time with
é™ªå¥³æœ‹å‹åƒé¥­	pÃ©i nÇšpÃ©ngyou chÄ«fÃ n	Dinner with girlfriend
ä¹¡æ‘	xiÄngcÅ«n	countryside
å¦‚æœ	rÃºguÇ’	if
è¿™ä¸ªæˆ¿é—´å¾ˆé»‘ã€‚	zhÃ¨ge fÃ¡ngjiÄn hÄ›n hÄ“i ã€‚	This room is dark.
æœ‰é“ç†	yÇ’u dÃ oli	Make sense
æœåŠ¡	fÃºwÃ¹	Serve
æœåŠ¡å‘˜	fÃºwÃ¹yuÃ¡n	waiter
å°è´¹	xiÇofÃ¨i	tip
ç™¾åˆ†ä¹‹äºŒå	bÇifÄ“nzhÄ«Ã¨rshÃ­	20 %
å‘ç”Ÿ	fÄshÄ“ng	occur
é€›è¡—	guÃ ngjiÄ“	go shopping
å·¥å…·	gÅngjÃ¹	tool
çŒ«ç²®	mÄo liÃ¡ng	Cat food
å–‚çŒ«åƒçŒ«ç²®	wÃ¨i mÄo chÄ« mÄo liÃ¡ng	Feed cats and cat food
æ‰“å±è‚¡	dÇpÃ¬gu	Spanking
åˆ°ä»–è·Ÿå‰	dÃ o tÄ gÄ“nqian	walk up to him
å€¼å¾—	zhÃ­de	worth
è®©æˆ‘çœ‹èµ·æ¥ä¸é”™	rÃ ng wÇ’ kÃ nqÇlai bÃ¹cuÃ²	Make me look good
å¤§æ¦‚	dÃ gÃ i	probably
å¯¹ä»–æœ‰ç¤¼è²Œ	duÃ¬ tÄ yÇ’u lÇmÃ o	Polite to him
æ‰¹åˆ¤	pÄ«pÃ n	cynical
å¤æ‚	fÃ¹zÃ¡	complicated
è€å…¬	lÇogong	husband
è€æ¿	lÇobÇn	boss
ä¸ˆå¤«	zhÃ ngfu	husband
å¦»å­	qÄ«zi	wife
é‚£å¥è¯çš„æ„æ€	nÃ jÃ¹huÃ  de yÃ¬si	The meaning of that sentence
çœ‹è§/ å¬è§	kÃ njiÃ n /   tÄ«ngjiÃ n	See/ hear
çœ‹æ‡‚/ å¬æ‡‚	kÃ n dÇ’ng /   tÄ«ngdÇ’ng	Understand/ understand
åšå®Œ	zuÃ² wÃ¡n	finish doing sth
å†™å®Œä½œä¸š	xiÄ› wÃ¡n zuÃ²yÃ¨	Finish the homework
çœ‹å®Œä¸€æœ¬ä¹¦	kÃ n wÃ¡nyÄ« bÄ›nshÅ«	After reading a book
æ‰¾åˆ°	zhÇodÃ o	found/ to able to find
çœ‹åˆ°/ å¬åˆ°	kÃ ndÃ o /   tÄ«ngdÃ o	See/ hear
åšå¥½	zuÃ²hÇo	finish well
å£°éŸ³	shÄ“ngyÄ«n	sound
é‚»å±…	lÃ­njÅ«	Neighbor
å¬ä¸æ‡‚	tÄ«ngbudÇ’ng	Can't understand
çœ‹ä¸æ‡‚	kÃ nbudÇ’ng	can't read
å¥¹æ²¡åšå®Œä½œä¸šã€‚	tÄ mÃ©i zuÃ²wÃ¡nzuÃ²yÃ¨ ã€‚	She did not finish her homework.
ä½ æ€ä¹ˆçŸ¥é“...?	nÇ zÄ›nme zhÄ«dÃ o ... ?	how do you know...?
è¦ä¹ˆ...è¦ä¹ˆ...	yÃ ome ... yÃ ome ...	either ... or...
å‡†å¤‡	zhÇ”nbÃ¨i	Prepare
è¯¶	Ã©i	Eh
æ’é˜Ÿ	pÃ¡iduÃ¬	queue
è¿™æ ·åš/ è¿™æ ·æƒ³/ è¿™æ ·è¯´	zhÃ¨yÃ ng zuÃ² /   zhÃ¨yÃ ng xiÇng /   zhÃ¨yÃ ng shuÅ	Do this/ think about it/ say this
å¤§æ¥¼	dÃ lÃ³u	Building
ä»˜é’±	fÃ¹qiÃ¡n	Pay
è£…ä¿®	zhuÄngxiÅ«	furnish
ä»...å¼€å§‹	cÃ³ng ... kÄishÇ	start from
ä¸€èŠ‚è¯¾	yÄ«jiÃ©kÃ¨	one class
ä¸Šç­	shÃ ngbÄn	go to work
ä¸Šå­¦	shÃ ngxuÃ©	go to school
æ—¶é—´	shÃ­jiÄn	time
ä¸ç”¨	bÃ¹yÃ²ng	Need not
å¾—	dÄ›i	have to
èµšé’±	zhuÃ nqiÃ¡n	make money
å¼¹é’¢ç´	tÃ¡ngÄngqÃ­n	play piano
é‡è¦	zhÃ²ngyÃ o	important
æ²¡æœ‰å¯¹é”™	mÃ©iyÇ’u duÃ¬cuÃ²	there's no right or wrong
é—®é¢˜	wÃ¨ntÃ­	question/ problem
è¯´é”™	shuÅcuÃ²	Say wrong
è¯´è¯	shuÅhuÃ 	say
è¯´è°	shuÅhuÇng	lie
ä¸¤å¹´å	liÇngniÃ¡n hÃ²u	in 2 years
å¸Œæœ›	xÄ«wÃ ng	hope
æ—…è¡Œ	lÇšxÃ­ng	trip
éå¸¸æ¬¢è¿	fÄ“ichÃ¡ng huÄnyÃ­ng	Very welcome
å¥¹è®©æˆ‘åˆ«è¯´è°	tÄ rÃ ng wÇ’biÃ© shuÅhuÇng	She asked me not to lie
ä½ èº«è¾¹	nÇ shÄ“nbiÄn	around you
è¿Ÿåˆ°ååˆ†é’Ÿ	chÃ­dÃ o shÃ­fÄ“nzhÅng	Ten minutes late
åŠ å·	jiÄzhÅu	California
å¯¹...å¾ˆå¤±æœ›	duÃ¬ ... hÄ›n shÄ«wÃ ng	disappointed in
å¯¹...å¾ˆæ»¡æ„	duÃ¬ ... hÄ›n mÇnyÃ¬	Very satisfied
å¯¹...å¾ˆæ„Ÿå…´è¶£	duÃ¬ ... hÄ›ngÇnxÄ«ngqÃ¹	Very interested
å¯¹...æ„Ÿåˆ°å¾ˆå¼€å¿ƒ	duÃ¬ ... gÇndÃ o hÄ›n kÄixÄ«n	feel happy about
å¯¹...å¥½	duÃ¬ ... hÇo	good for
å¯¹...æœ‰å¸®åŠ©/ æ²¡å¸®åŠ©	duÃ¬ ... yÇ’u bÄngzhÃ¹ /   mÃ©i bÄngzhÃ¹	helpful/ not helpful for
å¯¹...æœ‰å½±å“/ æœ‰å¥½çš„å½±å“	duÃ¬ ... yÇ’u yÇngxiÇng /   yÇ’u hÇo de yÇngxiÇng	There is an impact/ good effect on ...
å¯¹æˆ‘å¾ˆå¥½	duÃ¬ wÇ’ hÄ›n hÇo	treats me well
æ¶‚é˜²æ™’éœœ	tÃº fÃ¡ngshÃ ishuÄng	to apply sunscreen
çš®è‚¤	pÃ­fÅ«	skin
ä¸œäºš	dÅngyÃ 	East Asia
äºšæ´²	yÃ zhÅu	Asia
å±±ç«	shÄnhuÇ’	Mountain fire
æ”¿åºœ	zhÃ¨ngfÇ”	government
è§£å†³	jiÄ›juÃ©	solve
å›ºå®šæ­é…	gÃ¹dÃ¬ng dÄpÃ¨i	collocations
éš¾è¿‡	nÃ¡nguÃ²	sad
åŠ¨åŠ›	dÃ²nglÃ¬	motivation
æ–°å† ç—…æ¯’	xÄ«nguÄn bÃ¬ngdÃº	coronavirus
åˆ†å¼€	fÄ“nkÄi	separate
é™¤äº†	chÃºle	Apart from
æ©™å­	chÃ©ngzi	orange
é¦™è•‰	xiÄngjiÄo	banana
è‰è“	cÇomÃ©i	strawberry
è“è“	lÃ¡nmÃ©i	blueberry
æ¨±æ¡ƒ	yÄ«ngtÃ¡o	cherry
æŸ¿å­	shÃ¬zi	persimmon
è½¯æŸ¿å­	ruÇnshÃ¬zi	someone whos bullied by others
ç…é¸¡è›‹	jiÄn jÄ«dÃ n	Fried egg
ç‚’é¸¡è›‹	chÇojÄ«dÃ n	Scrambled egg
è’¸é¸¡è›‹	zhÄ“ng jÄ«dÃ n	Steamed egg
ç…®é¸¡è›‹	zhÇ” jÄ«dÃ n	boiled egg
é¸¡è›‹ç¢°çŸ³å¤´	jÄ«dÃ n pÃ¨ng shÃ­tou	Throw an egg at a rock (fig. to attack sb stronger than oneself / to overrate one's abilities)
èººå¹³	tÇngpÃ­ng	give up/ not working hard
èººå¹³çš„éŸ­èœä¸å¥½å‰²	tÇngpÃ­ng de jiÇ”cÃ i bÃ¹hÇo gÄ“	you canâ€˜t take advantage of me when im lying flat
å¹¸è¿	xÃ¬ngyÃ¹n	Lucky
è¯åº—ç¦»æˆ‘å®¶èµ°è·¯äº”åˆ†é’Ÿ	yÃ odiÃ n lÃ­ wÇ’jiÄ zÇ’ulÃ¹ wÇ”fÄ“nzhÅng	Pharmacy walks away from my house for five minutes
å¯¹...æ»¡æ„	duÃ¬ ... mÇnyÃ¬	Be satisfied
è§‰å¾—å¾ˆæ»¡è¶³	juÃ©de hÄ›n mÇnzÃº	I feel very satisfied
æˆä¸º+noun	chÃ©ngwÃ©i + noun	become+noun
æˆä¸ºä¸€ä¸ªåŒ»ç”Ÿ	chÃ©ngwÃ©i yÄ«gÃ¨ yÄ«shÄ“ng	Become a doctor
å¿ƒç†çŠ¶æ€	xÄ«nlÇ zhuÃ ngtÃ i	mental state
è¯„ä»·	pÃ­ngjiÃ 	comment
æ¯”å¦‚è¯´	bÇrÃºshuÅ	For example
æ€è€ƒ	sÄ«kÇo	think
ç”¨æ‰‹æœºæ‰“ç”µè¯	yÃ²ng shÇ’ujÄ« dÇdiÃ nhuÃ 	Use a mobile phone to call
ç”¨ç”µè„‘å·¥ä½œ	yÃ²ng diÃ nnÇo gÅngzuÃ²	work on the computer
äºŒåå¹´	Ã¨rshÃ­niÃ¡n	Twenty years
æ„Ÿæ¿€	gÇnjÄ«	thankful
å…³ç³»	guÄnxi	relation
å¥½ç¬‘	hÇoxiÃ o	funny
å‡ºç”Ÿ	chÅ«shÄ“ng	born
ç†è®ºä¸Šè¯´	lÇlÃ¹n shÃ ng shuÅ	technically
ç†è®º	lÇlÃ¹n	theory
å»ºè®®	jiÃ nyÃ¬	advice
æˆ‘ä¸ªäººè§‰å¾—	wÇ’ gÃ¨rÃ©n juÃ©de	I personally feel
å®¢äºº	kÃ¨rÃ©n	guest
çœ‹æƒ…å†µ	kÃ n qÃ­ngkuÃ ng	it depends
åäº†	huÃ i le	broken
æ²™æ»©	shÄtÄn	Beach
æ¯”è¾ƒ	bÇjiÃ o	Compare
å˜åŒ–	biÃ nhuÃ 	Variety
è·Ÿ...æ¯”èµ·æ¥	gÄ“n ... bÇ qÇlai	compared to
ç©ºæ°”	kÅngqÃ¬	Air
å·¥èµ„	gÅngzÄ«	salary
ä¸“ä¸š	zhuÄnyÃ¨	professional
è¿åŠ¨å‘˜	yÃ¹ndÃ²ngyuÃ¡n	athlete
åšè¿åŠ¨å‘˜	zuÃ² yÃ¹ndÃ²ngyuÃ¡n	to work as an athlete
å®‰é™	ÄnjÃ¬ng	Quiet
å‘¨å¹´çºªå¿µæ—¥	zhÅuniÃ¡n jÃ¬niÃ nrÃ¬	Anniversary
ä¸å¯èƒ½	bÃ¹ kÄ›nÃ©ng	impossible
å¯èƒ½	kÄ›nÃ©ng	maybe, possible
ä¸€åˆ‡çš†æœ‰å¯èƒ½	yÄ«qiÃ¨ jiÄ“ yÇ’u kÄ›nÃ©ng	nothing is impossible
çˆ±è¯´è¯	Ã i shuÅhuÃ 	Talkative
è¯´åºŸè¯	shuÅ fÃ¨ihuÃ 	to bullshit
è¯´çœŸè¯	shuÅ zhÄ“nhuÃ 	Tell the truth
æ”¾ä¸€é¦–æ­Œ/ æ’­ä¸€é¦–æ­Œ	fÃ ng yÄ«shÇ’ugÄ“ /   bÅ yÄ«shÇ’ugÄ“	play a song
æ”¾ä¸€éƒ¨ç”µå½±/ æ’­ä¸€éƒ¨ç”µå½±	fÃ ng yÄ«bÃ¹ diÃ nyÇng /   bÅ yÄ«bÃ¹ diÃ nyÇng	play a movie
æ”¾éŸ³ä¹	fÃ ng yÄ«nyuÃ¨	play music
æ­Œå•	gÄ“dÄn	playlist
é¦–é€‰	shÇ’uxuÇn	a go-to choice
å¯å‘	qÇfÄ	Inspire
å¥½çš„	hÇo de	OK
å¡æ‹‰OK	kÇlÄ ok	Karaoke
å¯¹è¯	duÃ¬huÃ 	dialogue
ä¸€å¼ ç…§ç‰‡	yÄ«zhÄng zhÃ opiÃ n	a photo
ä¸€å¼ å›¾ç‰‡	yÄ«zhÄng tÃºpiÃ n	a picture
å‘éŸ³	fÄyÄ«n	pronunciation
å‘ä¸€å¼ ç…§ç‰‡ç»™å¥¹	fÄ yÄ«zhÄng zhÃ opiÃ n gÄ›i tÄ	Send a photo to her
æ‹ç…§ç‰‡/ æ‹ç…§	pÄizhÃ opiÃ n /   pÄizhÃ o	take photos
äº²è‡ª	qÄ«nzÃ¬	in person (by yourself)
ä¸€å¹´åŠå‰	yÄ«niÃ¡n bÃ nqiÃ¡n	A year and a half ago
ä¸€èˆ¬æ¥è¯´	yÄ«bÄnlÃ¡ishuÅ	Generally speaking
ä¹°èœ	mÇicÃ i	buy food ingredients
è´Ÿè´£	fÃ¹zÃ©	be responsible for
è´Ÿè´£äºº	fÃ¹zÃ©rÃ©n	the responsible person
äº¤æ°´ç”µè´¹	jiÄo shuÇdiÃ nfÃ¨i	pay water and electricity bills
ä»·æ ¼	jiÃ gÃ©	price
ç¾å…ƒ	mÄ›iyuÃ¡n	Dollar
æ¬§æ´²	ÅuzhÅu	Europe
æ¬§æ´²çš„æ°´ç”µè´¹æ¯”ç¾å›½çš„è¦è´µ	ÅuzhÅu de shuÇdiÃ nfÃ¨i bÇ mÄ›iguÃ³ de yÃ o guÃ¬	utilities are more expensive in EU than US
èŠ±é’±	huÄqiÃ¡n	Spend money
æ‡’	lÇn	lazy
è®¤çœŸ	rÃ¨nzhÄ“n	earnest, serious
æ®µè½	duÃ nluÃ²	paragraph
æ¯è¯­	mÇ”yÇ”	Mother tongue
æƒ…å†µ	qÃ­ngkuÃ ng	situation
æˆ‘è¯´å¾—ä¸å¤ªå¥½	wÇ’ shuÅ dÃ© bÃ¹tÃ ihÇo	I'm not talking well
å®Œç¾ä¸»ä¹‰è€…	wÃ¡nmÄ›i zhÇ”yÃ¬zhÄ›	perfectionist
æˆ‘æ˜¨å¤©ä½œä¸šæ²¡å†™å¾—å¾ˆå¥½	wÇ’ zuÃ³tiÄn zuÃ²yÃ¨ mÃ©ixiÄ› dÃ© hÄ›n hÇo	I didnâ€™t write well yesterday
ä»¥å‰	yÇqiÃ¡n	before
è¯­è¨€	yÇ”yÃ¡n	language
å®¤å‹	shÃ¬yÇ’u	roommate
ç»“æ„	jiÃ©gÃ²u	structure
è·Ÿ...ä¸€æ ·/ ä¸ä¸€æ ·	gÄ“n ... yÄ«yÃ ng /   bÃ¹ yÄ«yÃ ng	Like ... different/ different
å¥¹å¾·è¯­æ¯”æˆ‘è¯´å¾—å¥½	tÄ dÃ©yÇ” bÇ wÇ’ shuÅdÃ©hÇo	Her German is better than me
å¥¹å¾·è¯­æ¯”æˆ‘è¯´å¾—å¥½å¾—å¤š	tÄ dÃ©yÇ” bÇ wÇ’ shuÅ dÃ© hÇodeduÅ	She German is much better than me
å¥¹å¾·è¯­è¯´å¾—æ¯”æˆ‘å¥½	tÄ dÃ©yÇ” shuÅ dÃ© bÇ wÇ’ hÇo	She speaks better than me in German
å¥¹å¾·è¯­è¯´å¾—æ¯”æˆ‘å¥½å¾—å¤š	tÄ dÃ©yÇ” shuÅ dÃ© bÇ wÇ’ hÇodeduÅ	Her German is much better than me
æˆ¿å­	fÃ¡ngzi	house
å°æ˜èŠ±é’±èŠ±å¾—éå¸¸å¤š	xiÇomÃ­ng huÄqiÃ¡n huÄdÃ© fÄ“ichÃ¡ng duÅ	Xiao Ming spent money spent a lot
å°æ˜é’±æ¯”å°æèŠ±å¾—å¤šå¾—å¤š	xiÇomÃ­ng qiÃ¡n bÇ xiÇo lÇhuÄ dÃ© duÅdÃ©duÅ	Xiao Ming money is much more than Xiao Lihua
ä¸ˆå¤«å’Œå¦»å­	zhÃ ngfu hÃ© qÄ«zi	Husband and wife
å…ˆç”Ÿå’Œå¤ªå¤ª	xiÄnsheng hÃ© tÃ itai	Husband and wife
è€å…¬å’Œè€å©†	lÇogong hÃ© lÇopÃ³	Husband and wife
ç»“å©š	jiÃ©hÅ«n	marry
æ—©ç¡æ—©èµ·	zÇoshuÃ¬zÇoqÇ	Get up early and get up early
æ™šç¡æ™šèµ·	wÇnshuÃ¬ wÇnqÇ	Get up and get up late
ç‡•éº¦ç²¥	yÃ nmÃ izhÅu	oatmeal
éš”å¤œç‡•éº¦	gÃ©yÃ¨ yÃ nmÃ i	Overnight oats
å¡å†œ	kÇnÃ³ng	Canon (sound)
ä¸€é¦–æ­Œ	yÄ«shÇ’ugÄ“	a song
èƒ½åŠ›	nÃ©nglÃ¬	ability
é˜…è¯»	yuÃ¨dÃº	read
å¬åŠ›	tÄ«nglÃ¬	hearing
å†™ä½œ	xiÄ›zuÃ²	writing
å£è¯­	kÇ’uyÇ”	speaking
åŒæ„	tÃ³ngyÃ¬	agree
è¯å…¸	cÃ­diÇn	dictionary
ä¸­å›½èœ	zhÅngguÃ³ cÃ i	Chinese food
å°åº¦èœ	yÃ¬ndÃ¹ cÃ i	Indian cuisine
é«˜ä¸­	gÄo zhÅng	high school
æˆ¿é—´	fÃ¡ngjiÄn	Room
ç½‘ç«™	wÇngzhÃ n	website
ä¸­ä»‹	zhÅngjiÃ¨	agent
ä¹°å–	mÇimÃ i	a deal
åˆ°	dÃ o	to (20 TO 30 minutes)
è¥¿ç­ç‰™	xÄ«bÄnyÃ¡	Spain
å¸‚ä¸­å¿ƒ	shÃ¬zhÅngxÄ«n	city â€‹â€‹center
è¯¾æ–‡	kÃ¨wÃ©n	example text
é›¶ä¸‹	lÃ­ngxiÃ 	below zero
æ¸©åº¦	wÄ“ndÃ¹	temperature
æ‘„æ°åº¦	shÃ¨shÃ¬dÃ¹	Degree Celsius
åæ°åº¦	huÃ¡shÃ¬dÃ¹	Fahrenheit
ç¯®çƒé˜Ÿ	lÃ¡nqiÃºduÃ¬	basketball team
ä¸–ç•Œæ¯	shÃ¬jiÃ¨bÄ“i	World Cup
ä¸“æ³¨	zhuÄnzhÃ¹	focus
æ­£å¼	zhÃ¨ngshÃ¬	formal
æˆ´å£ç½©	dÃ i kÇ’uzhÃ o	wear mask
æˆ´å¸½å­/å£ç½©/æ‰‹è¡¨/å›´å·¾/çœ¼é•œ	dÃ imÃ ozi / kÇ’uzhÃ o / shÇ’ubiÇo / wÃ©ijÄ«n / yÇnjÃ¬ng	Wear hat/mask/watch/scarf/glasses
ç©¿è¡£æœ/ è£¤å­/ é‹å­/ è¢œå­	chuÄnyÄ«fÃº /   kÃ¹zi /   xiÃ©zi /   wÃ zi	Dress/ pants/ shoes/ socks
é‡‘è‰²	jÄ«nsÃ¨	gold
åœ¨è¿™ä¸ªæƒ…å†µä¸‹	zÃ i zhÃ¨ge qÃ­ngkuÃ ng xiÃ 	In this case
åœ¨è¿™å¼ ç…§ç‰‡é‡Œ	zÃ i zhÃ¨zhÄng zhÃ opiÃ n lÇ	In this photo
ä¼‘é—²çš„è¡£æœ	xiÅ«xiÃ¡n de yÄ«fÃº	Casual clothes
ä¸€æ”¯ç¬”	yÄ«zhÄ« bÇ	A pen
ç”Ÿæ—¥å¡	shÄ“ngrÃ¬kÇ	Birthday card
æ¡æ‰‹	wÃ²shÇ’u	Handshake
æ‹¥æŠ±	yÅngbÃ o	hug
æ‹›æ‰‹	zhÄoshÇ’u	wave hands
åŠ©æ‰‹	zhÃ¹shÇ’u	assistant
é…’åº—	jiÇ”diÃ n	hotel
æ°‘å®¿	mÃ­nsÃ¹	Homestay
äººæ°‘	rÃ©nmÃ­n	citizen
å¸¦	dÃ i	take...with someone
æ‹¿	nÃ¡	to get/ fetch
å–	qÇ”	to get/ fetch (formal)
å¸¦...æ¥	dÃ i ... lÃ¡i	bring
å¸¦...å»	dÃ i ... qÃ¹	take
æ£	zÇo	date
æ‹¿å’–å•¡/ ç­¾è¯/ è½¦/ å¤–å–	nÃ¡ kÄfÄ“i /   qiÄnzhÃ¨ng /   chÄ“ /   wÃ imÃ i	get my coffee/ visa/ car/ takeaway
åŠç­¾è¯	bÃ n qiÄnzhÃ¨ng	Apply for a visa
æœºç¥¨	jÄ«piÃ o	plane tickets
æ‹¿æ¥	nÃ¡lÃ¡i	to fetch (for myself)
æ‹¿å»	nÃ¡ qÃ¹	to get (for others)
ä½ æ‹¿ä¸€æœ¬ä¹¦æ¥	nÇ nÃ¡ yÄ« bÄ›nshÅ« lÃ¡i	you go get a book
æˆ‘æœ‰ä¸€äº›é¥¼å¹²ï¼Œä½ æ‹¿å»å§	wÇ’ yÇ’u yÄ«xiÄ“ bÇnggÄn ï¼Œ nÇ nÃ¡ qÃ¹ bÄ	I have some biscuits, you can take it
è¿›æ¥å§ï¼Œéšä¾¿åå§	jÃ¬nlÃ¡i bÄ ï¼Œ suÃ­biÃ n zuÃ² bÄ	Come in, sit and sit casually
éšä¾¿åƒå§	suÃ­biÃ n chÄ« bÄ	help yourself to eat
å‰ç”·å‹	qiÃ¡nnÃ¡nyÇ’u	Ex-boyfriend
ä¸€åŒçœ¼ç›	yÄ«shuÄng yÇnjÄ«ng	a pair of eyes
ä¸€åªçœ¼ç›	yÄ«zhÄ« yÇnjÄ«ng	one eye
ä¸€å‰¯çœ¼é•œ	yÄ«fÃ¹ yÇnjÃ¬ng	A pair of glasses
çˆ±å¹²å‡€	Ã i gÄnjÃ¬ng	a neat freak
è‰èæ¯”æˆ‘çˆ±å¹²å‡€	lÃ¬ shÄ bÇ wÇ’ Ã i gÄnjÃ¬ng	Lisa likes to be cleaner than me
è‰èå¾ˆçˆ±å¹²å‡€	lÃ¬ shÄ hÄ›n Ã i gÄnjÃ¬ng	Lisa loves cleanliness
ç¨‹åº¦	chÃ©ngdÃ¹	degree
é«˜å¼ºåº¦é—´æ­‡è®­ç»ƒ	gÄoqiÃ¡ngdÃ¹ jiÃ nxiÄ“ xÃ¹nliÃ n	HIIT
æ³„æ¼ç§˜å¯†	xiÃ¨lÃ²u mÃ¬mÃ¬	Leak
è¯´æ¼å˜´	shuÅ lÃ²u zuÇ	to blurt out; to let slip
åå®	tÇ”shÃ­	to reveal the truth; to spill the beans
éœ²é¦…	lÃ²uxiÃ n	to leak; to expose (somebody's secret); to spill the beans; to let the cat out of the bag
å›å®¶	huÃ­jiÄ	go home
å®ä¹ 	shÃ­xÃ­	internship
æ³¢æ©	bÅÄ“n	bonn
æƒŠè®¶	jÄ«ngyÃ 	surprised
æŸæ—	bÃ³lÃ­n	Berlin
å—æ¬¢è¿	shÃ²uhuÄnyÃ­ng	popular
å®«å´éª	gÅngqÃ­jÃ¹n	Hayao Miyazaki
åƒä¸åƒå¯»	qiÄnyÇ”qiÄnxÃºn	Spirited Away
åŠ¨æ¼«	dÃ²ngmÃ n	anime
ç”µå­è¡¨æ ¼	diÃ nzibiÇogÃ©	spreadsheet
ç­‰ä¸€ä¼šå„¿	dÄ›ng yÄ«huÃ¬r	Wait a minute
ç­‰ç­‰	dÄ›ngdÄ›ng	etc.
å“å‘³	pÇnwÃ¨i	taste
å–œå‰§	xÇjÃ¹	comedy
ç°ä»£	xiÃ ndÃ i	modern
è™½ç„¶...ä½†æ˜¯...	suÄ«rÃ¡n ... dÃ nshÃ¬ ...	although
è‡ªç„¶	zÃ¬rÃ¡n	nature
åˆ°æ—¶å€™	dÃ oshÃ­hÃ²u	By the time
å³ä½¿...ä¹Ÿ...	jÃ­shÇ ... yÄ› ...	even if...
å³ä½¿æˆ‘å­¦ä¸€é—¨å¾ˆç®€å•çš„è¯­è¨€ï¼Œä¹Ÿéœ€è¦å¾ˆé•¿æ—¶é—´ã€‚	jÃ­shÇ wÇ’xuÃ© yÄ«mÃ©n hÄ›n jiÇndÄn de yÇ”yÃ¡n ï¼Œ yÄ› xÅ«yÃ o hÄ›n chÃ¡ngshÃ­jiÄn ã€‚	Even if I learn a very simple language, it takes a long time.
éœ€è¦	xÅ«yÃ o	need
å·®ä¸å¤š	chÃ buduÅ	almost
åˆ«çš„äº‹æƒ…	biÃ©de shÃ¬qing	Other things
å¦ä¸€ä¸ªäºº	lÃ¬ng yÄ«gÃ¨ rÃ©n	another person/ the other person
...è¿˜å¯ä»¥ï¼Œå°±æ˜¯...	... huÃ¡n kÄ›yÇ ï¼Œ jiÃ¹shÃ¬ ...	... is ok, but it's just...
é•¿	chÃ¡ng	long
å¼€ç©ç¬‘	kÄiwÃ¡nxiÃ o	to joke
ç¬‘è¯	xiÃ ohuÃ 	joke
è„±å¸½å­	tuÅ mÃ ozi	Take off the hat
é¢œè‰²	yÃ¡nsÃ¨	color
ä¸€ä»¶è¡¬è¡«	yÄ«jiÃ n chÃ¨nshÄn	a shirt
å®ç”¨	shÃ­yÃ²ng	practical
å·®	chÃ 	bad
ã€ŠåŒ—äº¬é‡ä¸Šè¥¿é›…å›¾ã€‹	ã€Š bÄ›ijÄ«ng yÃ¹shÃ ng xÄ«yÇtÃº ã€‹	Beijing Meets Seattle
ã€Šç¦»å©šå¾‹å¸ˆã€‹	ã€Š lÃ­hÅ«n lÇœshÄ« ã€‹	Divorce Lawyer
æœ‰ç¾æ„Ÿ	yÇ’u mÄ›igÇn	Aesthetic
å†²	chÃ²ng	Pungent, including the flavor of wasabi
æ¶ˆåŒ–	xiÄohuÃ 	Digestion
æˆ‘ä¸ç¡®å®š	wÇ’ bÃ¹ quÃ¨dÃ¬ng	I am not sure
ç´§å¼ 	jÇnzhÄng	nervous/ intense
æ„Ÿè§‰	gÇnjuÃ©	feeling
å›½å®¶	guÃ³jiÄ	nation
æˆ‘ç¡äº†	wÇ’ shuÃ¬ le	I'm gonna sleep
è½¦æ¥äº†	chÄ“lÃ¡i le	The bus/ taxi/ train is here.
ä»–ä»¬ä¸‹ä¸ªæ˜ŸæœŸå°±è¦ç»“å©šäº†ã€‚	tÄmen xiÃ gÃ¨xÄ«ngqÄ« jiÃ¹yÃ o jiÃ©hÅ«n le ã€‚	They will get married next week.
ä»–ä»¬å¿«è¦/å°±è¦ç»“å©šäº†ã€‚	tÄmen kuÃ iyÃ o / jiÃ¹yÃ o jiÃ©hÅ«n le ã€‚	They are about to get married.
æˆ‘ä¸å–é…’äº†ã€‚	wÇ’ bÃ¹ hÄ“jiÇ” le ã€‚	I don't drink anymore.
åä¹ æƒ¯	huÃ ixÃ­guÃ n	bad habit
æˆ‘ä¸æƒ³å†å–é…’äº†ã€‚	wÇ’ bÃ¹xiÇng zÃ i hÄ“jiÇ” le ã€‚	I don't want to drink anymore.
å·²ç»...äº†	yÇjÄ«ng ... le	Already
éƒ½...äº†	dÅu... le	Already (complaining)
æ—©å°±...äº†	zÇojiÃ¹ ... le	I've done it LONG AGO
æˆå¹´äºº	chÃ©ngniÃ¡nrÃ©n	Adult
å¤§å®¶éƒ½æ˜¯æˆå¹´äººäº†ï¼Œ...	dÃ jiÄ dÅu shÃ¬ chÃ©ngniÃ¡nrÃ©n le ï¼Œ ...	We're all adults, ...
æ˜¥èŠ‚	chÅ«njiÃ©	Spring Festival
è¿‡æ–°å¹´	guÃ² xÄ«nniÃ¡n	celebrate New Year
åœ£è¯å¿«ä¹	shÃ¨ngdÃ nkuÃ ilÃ¨	Merry Christmas
è¿¸å‘	bÃ¨ngfÄ	Burst (only literal)
äº‹å®ä¸Š	shÃ¬shÃ­shÃ ng	In fact
ä¸»è§‚	zhÇ”guÄn	subjective
æˆ‘å¿«è¦ç”Ÿæ°”äº†	wÇ’ kuÃ iyÃ o shÄ“ngqÃ¬ le	imma be mad
æˆ‘å¿«è¦ç–¯äº†	wÇ’ kuÃ iyÃ o fÄ“ng le	I'm going crazy
èƒ½é‡	nÃ©ngliÃ ng	energy
é«˜é“	gÄotiÄ›	High -speed railway
é—¨ç¥¨	mÃ©npiÃ o	entrance ticket
é«˜é€Ÿå…¬è·¯	gÄosÃ¹gÅnglÃ¹	highway
é€Ÿåº¦	sÃ¹dÃ¹	speed
è¿ªå£«å°¼	dÃ­shÃ¬nÃ­	Disney
å¤§ä¼š	dÃ huÃ¬	Conference
æ´»åŠ¨	huÃ³dÃ²ng	Activity
æŠ¥å	bÃ omÃ­ng	Sign up
è¯¾ç¨‹	kÃ¨chÃ©ng	course
æ—…æ¸¸è®¡åˆ’	lÇšyÃ³u jÃ¬huÃ 	Travel plan
æ—…æ¸¸æ”»ç•¥	lÇšyÃ³u gÅnglÃ¼Ã¨	travelling guideline
å¸®åŠ©	bÄngzhÃ¹	help
å¸®	bÄng	help
è°¢è°¢ä½ çš„å¸®åŠ©	xiÃ¨xie nÇ de bÄngzhÃ¹	thank you for your help
å¯¹æˆ‘æ¥è¯´	duÃ¬ wÇ’ lÃ¡ishuÅ	as for me
æ‰“æ‰«ï¼ˆä¸€ä¸ªç©ºé—´ï¼‰	dÇsÇo ï¼ˆ yÄ«gÃ¨ kÅngjiÄn ï¼‰	Clean (a space)
é˜´å¤©	yÄ«ntiÄn	cloudy day
é˜´æš—	yÄ«nÃ n	dark
äº®	liÃ ng	Bright
æ‰‹æœºåº”ç”¨	shÇ’ujÄ« yÃ¬ngyÃ²ng	mobile application
é˜²æ™’éœœ	fÃ¡ngshÃ ishuÄng	Sunscreen
å®˜æ–¹ç¯æ³¡	guÄnfÄng dÄ“ngpÃ o	Official Third Wheel
çƒ¦	fÃ¡n	frustrated
ç¼–ç¨‹	biÄnchÃ©ng	programming
ç¨‹åºå‘˜	chÃ©ngxÃ¹yuÃ¡n	programmer
ä¸­ç§‹èŠ‚	zhÅngqiÅ«jiÃ©	Mid-Autumn Festival
æœˆé¥¼	yuÃ¨bÇng	moon cake
åº†ç¥	qÃ¬ngzhÃ¹	celebrate
æ–°å†	xÄ«nlÃ¬	New calendar
å†œå†	nÃ³nglÃ¬	lunar calendar
å†œä¸š	nÃ³ngyÃ¨	agriculture
ç‚’è”¬èœ	chÇo shÅ«cÃ i	Fried vegetables
å…«å®æ±¤	bÄbÇo tÄng	Eight treasure soup
ç¯ç¬¼	dÄ“nglÃ³ng	lantern
åœ£è¯èŠ‚	shÃ¨ngdÃ njiÃ©	Christmas
æ„Ÿæ©èŠ‚	gÇnÄ“njiÃ©	Thanksgiving Day
äº²æˆš	qÄ«nqi	extended family?
æ—§é‡‘å±±	jiÃ¹jÄ«nshÄn	San Francisco
å”äººè¡—	tÃ¡ngrÃ©njiÄ“	Chinatown
éƒŠåŒº	jiÄoqÅ«	suburbs
æ··è¡€å„¿	hÃ¹nxue3Ã©r	Mixed -race
åŒ—æ–¹äºº	bÄ›ifÄng rÃ©n	Northerner
å—æ–¹äºº	nÃ¡nfÄngrÃ©n	Southerner
è°œè¯­	mÃ­yÇ”	riddle
çŒœ	cÄi	Guess
çŒœç¯è°œ	cÄi dÄ“ngmÃ­	Guessing lantern riddles
ä¼ è¯´	chuÃ¡nshuÅ	legend
å¤æ´»èŠ‚	fÃ¹huÃ³jiÃ©	Easter
åŸºç£æ•™	jÄ«dÅ«jiÃ o	Christianity
å¼“	gÅng	bow
ç®­	jiÃ n	arrow
å°„	shÃ¨	shoot
å­”æ˜ç¯	kÇ’ngmÃ­ngdÄ“ng	sky lantern
ç‹è‰è	wÃ¡ng lÃ¬shÄ	Lisa
ç‹ä¸€ç„¶	wÃ¡ng yÄ«rÃ¡n	Eva
æ›¹åŠ±å˜‰	cÃ¡o lÃ¬jiÄ	Erica
ï¼Ÿ	ï¼Ÿ	Karen
è£³é›…æ¥ 	chÃ¡ng yÇnÃ¡n	Nancy
é¾šç¾ä¸½	gÅng mÄ›ilÃ¬	Meili
åˆ˜æ˜è‹ (åŠ‰æ˜è˜‡)	liÃº mÃ­ngsÅ«   (lau4 ming4sou1)	Jay
å¹¿èä¸½	guÇng luÃ³lÃ¬	Layla
ç‹å¥¶å©·	wÃ¡ng nÇitÃ­ng	Netta
å¶å­å	yÃ¨ zihuÃ¡	David
çˆ±å¸ˆå…‹	Ã ishÄ«kÃ¨	Isaac
ç‹è•´å®	wÃ¡ngyÃ¹nhÃ³ng	Yunhong uncle (Lisa dad)
æ¨çº¢	yÃ¡nghÃ³ng	Hong aunty (Lisa mom)
æ„Ÿåˆ°å¾ˆå¤§çš„å‹åŠ›	gÇndÃ o hÄ›ndÃ  de yÄlÃ¬	Feel a lot of pressure
é¸­æ¢¨å±±å¤§	yÄlÃ­ shÄn dÃ 	Feel a lot of pressure
åŒå…³è¯­	shuÄngguÄnyÇ”	Pun
æ··ä¹±çš„	hÃ¹nluÃ n de	chaotic
æ’	zhuÃ ng	to crash/ hit
ç»å†	jÄ«nglÃ¬	experience
æˆ‘éƒ½å–œæ¬¢	wÇ’ dÅu xÇhuan	I like all of them
æœˆæœ«	yuÃ¨mÃ²	At the end of the month
å¹´æœ«	niÃ¡nmÃ²	End of the year
å‘¨æœ«	zhÅumÃ²	weekend
ä¸€ä¸ªæƒ³æ³•	yÄ«gÃ¨ xiÇngfÇ	An idea
ç»†èŠ‚	xÃ¬jiÃ©	detail
æ‰“ç®—	dÇsuÃ n	plan/ to plan (an idea, not a detailed plan)
è®¡åˆ’	jÃ¬huÃ 	plan/ to plan (a detailed or formal plan)
å·¥ä½œè®¡åˆ’	gÅngzuÃ² jÃ¬huÃ 	Work Plan
å­¦ä¹ è®¡åˆ’	xuÃ©xÃ­ jÃ¬huÃ 	study plan
è¿˜æ²¡æƒ³å¥½	huÃ¡n mÃ©ixiÇng hÇo	haven't decided yet
å‡†å¤‡å¥½/ ä¹°å¥½ç¥¨	zhÇ”nbÃ¨i hÇo /   mÇihÇo piÃ o	Prepare/ buy a good ticket
åšå¥½å·¥ä½œ	zuÃ²hÇo gÅngzuÃ²	Do a good job
ä¸ºäº†	wÃ¨ile	forï¼Œin order to
å¹³ç­‰	pÃ­ngdÄ›ng	equal
å®³ç¾	hÃ ixiÅ«	shy
ç›¸ä¿¡	xiÄngxÃ¬n	believe
å¾…åŠäº‹é¡¹	dÃ ibÃ n shÃ¬xiÃ ng	to-do items
å¤§ä¾¿äº‹é¡¹	dÃ biÃ n shÃ¬xiÃ ng	to-poop items
éšä¾¿	suÃ­biÃ n	whatever
å·¥ä½œé¡ºåˆ©	gÅngzuÃ² shÃ¹nlÃ¬	work smoothly
æ–‡ä»¶	wÃ©njiÃ n	document
è¡¨æ ¼	biÇogÃ©	sheet
ä¸€ç›´	yÄ«zhÃ­	all the time/ constantly
æ€»æ˜¯	zÇ’ngshÃ¬	(at a repeated cadence) always
é‡å¤	chÃ³ngfÃ¹	repeat
æŠ±æ€¨	bÃ oyuÃ n	complain
é€šå‹¤	tÅngqÃ­n	commute
è·Ÿæˆ‘æŠ±æ€¨å¥¹çš„å·¥ä½œ	gÄ“n wÇ’ bÃ oyuÃ n tÄ de gÅngzuÃ²	Complain to me about her job
æ‰“æ¸¸æˆ	dÇyÃ³uxÃ¬	Play a game
è¿™ä»¶äº‹å¾ˆæ€¥	zhÃ¨jiÃ n shÃ¬ hÄ›n jÃ­	This is very urgent
ç€ç«	zhÃ¡ohuÇ’	to be on fire
ç€æ€¥	zhÃ¡ojÃ­	anxious
ç€è¿·	zhÃ¡omÃ­	obsessed/ fascinated
å­”é›€	kÇ’ngquÃ¨	Peacock
å¯¹...ç€è¿·	duÃ¬ ... zhÃ¡omÃ­	obsessed with
ä¸»æ„	zhÇ”yi	idea
æˆ‘æ§åˆ¶ä¸ä½åœ°	wÇ’ kÃ²ngzhÃ¬ bÃ¹zhÃ¹ de	I can't stop...
å¤ä¹ 	fÃ¹xÃ­	review
é¢„ä¹ 	yÃ¹xÃ­	preview
é¢„çº¦	yÃ¹yuÄ“	to make an appointment
æ¯”è¨é¥¼	bÇsÃ bÇng	Pizza
ä¸æ˜¯æ¯ä¸ªç¾å›½äººéƒ½å–œæ¬¢åƒæ¯”è¨é¥¼ã€‚	bÃ¹shÃ¬ mÄ›ige mÄ›iguÃ³ rÃ©n dÅ« xÇhuan chÄ« bÇsÃ bÇng ã€‚	Not every American likes to eat pizza.
æ¯ä¸ªç¾å›½äººéƒ½ä¸å–œæ¬¢åƒæ¯”è¨é¥¼ã€‚	mÄ›ige mÄ›iguÃ³ rÃ©n dÅ« bÃ¹ xÇhuan chÄ« bÇsÃ bÇng ã€‚	Every American does not like to eat pizza.
æœºä¼š	jÄ«huÃ¬	opportunity
å–	mÃ i	Sell
é—¨å„¿éƒ½æ²¡æœ‰/ æ²¡é—¨å„¿	mÃ©nr dÅu mÃ©iyÇ’u/ mÃ©i mÃ©nr	No way! / in your wildest dream
æç«¯	jÃ­duÄn	extreme
ä¸œå—è¥¿åŒ—	dÅngnÃ¡nxÄ«bÄ›i	NSEW
ä¸œå²¸	dÅngÃ n	east coast
è¥¿å²¸	xÄ«Ã n	west coast
æ”¾æ¾	fÃ ngsÅng	Relax
æ€»ç»“	zÇ’ngjiÃ©	Summarize
è§‚å¯Ÿ	guÄnchÃ¡	observe
æ— æ€’å¦‚ä½•	wÃºnÃ¹ rÃºhÃ©	anyways
æ”¿æ²»	zhÃ¨ngzhÃ¬	politics
æ‰“å­—	dÇzÃ¬	type
å…¶å®	qÃ­shÃ­	in reality
åœç”µ	tÃ­ngdiÃ n	power cut
ä¼—åˆ›ç©ºé—´	zhÃ²ngchuÃ ng kÅngjiÄn	cowork space
å¯¹è‡ªå·±çš„èƒ½åŠ›å¾ˆè‡ªä¿¡	duÃ¬ zÃ¬jÇ de nÃ©nglÃ¬ hÄ›n zÃ¬xÃ¬n	Very confident in your ability
æ­£ç¡®	zhÃ¨ngquÃ¨	correct
å¯¹äº†	duÃ¬ le	by the way
æš–å¿ƒ	nuÇnxÄ«n	Heartwarming
å¤‡ä»½	bÃ¨ifÃ¨n	Backup
ç‘å…¸	ruÃ¬diÇn	Sweden
...çš„æ—¶å€™	... de shÃ­hou	when...
ä»€ä¹ˆæ—¶å€™ï¼Ÿ	shÃ©nme shÃ­hou ï¼Ÿ	when?
å°è±¡	yÃ¬nxiÃ ng	impression
åœ¨ä¸€èµ·	zÃ i yÄ«qÇ	be in a relationship
å“ˆå°”æ»¨	hÄÄ›rbÄ«n	Harbin
å†°é›•èŠ‚	bÄ«ngdiÄo jiÃ©	Ice carving festival
è‹å·	sÅ«zhÅu	Suzhou
ä¸‹æœ‰è‹æ­ï¼Œä¸Šæœ‰å¤©å ‚	xiÃ yÇ’usÅ«hÃ¡ng ï¼Œ shÃ ngyÇ’utiÄntÃ¡ng	There are Su Hangzhou below, there is paradise on the top
å®—æ•™	zÅngjiÃ o	religion
æ„å¤§åˆ©é¢	yÃ¬dÃ lÃ¬ miÃ n	spaghetti
èƒŒåŒ…	bÄ“i bÄo	Backpack
æ²¡å¸¦è„‘å­	mÃ©idÃ i nÇozi	didnâ€˜t take your brain with you
ç™¾åº¦åœ°å›¾	bÇidÃ¹ dÃ¬tÃº	Baidu map
è°·æ­Œåœ°å›¾	gÇ”gÄ“ dÃ¬tÃº	Google Map
æŠ€æœ¯	jÃ¬shÃ¹	technology
å¤§ä¼—ç‚¹è¯„app	dÃ zhÃ²ng diÇnpÃ­ng app	â€œyelpâ€ in china
è°·æ­Œç‚¹è¯„	gÇ”gÄ“ diÇnpÃ­ng	Google Review
æ¬...åˆ°...	bÄn ... dÃ o ...	Move ... to ...
ç©ºé—´	kÅngjiÄn	space
æ¬å®¶	bÄnjiÄ	move place
æ—©æ—¥åº·å¤ï¼	zÇorÃ¬kÄngfÃ¹ ï¼	get well soon!
æ— ä¼´å¥åˆå”±	wÃº bÃ nzÃ²u hÃ©chÃ ng	a cappella
ä¸€ç¾¤äºº	yÄ«qÃºn rÃ©n	A group of people
å±é™©	wÄ“ixiÇn	dangerous
é«˜åŸååº”	gÄoyuÃ¡n fÇnyÃ¬ng	Altitude sickness
è‡³å°‘æˆ‘æ˜¯è¿™ä¹ˆè®¤ä¸ºçš„	zhÃ¬shÇo wÇ’ shÃ¬ zhÃ¨me rÃ¨nwÃ©i de	At least, that's what I think
è‡³å°‘	zhÃ¬shÇo	At least
æ•æ„Ÿ	mÇngÇn	sensitive
æŠ•èµ„	tÃ³uzÄ«	invest/ investment
æ¦‚å¿µ	gÃ iniÃ n	concept
ç‹¬ç«‹	dÃºlÃ¬	independent
å®ƒä»¬æœ‰ä»€ä¹ˆä¸€æ ·çš„åœ°æ–¹ï¼Ÿ	tÄmen yÇ’u shÃ©nme yÄ«yÃ ng de dÃ¬fÄng ï¼Ÿ	what features do they share?
ä½ è§‰å¾—è¿™ä»¶äº‹æœ‰ä»€ä¹ˆå¥½çš„åœ°æ–¹ï¼Ÿ	nÇ juÃ©de zhÃ¨jiÃ n shÃ¬yÇ’u shÃ©nme hÇo de dÃ¬fÄng ï¼Ÿ	Do you think there is something good about this?
èº«ä½“	shÄ“ntÇ	Body
è„–å­	bÃ³zi	neck
è‚©è†€	jiÄnbÇng	Shoulder
æ‰‹è‡‚	shÇ’ubÃ¬	arm
èƒ¸	xiÅng	chest
èƒŒ	bÃ¨i	back
è…°	yÄo	Hip
å¤§è…¿	dÃ tuÇ	thigh
è†ç›–	xÄ«gÃ i	knee
æ‰‹è‚˜	shÇ’uzhÇ’u	elbow
å¾·å›½çŒªè‚˜	dÃ©guÃ³ zhÅ«zhÇ’u	Schweinhaxen
å°è…¿	xiÇotuÇ	calf/ shin
å±è‚¡	pÃ¬gu	butt
è„š	jiÇo	foot
é¼»å­	bÃ­zi	nose
å°å·	xiÇotÅu	Thief
ç”Ÿç—…	shÄ“ngbÃ¬ng	Get ill
ç–¼	tÃ©ng	to ache/ to spoil (a kid)
ç—›	tÃ²ng	pain/ to ache (more physical and concrete compared to ç–¼)
æˆ‘å¾ˆå¿ƒç–¼å¥¹	wÇ’ hÄ›n xÄ«ntÃ©ng tÄ	I feel bad for her
æˆ‘çˆ¸çˆ¸å»ä¸–äº†ï¼Œæˆ‘å¾ˆå¿ƒç—›	wÇ’ bÃ ba qÃ¹shÃ¬ le ï¼Œ wÇ’ hÄ›n xÄ«ntÃ²ng	My dad died, I was very heartbroken
ç–¾ç—…	jÃ­bÃ¬ng	disease
ç–«æƒ…	yÃ¬qÃ­ng	epidemic
ç–«è‹—	yÃ¬miÃ¡o	vaccine
å­—é¢æ„æ€	zÃ¬miÃ n yÃ¬si	literal meaning
æŠ½è±¡æ„æ€	chÅuxiÃ ng yÃ¬si	figurative meaning
éƒ¨é¦–	bÃ¹shÇ’u	radical (chinese)
ä¸€æ£µæ ‘	yÄ«kÄ“shÃ¹	a tree
ç®€å•	jiÇndÄn	simple/ easy
å®¹æ˜“+verb/ adj.	rÃ³ngyÃ¬ + verb /   adj .	easy to do/ without difficulty/ have the tendency to
ä¸­æ–‡å¾ˆå®¹æ˜“å­¦	zhÅngwÃ©n hÄ›n rÃ³ngyÃ¬ xuÃ©	Chinese is easy to learn
ç™½è‰²çš„è¡£æœå¾ˆå®¹æ˜“è„	bÃ¡isÃ¨ de yÄ«fÃº hÄ›n rÃ³ngyÃ¬ zÄng	White clothes are easy to dirty
è¡¨è¾¾	biÇodÃ¡	Express
æ­£å¸¸	zhÃ¨ngchÃ¡ng	normal
ç¾éš¾	zÄinÃ n	Disaster
éº»çƒ¦	mÃ¡fan	trouble/ bring trouble
æ‰“å¼€çª—å­	dÇkÄi chuÄngzi	Open the window
è¿‡å»	guÃ²qu	to go over
ç»è¿‡	jÄ«ngguÃ²	to walk pass
è¿‡æœ‹å‹å®¶å»	guÃ² pÃ©ngyÇ’ujiÄ qÃ¹	Go a friend's house
äººå·¥æ™ºèƒ½	rÃ©ngÅngzhÃ¬nÃ©ng	AI
å·¥ä½œä¸Šçš„å·¥ä½œ	gÅngzuÃ² shÃ ng de gÅngzuÃ²	work work
è¿›è¿™é‡Œæ¥	jÃ¬n zhÃ¨lÇ lÃ¡i	Come here
å¸¦ä¸€æœ¬ä¹¦åˆ°ä¸­å›½å»	dÃ i yÄ« bÄ›nshÅ« dÃ o zhÅngguÃ³ qÃ¹	Take a book to China
æˆ‘èµ°åˆ°å…¬å¸å»	wÇ’ zÇ’u dÃ o gÅngsÄ« qÃ¹	I go to the company (I'm still not around the company)
æˆ‘èµ°åˆ°å…¬å¸æ¥äº†	wÇ’ zÇ’u dÃ o gÅngsÄ« lÃ¡i le	I've walked to the company (I'm around the company)
èº«ä»½è¯	shÄ“nfÃ¨nzhÃ¨ng	ID card
æœªå©šå¤«å’Œæœªå©šå¦»	wÃ¨ihÅ«nfÅ« hÃ© wÃ¨ihÅ«nqÄ«	fiance and fiancee
ç§˜ä¹¦	mÃ¬shÅ«	secretary
æ•´ç†	zhÄ›nglÇ	tidy
æ¥ç”µè¯	jiÄ“diÃ nhuÃ 	Answer the phone
å›ç­”é—®é¢˜	huÃ­dÃ¡ wÃ¨ntÃ­	answer the questions
ç§˜å¯†	mÃ¬mÃ¬	secret
åŠå…¬å®¤	bÃ ngÅngshÃ¬	office
å§å®¤	wÃ²shÃ¬	bedroom
å’¨è¯¢å®¤	zÄ«xÃºnshÃ¬	Consulting room
ä¼‘æ¯å®¤	xiÅ«xÄ«shÃ¬	lounge
å†¬ä»¤æ—¶	dÅnglÃ¬ng shÃ­	daylight saving time
æ—¶åŒº	shÃ­ qÅ«	Time zone
é†’	xÇng	Awake
è§†é¢‘	shÃ¬pÃ­n	video
åƒäº†ç¡ç¡äº†åƒ	chÄ« le shuÃ¬shuÃ¬ le chÄ«	a phrase that's used to describe someone being lazy
å¦ˆå¦ˆä¸€èµ·åºŠå°±åšæ—©é¥­	mÄma yÄ« qÇchuÃ¡ng jiÃ¹ zuÃ² zÇofÃ n	mum cooks breakfast soon as she gets up
ä¸€...å°±...	yÄ« ... jiÃ¹ ...	as soon as...
ç§å­	zhÇ’ngzi	seed
ç§ç±»	zhÇ’nglÃ¨i	type
æµæ±—	liÃºhÃ n	to sweat
ä¸€åœºé›¨	yÄ«chÃ¡ng yÇ”	A rain
ä¸€åœºé›ª	yÄ«chÃ¡ng xuÄ›	A snow
çœ‹ä¸€åœºç”µå½±	kÃ n yÄ«chÃ¡ng diÃ nyÇng	watch a movie
ä¸€éƒ¨ç”µå½±	yÄ«bÃ¹ diÃ nyÇng	a movie (the item)
ä¸€åœºæ¯”èµ›	yÄ«chÃ¡ng bÇsÃ i	a match
ä¸€åœºè€ƒè¯•	yÄ«chÃ¡ng kÇoshÃ¬	An exam
ç®€ä½“å­—	jiÇntÇzÃ¬	Simplified word
ç¹ä½“å­—	fÃ¡ntÇzÃ¬	Traditional Chinese character
åŸå› 	yuÃ¡nyÄ«n	reason
æ•°æ®	shÃ¹jÃ¹	data
æ¨¡å‹	mÃ³xÃ­ng	Model
æ‹¼å†™æ£€æŸ¥	pÄ«nxiÄ› jiÇnchÃ¡	Spell Check
ç»ç†	jÄ«nglÇ	manager
åŠäº‹	bÃ nshÃ¬	to get things done
åŠæ‰‹ç»­	bÃ nshÇ’uxÃ¹	get formalities/ paperwork done
æ‰“é¼¾	dÇhÄn	snore
å¸‚åœº	shÃ¬chÇng	market
ä¸€ä¸‡	yÄ«wÃ n	10,000
ç”µåŠ¨æ±½è½¦	diÃ ndÃ²ngqÃ¬chÄ“	electric car
è¡¥è´´	bÇ”tiÄ“	subsidy
ä¸€è¾†è‡ªè¡Œè½¦	yÄ«liÃ ng zÃ¬xÃ­ngchÄ“	a bicycle
ä¸€åˆ—ç«è½¦	yÄ«liÃ¨ huÇ’chÄ“	A train
ä¸€æ¶é£æœº	yÄ«jiÃ  fÄ“ijÄ«	an airplane
åŠå…¬æ¥¼	bÃ ngÅnglÃ³u	Office building
å±‚	cÃ©ng	layer
ä¸€æ¥¼	yÄ«lÃ³u	First floor
å¤§å ‚	dÃ tÃ¡ng	Lobby
ä¸€æŠŠä¼	yÄ«bÇ sÇn	an umbrella
ä¸€æŠŠåˆ€	yÄ«bÇ dÄo	a knife
ä¸€æŠŠæ¤…å­	yÄ«bÇ yÇzi	a chair
ä¸€æŠŠé’¥åŒ™	yÄ«bÇ yÃ oshi	A bunch of keys
é—¨æŠŠ	mÃ©n bÇ	doorknob
æ‰¶æ‰‹	fÃºshÇ’u	handrail
é‡è¯	liÃ ngcÃ­	quantifier
ä¸€ä»¶è¡£æœ	yÄ«jiÃ n yÄ«fÃº	a piece of clothing
ä¸€ä»¶å¤–å¥—	yÄ«jiÃ n wÃ itÃ o	a jacket
ä¸€æ¡è£™å­	yÄ«tiÃ¡o qÃºnzi	dress/ skirt
ä¸€æ¡è£¤å­	yÄ«tiÃ¡o kÃ¹zi	a pair of pants
æ•™å®¤	jiÃ oshÃ¬	classroom
ä¸€å¼ æ¡Œå­	yÄ«zhÄng zhuÅzi	a table
é€å¥¹å›å®¶	sÃ²ng tÄ huÃ­jiÄ	send her home
æ¥å¥¹ä¸‹ç­	jiÄ“ tÄ xiÃ bÄn	Pick up her
å‘½ä»¤	mÃ¬nglÃ¬ng	order/ to command
åªæœ‰...æ‰...	zhÇyÇ’u ... cÃ¡i ...	only...
å¥½å¥½å„¿	hÇohÄor	well
ä¸ºå¥¹æƒ³	wÃ©i tÄ xiÇng	Think for her
åœ¨å¥¹çš„æƒ…å†µé‡Œ	zÃ i tÄ de qÃ­ngkuÃ ng lÇ	In her situation
å¸¸è§	chÃ¡ngjiÃ n	common
å•†äºº	shÄngrÃ©n	businessman
å•†ä¸š	shÄngyÃ¨	Business
ä»å•†	cÃ³ngshÄng	do business
ä¼ä¸š	qÇyÃ¨	enterprise
ä¼ä¸šå®¶	qÇyÃ¨jiÄ	entrepreneur
é«˜æ¥¼å¤§å¦	gÄolÃ³udÃ shÃ 	skyscraper
è¥¿è£…	xÄ«zhuÄng	Suit
å·¥ä½	gÅngwÃ¨i	a seat in an office
ä¸€ç¯‡æ—¥è®°	yÄ«piÄn rÃ¬jÃ¬	A diary
æœç´¢	sÅusuÇ’	search
æœç´¢å¼•æ“	sÅusuÇ’yÇnqÃ­ng	search engine
æ’é™¤æ³•	pÃ¡ichÃºfÇ	process of elimination
çƒ¦æ¼	fÃ¡nnÇo	trouble
ä¸¾é‡	jÇ”zhÃ²ng	weightlifting
è‡Š	sÄo	smell of urine
é¥®æ–™	yÇnliÃ o	drinks
çº¢ç‰›	hÃ³ngniÃº	red bull
ä¸“å¿ƒ	zhuÄnxÄ«n	focus
å†·èƒå’–å•¡	lÄ›ngcuÃ¬ kÄfÄ“i	cold brew coffee
ç”µæ± 	diÃ nchÃ­	Battery
çƒ¦èº	fÃ¡nzÃ o	Irritable
é£Ÿç‰©	shÃ­wÃ¹	food (formal)
ä¸€é¡¿é¥­	yÄ«dÃ¹nfÃ n	a meal
åƒçš„ï¼ˆä¸œè¥¿ï¼‰	chÄ« de ï¼ˆ dÅngxi ï¼‰	food
é›¶é£Ÿ	lÃ­ngshÃ­	snack
ï¼ˆè¡—å¤´ï¼‰å°åƒ	ï¼ˆ jiÄ“tÃ³u ï¼‰ xiÇochÄ«	street food
åœ¨è¡—ä¸Š	zÃ i jiÄ“shang	on the street
æŸšå­	yÃ²uzi	pomelo
è¥¿æŸš	xÄ«yÃ²u	grapefruit
çº¢è‚‰æ©™	hÃ³ngrÃ²u chÃ©ng	cara cara
é‡Šè¿¦æœ	shÃ¬jiÄ guÇ’	Cherimoya
æ‹‰ä¸ç¾æ´²	lÄdÄ«ngmÄ›izhÅu	Latin America
ç¨³å®š	wÄ›ndÃ¬ng	stable
å»å¹´	qÃ¹niÃ¡n	last year
æ˜å¹´	mÃ­ngniÃ¡n	next year
å¿ƒæƒ…å¾ˆå¤æ‚	xÄ«nqÃ­ng hÄ›n fÃ¹zÃ¡	have mixed emotions/ feelings
æœ‹å‹å¯¹æˆ‘è¯´	pÃ©ngyou duÃ¬ wÇ’ shuÅ	Friends tell me
å‘æˆ‘è·‘æ¥	xiÃ ng wÇ’ pÇo lÃ¡i	Running to me
èƒ½åŠ›å¾ˆå·®	nÃ©nglÃ¬ hÄ›nchÄ	Poor ability
å®³è™«	hÃ ichÃ³ng	pest
ç›Šè™«	yÃ¬chÃ³ng	good insects
é›†ä½“	jÃ­tÇ	collectively
æ€§çˆ±æ´¾å¯¹	xÃ¬ngÃ i pÃ iduÃ¬	orgy
ç¤¼ç‰©	lÇwÃ¹	Gift
å›½æ——	guÃ³qÃ­	National flag
çˆ¬	pÃ¡	climb/ crawl
æ”€å²©	pÄnyÃ¡n	rock climbing
çˆ¬å±±	pÃ¡shÄn	hiking
æ³¨æ„	zhÃ¹yÃ¬	pay attention/ be aware
å¤©æ°”é¢„æŠ¥	tiÄnqÃ¬yÃ¹bÃ o	Weather forecast
è¿™æ¬¡çˆ¬å±±	zhÃ¨cÃ¬ pÃ¡shÄn	this hiking
æ€¥æ•‘ç®±	jÃ­jiÃ¹xiÄng	First aid kit
å¹»ç¯ç‰‡	huÃ ndÄ“ngpiÃ n	Slide
é™è½ä¼	jiÃ ngluÃ²sÇn	parachute
å†›é˜Ÿ	jÅ«nduÃ¬	army
æ‰ä¸œè¥¿	diÃ o dÅngxi	drop sth
ç‚¸å¼¹	zhÃ dÃ n	bomb
æ——å­	qÃ­zi	flag
é¢è¯•	miÃ nshÃ¬	interview
ä¼šè®®å®¤	huÃ¬yÃ¬shÃ¬	meeting room
ä¸€å®¶äºº	yÄ«jiÄrÃ©n	family
å¾ˆè¿‘çš„åœ°æ–¹	hÄ›njÃ¬n de dÃ¬fÄng	a close place
é™„è¿‘çš„åœ°æ–¹	fÃ¹jÃ¬n de dÃ¬fÄng	Nearby
è‡ªé©¾æ¸¸	zÃ¬jiÃ yÃ³u	Self -driving tour
è¥¿è—	xÄ«zÃ ng	Tibet
èº²èµ·æ¥	duÇ’qÇlÃ¡i	hide (oneself) up
èº²çŒ«çŒ«	duÇ’mÄomÄo	hide and seek
è—èµ·æ¥	cÃ¡ng qÇlai	hide (something) up
æˆ‘è—æˆ‘çš„é’±åœ¨åºŠä¸‹	wÇ’cÃ¡ng wÇ’ de qiÃ¡n zÃ i chuÃ¡ng xiÃ 	I hide my money under bed
æˆ‘èº²åœ¨åºŠä¸‹	wÇ’ duÇ’ zÃ i chuÃ¡ng xiÃ 	I hide under bed
æ„æ€	yÃ¬si	literal meaning
æœ‰æ„æ€	yÇ’uyÃ¬si	interesting
æ„ä¹‰	yÃ¬yÃ¬	meaning/ significance
æœ‰æ„ä¹‰	yÇ’u yÃ¬yÃ¬	Significant
ä¸€æ¡é±¼	yÄ«tiÃ¡o yÃº	a fish
ä¸€æ¡è›‡	yÄ«tiÃ¡o shÃ©	A snake
è®°å¾—	jÃ¬de	Remember
æˆ‘è®°å¾—æœ‰ä¸€æ¬¡...	wÇ’ jÃ¬de yÇ’u yÄ«cÃ¬ ...	I remember once ...
é¥®é£Ÿ	yÇnshÃ­	diet
ç”Ÿæ—¥èšä¼š	shÄ“ngrÃ¬ jÃ¹huÃ¬	Birthday party
æŠ“é©¬	zhuÄmÇ	relationship drama
æ¿æ£	bÇngÃ¹n	stick (hurling)
æˆ¿ä¸œ	fÃ¡ngdÅng	landlord
æˆ‘åœ¨æƒ³...	wÇ’ zÃ i xiÇng ...	I'm wondering...
çƒæ£	qiÃºgÃ¹n	stick/ bat
å™¨æ	qÃ¬cÃ¡i	equipment
æ£’çƒæ£’	bÃ ngqiÃºbÃ ng	baseball bat
æŸ”é“æ£•å¸¦	rÃ³udÃ o zÅngdÃ i	Judo brown belt
å‘˜å·¥	yuÃ¡ngÅng	staff
æŠ—è®®	kÃ ngyÃ¬	protest
å¤å¤©	xiÃ tiÄn	summer
çŸ­è£¤	duÇnkÃ¹	shorts
é•¿è£¤	chÃ¡ngkÃ¹	trousers
ç‰¹ç‚¹	tÃ¨diÇn	Characteristic
Tæ¤	txÃ¹	t-shirt
èƒŒå¿ƒ	bÃ¨ixÄ«n	tank top
å«è¡£	wÃ¨iyÄ«	jumper
æ¯›è¡£	mÃ¡oyÄ«	sweater
è¿å¸½è¡«	liÃ¡nmÃ oshÄn	hoodie
å›´å·¾	wÃ©ijÄ«n	scarf
å¤–å¥—	wÃ itÃ o	jacket
å¤§è¡£	dÃ yÄ«	Coat
è¿åŠ¨é‹	yÃ¹ndÃ²ngxiÃ©	sports shoes
çš®é‹	pÃ­xiÃ©	leather shoes
é«˜è·Ÿé‹	gÄogÄ“nxiÃ©	High heel
å‡‰é‹	liÃ¡ngxiÃ©	sandals
æ‹–é‹	tuÅxiÃ©	slippers
æ³°å›½	tÃ iguÃ³	Thailand
è¡¬è¡«	chÃ¨nshÄn	shirt
ä¸€å°ç”µè„‘	yÄ«tÃ¡i diÃ nnÇo	a computer
ä¸€æ£µæ¤ç‰©	yÄ«kÄ“ zhÃ­wÃ¹	A plant
ä¸€å¯¹æƒ…ä¾£	yÄ«duÃ¬ qÃ­nglÇš	A couple
å¾ˆé«˜çš„åœ°ä½	hÄ›n gÄo de dÃ¬wÃ¨i	high status
é›†è®­è¯¾	jÃ­xÃ¹n kÃ¨	Training course
ä¸€å¯¹ä¸€	yÄ«duÃ¬yÄ«	one on one
æˆ‘æƒ³ç€...	wÇ’ xiÇngzhe ...	æˆ‘ä»¥ä¸º
æˆ‘è§‰ç€...	wÇ’ juÃ©zhe ...	æˆ‘è§‰å¾—çš„å£è¯­
çƒèŠ½ç”˜è“/æŠ±å­ç”˜è“	qiÃº yÃ¡gÄnlÃ¡n / bÃ ozigÄnlÃ¡n	brussels sprouts
ç¾½è¡£ç”˜è“	yÇ”yÄ« gÄnlÃ¡n	kale
ä¾›ä½ å‚è€ƒ	gÅng nÇ cÄnkÇo	FYI / by the way (more formal)
é¡ºä¾¿è¯´ä¸€ä¸‹	shÃ¹nbiÃ n shuÅ yÄ«xiÃ 	By the way (informal)
æ½®æ¹¿	chÃ¡oshÄ«	humid
ç™½å¤©çš„æ—¶å€™	bÃ¡itiÄn de shÃ­hou	during the daytime
ä»…ä¾›å‚è€ƒ	jÇngÅngcÄnkÇo	for reference only (may be incorrect)
å¤§å®¶	dÃ jiÄ	Everyone
å¤§éƒ¨åˆ†	dÃ bÃ¹fen	a majority
æˆ‘ä¸å­¦ä¸­æ–‡äº†ï¼	wÇ’ bÃ¹xuÃ© zhÅngwÃ©n le ï¼	I don't learn Chinese anymore!
ç§èœ	zhÇ’ngcÃ i	plant vegetables
å†œè´¸å¸‚åœº	nÃ³ngmÃ oshÃ¬chÇng	farmers market
å†œæ°‘	nÃ³ngmÃ­n	Farmer
ç”œå“	tiÃ¡npÇn	Dessert
ç³–æœ	tÃ¡ngguÇ’	sweets
å™©æ¢¦	Ã¨mÃ¨ng	Nightmare
æ²¡ç¤¼è²Œ	mÃ©i lÇmÃ o	impolite/ rude
å‡ºå·®	chÅ«chÄi	On business trip
å³ä½¿... ä¹Ÿ...	jÃ­shÇ ...   yÄ› ...	even if...
é…¸	suÄn	sour
ç”œ	tiÃ¡n	sweet
è‹¦	kÇ”	bitter
è¾£	lÃ 	spicy
å’¸	xiÃ¡n	salty
æ¶©	sÃ¨	astringent
è…¥	xÄ«ng	fishy
äººç”Ÿçš„é…¸ç”œè‹¦è¾£	rÃ©nshÄ“ng de suÄntiÃ¡nkÇ”lÃ 	Life's sweet and bitterness
æ­æ¥‚	ÅuzhÄ	medlar
ä¸­ä¸–çºª	zhÅngshÃ¬jÃ¬	medieval
æˆç†Ÿ	chÃ©ngshÃº	mature
ç†Ÿæˆ	shÃºchÃ©ng	ripe (fruit)
çƒ‚	lÃ n	rotten
è½¯åŒ–	ruÇnhuÃ 	soften
ç²‰ä¸	fÄ›nsÄ«	fan
ä¿±ä¹éƒ¨	jÃ¹lÃ¨bÃ¹	club
å¡	kÇ	lag (in bad wifi connection)
æµé‡	liÃºliÃ ng	(cellular) data
è¿‡ç¨‹	guÃ²chÃ©ng	process
åˆçˆ±åˆæ¨	yÃ²u Ã i yÃ²u hÃ¨n	Love and hate
ç›	yÃ¡n	Salt
æ”¾å­¦	fÃ ngxuÃ©	get off school
æ”¾å‡	fÃ ngjiÃ 	Have a holiday
ä¹‹å	zhÄ«hÃ²u	later on
è¡¥	bÇ”	make up for it (e.g. make up for work)
ä¸èˆ’æœ	bÃ¹ shÅ«fu	uncomfortable
å¿ƒé‡Œä¸èˆ’æœ	xÄ«nli bÃ¹ shÅ«fu	be offended (without telling others)
æ²Ÿé€š	gÅutÅng	communicate
é€€è´§	tuÃ¬huÃ²	return the goods
èµ”é’±	pÃ©iqiÃ¡n	compensate (with money)
å‡ä¸€èµ”å	jiÇyÄ« pÃ©ishÃ­	å¦‚æœåœ¨æˆ‘çš„å•†åº—é‡Œä½ ä¹°åˆ°äº†ä¸€ä¸ªå‡è´§ï¼ˆjiÇ huÃ² fake goodsï¼‰ï¼Œæˆ‘ä¼šèµ”åä¸ªå•†å“çš„é’±
æ€»ç»Ÿ	zÇ’ngtÇ’ng	president
å€™é€‰äºº	hÃ²uxuÇnrÃ©n	candidate
è®©æˆ‘æƒ³èµ·äº†	rÃ ng wÇ’ xiÇngqÇ le	reminds me of
æé†’	tÃ­xÇng	to remind someone to do
ä¸€å¼ çº¸æ¡	yÄ«zhÄng zhÇtiÃ¡o	a memo
ä¸€ä¸ªæ¢—	yÄ«gÃ¨ gÄ›ng	a meme
çƒ­å¯å¯	rÃ¨ kÄ›kÄ›	hot coco
å‡ºå‘	chÅ«fÄ	Set off
ä¹±	luÃ n	messy
æ€§æ ¼	xÃ¬nggÃ©	personality
æ²¡é‚£ä¹ˆä¹±	mÃ©i nÃ me luÃ n	Not so messy
åŒº	qÅ«	district
å•†ä¸šåŒº	shÄngyÃ¨qÅ«	Business district
ä½å®…åŒº	zhÃ¹zhÃ¡iqÅ«	Residential area
äº”æ˜Ÿ	wÇ”xÄ«ng	Five -star
è´£ä»»	zÃ©rÃ¨n	responsibility
é£è¡Œå‘˜	fÄ“ixÃ­ngyuÃ¡n	pilot
æ¼”å‘˜	yÇnyuÃ¡n	actor
å”®è´§å‘˜	shÃ²uhuÃ²yuÃ¡n	shop assistant
è¡¨æƒ…å¾ˆä¸°å¯Œ	biÇoqÃ­ng hÄ›n fÄ“ngfÃ¹	expressive (facial expressions)
æ¼”æŠ€å¾ˆå¥½	yÇnjÃ¬ hÄ›n hÇo	good acting skills
å®¢æˆ·	kÃ¨hÃ¹	client
æ‹›å¾…å®¢äºº	zhÄodÃ i kÃ¨rÃ©n	to welcome guests
å®¿èˆ	sÃ¹shÃ¨	dormitory
è§£é‡Š	jiÄ›shÃ¬	explain
æœŸå¾…	qÄ«dÃ i	Expectation
å‚åŠ æ¯”èµ›	cÄnjiÄ bÇsÃ i	Participate in the competition
è½®æ»‘	lÃºnhuÃ¡	Roller skating
å¥½èƒœ	hÃ oshÃ¨ng	competitive
â€œç…§éª—â€	â€œ zhÃ opiÃ n â€	catfish photo
éª—å­	piÃ nzi	scammer
ç‰›è§’åŒ…	niÃºjiÇo bÄo	Croissant
æä»	xÃ¬ngrÃ©n	almond
æä»è†	xÃ¬ngrÃ©n gÄo	marzipan
æä»ç³Š	xÃ¬ngrÃ©n hÃº	almond paste
èŠéº»ç³Š	zhÄ«mahÃº	Sesame paste
å•è¯å¡	dÄncÃ­ kÇ	flashcard
æ‰¾åˆ°ä¸€ä¸ªæ–¹æ³•	zhÇodÃ o yÄ«gÃ¨ fÄngfÇ	figure out
çˆ±æƒ…ç‰‡	Ã iqÃ­ngpiÄn	romantic movie
ææ€–ç‰‡	kÇ’ngbÃ¹piÄn	Horror film
åŠ¨ä½œç‰‡	dÃ²ngzuÃ²piÄn	Action movie
æƒŠæ‚šç‰‡	jÄ«ngsÇ’ngpiÄn	thriller
ç”µè§†å‰§	diÃ nshÃ¬jÃ¹	TV drama
åˆ·å‰§	shuÄjÃ¹	binge watch tv shows
å…¬å¸æ³•	gÅngsÄ«fÇ	Corporate law
æ°‘æ³•	mÃ­nfÇ	Civil law
åˆ‘æ³•	xÃ­ngfÇ	criminal law
è‡ªå¾‹	zÃ¬lÇœ	self-discipline (åè¯/å½¢å®¹è¯)
è§„å¾‹	guÄ«lÇœ	pattern
æœ‰è§„å¾‹çš„ç”Ÿæ´»	yÇ’u guÄ«lÇœ de shÄ“nghuÃ³	routined life
å¾‹å¸ˆ	lÇœshÄ«	lawyer
ç»™ä½ ç•™ä¸‹äº†...çš„å°è±¡	gÄ›i nÇ liÃºxiÃ  le ... de yÃ¬nxiÃ ng	Leave you the impression of ...
åä¹‰è¯	fÇnyÃ¬cÃ­	antonym
æµ…	qiÇn	shallow
æ°´å¾ˆæ·±	shuÇ hÄ›n shÄ“n	deceiving
é¢œè‰²å¾ˆæ·±/ æµ…	yÃ¡nsÃ¨ hÄ›nshÄ“n /   qiÇn	dark/ light colour
å¯¹...å¾ˆç†Ÿæ‚‰	duÃ¬ ... hÄ›n shÃºxÄ«	Very familiar
ç¡è¡£	shuÃ¬yÄ«	pyjamas
å¼‚äººä¹‹ä¸‹	yÃ¬ rÃ©n zhÄ«xiÃ 	I am Nobody (C-Drama)
Xä»¥ä¸Š	x yÇshÃ ng	More than X
è§’è‰²	juÃ©sÃ¨	character
æƒ…èŠ‚	qÃ­ngjiÃ©	plot
ä»…ä»…å› ä¸º	jÇnjÇn yÄ«nwÃ¨i	only because
ä½ç½®	wÃ¨izhi	Location
æ‰“å“ˆæ¬ ğŸ¥±	dÇhÄqian ğŸ¥±	Yawning
æ ‡å‡†	biÄozhÇ”n	standard
æœªæ¥	wÃ¨ilÃ¡i	future
ä½“é‡	tÇzhÃ²ng	body weight
å¯é 	kÄ›kÃ o	reliable
èœœæœˆæœŸ	mÃ¬yuÃ¨ qÄ«	honeymoon phase
æ…¢æ€§ç—…	mÃ nxÃ¬ngbÃ¬ng	chronic disease
å¼€è¿‡åˆ†çš„ç©ç¬‘	kÄi guÃ²fÃ¨n de wÃ¡nxiÃ o	the joke has gone too far
è¦æƒ³...	yÃ o xiÇng ...	If you want ...
å…±åŒçˆ±å¥½	gÃ²ngtÃ³ngÃ ihÇo	mutual hobby
å…±åŒè¯é¢˜	gÃ²ngtÃ³nghuÃ tÃ­	mutual chat material
å…±åŒæœ‹å‹	gÃ²ngtÃ³ng pÃ©ngyou	mutual friend
å…±åŒæ•Œäºº	gÃ²ngtÃ³ng dÃ­rÃ©n	mutual enemy
å…±åŒç”Ÿæ´»	gÃ²ngtÃ³ng shÄ“nghuÃ³	live together
å…±åŒåŠªåŠ›	gÃ²ngtÃ³ngnÇ”lÃ¬	Work together
å½¢å®¹è¯	xÃ­ngrÃ³ngcÃ­	adjective
åˆé€‚	hÃ©shÃ¬	suitable/ appropriate
æœ‰å¹¸ç¦æ„Ÿ	yÇ’u xÃ¬ngfÃºgÇn	have a sense of happiness
å¼ºè¿«ç—‡	qiÇngpÃ²zhÃ¨ng	obsessive-compulsive disorder
åˆä½œ	hÃ©zuÃ²	cooperate
å¤åˆ¶	fÃ¹zhÃ¬	copy
ç²˜è´´	zhÄntiÄ“	paste
å¼€å¿ƒ	kÄixÄ«n	ï¼ˆæœ€å¸¸ç”¨ï¼‰å¼€å¿ƒğŸ˜„ï¼Œä¸å¼€å¿ƒğŸ˜¢
é«˜å…´	gÄoxÃ¬ng	å¾ˆé«˜å…´è®¤è¯†ä½ / é«˜å…´ğŸ˜„ï¼Œä¸é«˜å…´ğŸ˜ 
å¿«ä¹	kuÃ ilÃ¨	æ–°å¹´å¿«ä¹/ ç”Ÿæ—¥å¿«ä¹/ åœ£è¯å¿«ä¹/ å¿«ä¹çš„ä¸€å¤©
æ„‰å¿«	yÃºkuÃ i	å‘¨æœ«æ„‰å¿«/ åˆä½œæ„‰å¿«/ æ—…é€”æ„‰å¿«/ æˆ‘æœ‰ä¸€ä¸ªæ„‰å¿«çš„å‡æœŸ
æ„‰æ‚¦	yÃºyuÃ¨	æˆ‘ä»Šå¤©å¿ƒæƒ…å¾ˆæ„‰æ‚¦
å¹¸ç¦	xÃ¬ngfÃº	å¾ˆæ·±ï¼Œå¾ˆç¨³å®šï¼Œå¾ˆé•¿æ—¶é—´çš„
æ¢—	gÄ›ng	meme  (official translation)
è¡¨æƒ…åŒ…	biÇoqÃ­ng bÄo	meme (with image)
å®˜æ–¹	guÄnfÄng	official (e.g. the "official translation")
ç®—äº†	suÃ nle	nevermind
æ²¡äº‹äº†	mÃ©ishÃ¬ le	nevermind
æŒ‡ç¤ºç‰Œ	zhÇshÃ¬pÃ¡i	sign (e.g. in the Ithaka kitchen)
è¿‡å¡‘	guÃ²sÃ¹	laminate (vb.)
å¤©ä½¿	tiÄnshÇ	Angel
å¹³åº•ç…é”…	pÃ­ngdÇ jiÄnguÅ	frying pan
é“¸é“	zhÃ¹tiÄ›	cast iron
é‘„éµ	zhÃ¹tiÄ›	cast iron (just including bc the traditional is insane)
å°æ‰è±†	xiÇobiÇndÃ²u	lentil
ç²‰æœ«	fÄ›nmÃ²	powder
é¦™èœç±½	xiÄng cÃ izÇ	coriander (seeds)
åœŸèŒ´é¦™ç±½	tÇ” huÃ­xiÄng zÇ	cumin
è´£å¤‡	zÃ©bÃ¨i	blame
å€Ÿå£	jiÃ¨kÇ’u	excuse
æŒ‰æ‘©	Ã nmÃ³	massage
æ­¥éª¤	bÃ¹zhÃ²u	step
æç¤º	tÃ­shÃ¬	hint/ tips
æ°‘å›½æ—¶æœŸ	mÃ­nguÃ³shÃ­qÄ«	Republic of China
å†²çª	chÅngtÅ«	conflict
äº¤é€š	jiÄotÅng	transportation
è£å‘˜	cÃ¡iyuÃ¡n	lay off
æ³¡èŒ¶	pÃ ochÃ¡	brew a cup of tea
æ³¡é¢	pÃ omiÃ n	instant noodles
å‘	fÄ	to send (texts/ photos/emails)
ç›®æ ‡	mÃ¹biÄo	goal
å¤å¸Œè…Š	gÇ”xÄ«lÃ 	Ancient Greece
å¤ç½—é©¬	gÇ”luÃ³mÇ	ancient rome
è¯æ ¹	cÃ­gÄ“n	word root
çŸ³å¤´	shÃ­tou	Stone
ç¿»è¯‘ç¬”	fÄnyÃ¬ bÇ	translation pen
æ‰«	sÇo	scan
è¡¨ç¤º	biÇoshÃ¬	express
å¸ƒç½®	bÃ¹zhÃ¬	arrange/ organise
å¿…é¡»	bÃ¬xÅ«	must
èƒ½æ¥å—æ–°çš„æƒ³æ³•	nÃ©ng jiÄ“shÃ²u xÄ«n de xiÇngfÇ	open-minded
è™šå¿ƒå­¦ä¹ 	xÅ«xÄ«nxuÃ©xÃ­	learn sth with a humble attitude
å©šç¤¼	hÅ«nlÇ	wedding
æ‰¿è¯º	chÃ©ngnuÃ²	promise
æœ‰å¾ˆå¥½çš„å…³ç³»	yÇ’u hÄ›n hÇo de guÄnxi	Have a strong connection/ good relationship
ä¸å®‰	bÃ¹Än	insecure
è¥¿å…°èŠ±	xÄ«lÃ¡nhuÄ	broccoli
ç™½èœ	bÃ¡icÃ i	cabbage
èœèŠ±	cÃ ihuÄ	cauliflower
éŸ­èœ	jiÇ”cÃ i	leek
èºº	tÇng	lie flat/lie down
å£éŸ³	kÇ’uyin	accent
å”¯ä¸€ä¸€ä¸ª	wÃ©iyÄ« yÄ«gÃ¨	the only one (wei2yi1yi2ge4)
ç¤¾ä¼š	shÃ¨huÃ¬	society
ä¸å¤œåŸ	bÃ¹yÃ¨chÃ©ng	nightless/sleepless city
èƒ¡åŒ	hÃºtÃ²ng	Beijing's historic alleys
çº½çº¦	niÇ”yuÄ“	New York
æ¬åˆ°	bÄn dÃ o	to move to
æ— èŠ	wÃºliÃ¡o	boring
å°´å°¬	gÄngÃ 	embarrassing
å‹åŠ›	yÄlÃ¬	pressure
å¿ƒæ°´	xÄ«n shuÇ	salary
å¿ƒæ°´å¾ˆé«˜	xÄ«nshuÇ hÄ›n gÄo	well-paid
ä¼˜ç§€	yÅuxiÃ¹	excellent
è‰ºæœ¯å®¶	yÃ¬shÃ¹jiÄ	artist
è‰ºæœ¯	yÃ¬shÃ¹	art
éŸ³ä¹å®¶	yÄ«nyuÃ¨jiÄ	musician
å½“	dÄng	to do for work
å·¥ç¨‹å¸ˆ	gÅngchÃ©ngshÄ«	engineer
ç±»å‹	lÃ¨ixÃ­ng	type
ä¹¦æŸœ	shÅ«guÃ¬	bookshelf
å†å²	lÃ¬shÇ	history
å»ºç­‘	jiÃ nzhÃ¹	architecture
å¯¹ã€‚ã€‚ã€‚æ„Ÿå…´è¶£	duÃ¬ ã€‚ ã€‚ ã€‚ gÇnxÃ¬ngqÃ¹	have interest in smth
æ¹¾åŒº	wÄnqÅ«	bay area
ç©·äºº	qiÃ³ngrÃ©n	poor people
æœ‰é’±äºº	yÇ’uqiÃ¡nrÃ©n	rich people
é•¿åŸ	chÃ¡ngchÃ©ng	Great Wall
è¶Šå—	yuÃ¨nÃ¡n	Vietnam
æ­£å®—	zhÃ¨ngzÅng	authentic
ç”Ÿæ´»	shÄ“nghuÃ³	to live
è–„	bÃ³	thin (e.g. a wall)
éœ²è¥	lÃ¹yÃ­ng	to go camping
åœ°å›¾	dÃ¬tÃº	map
åŒ—è¾¹	bÄ›ibiÄn	north part
æµ·	hÇi	ocean/sea
è®¸å¯è¯	xÇ”kÄ›zhÃ¨ng	permit
æ‹†	chÄi	to tear down
ä½“éªŒ	tÇyÃ n	to experience (more formal)
å…¬å•	gÅngcÃ¨	public toilet
æ„¿æ„	yuÃ nyÃ¬	to be willing to
æš–æ°”	nuÇnqÃ¬	heater
ç©ºè°ƒ	kÅngtiÃ¡o	air conditioning
è‡ªæ¥æ°´	zÃ¬lÃ¡ishuÇ	tap water
åŸæ¥	yuÃ¡nlÃ¡i	originally
ç®—æ˜¯	suÃ nshÃ¬	to take as
è€Œä¸”	Ã©rqiÄ›	furthermore
æ‘†ç€	bÇizhe	zhe refers to the existence of things. "bai" is like???
å¯¹é¢	duÃ¬miÃ n	across, facing
å¥èº«	jiÃ nshÄ“n	to work out, to exercise
å¥èº«æˆ¿	jiÃ nshÄ“nfÃ¡ng	fitness room/gym
å›å¤´	huÃ­tÃ³u	in a moment, later
æ ¡å›­	xiÃ oyuÃ¡n	campus
åšç‰©é¦†	bÃ³wÃ¹guÇn	museum
ç¤¼å ‚	lÇtÃ¡ng	auditorium
æ ¡å†…	xiÃ onÃ¨i	on-campus
æ ¡å¤–	xiÃ owÃ i	off-campus
åƒç´ 	chÄ«sÃ¹	to be vegetarian
å¼	shÃ¬	to try
ä¹°å•	mÇidÄn	checkï¼›to pay the billï¼›â€œcheck pleaseâ€
ç»“è´¦	jiÃ©zhÃ ng	to pay the bill
æµ·é²œ	hÇixiÄn	seafood
æ¡Œå­	zhuÅzi	table
å¨æˆ¿	chÃºfÃ¡ng	kitchen
äº¤æµ	jiÄoliÃº	converse/communicate/exchange (e.g. ideas)
æ–‡å…·	wÃ©njÃ¹	stationery
ä¿¡ç”¨å¡	xÃ¬nyÃ²ngkÇ	credit card
è´§å¸	huÃ²bÃ¬	currency
æ”¯ç¥¨	zhÄ«piÃ o	check
å‘ç¥¨	fÄpiÃ o	receipt (formal)
æ”¶æ®	shÅujÃ¹	receipt (casual)
æ”¶	shÅu	to accept; to receive (money)
æ¬§ç›Ÿ	ÅumÃ©ng	E.U.
æ¬§å…ƒ	ÅuyuÃ¡n	Euro
å› ä¸º	yÄ«nwÃ¨i	because
æ‰€ä»¥	suÇ’yÇ	therefore
ä»–å·²ç»ä»˜é’±äº†ã€‚	tÄ yÇjÄ«ng fÃ¹qiÃ¡n le ã€‚	He has already paid.
å…¬å…±æ±½è½¦	gÅnggÃ²ngqÃ¬chÄ“	bus
æ•™è‚²	jiÃ oyÃ¹	education
å®¶åº­æ•™è‚²	jiÄtÃ­ngjiÃ oyÃ¹	parenting
ä¸¥æ ¼	yÃ¡ngÃ©	strict
æ”¾å¼ƒ	fÃ ngqÃ¬	to give up
äº†è§£	liÇojiÄ›	to understand (generally)
ç†è§£	lÇjiÄ›	to understand (reasons/rationale) deeply
é¼“åŠ±	gÇ”lÃ¬	to support
ç¯å¢ƒ	huÃ¡njÃ¬ng	environment
ä¸­æ€§	zhÅngxÃ¬ng	neutral
å¾ˆä¼šè¿‡æ—¥å­	hÄ›nhuÃ¬ guÃ²rÃ¬zi	knows how to spend their days
å¥–åŠ±	jiÇnglÃ¬	treat / to treat / reward / encourage
å®¶å®¶æˆ·æˆ·	jiÄjiÄhÃ¹hÃ¹	each and every family
é€šç”µ	tÅngdiÃ n	to power up
æŒ‘æ°´	tiÄoshuÇ	to carry water (e.g. from a well)
å†é‚£å—å„¿	zÃ i nÃ  kuÃ ir	over there
å®¶åº­	jiÄtÃ­ng	family
å¯Œè£•	fÃ¹yÃ¹	rich
å¯Œäºº	fÃ¹rÃ©n	rich/wealthy person
ä¸€åˆ‡	yÃ­qiÃ¨	everything
é”™è¿‡	cuÃ²guÃ²	to miss out on
çœŸæ­£	zhÄ“nzhÃ¨ng	real
è¿‡æ—¥å­	guÃ²rÃ¬zi	to live (daily life)
ä½è°ƒ	dÄ«diÃ o	low profile
é«˜è°ƒ	gÄodiÃ o	high profile
åé™¢	hÃ²uyuÃ n	backyard
åº­é™¢	tÃ­ngyuÃ n	courtyard
å¸æœº	sÄ«jÄ«	driver
å­¤ç‹¬	gÅ«dÃº	lonely
å®¶åŠ¡	jiÄwÃ¹	housework
æ¯ä¸ªäººéƒ½æ˜¯ä¸€ä¸ªå­¤ç‹¬çš„å²›	mÄ›ige rÃ©n dÅu shÃ¬ yÄ«gÃ¨ gÅ«dÃº de dÇo	everyone is lonely (a lonely island)
èœå¸‚åœº	cÃ ishÃ¬chÇng	farmer's market
å¿åŸ	xiÃ nchÃ©ng	town
æ”¿ç­–	zhÃ¨ngcÃ¨	policy
ç«‹æ³•	lÃ¬fÇ	legislation
çœ‹æ³•	kÃ nfÇ	opinion
é€€ä¼‘	tuÃ¬xiÅ«	to retire
æ°”æ°›	qÃ¬fÄ“n	atmosphere
å‹å¥½	yÇ’uhÇo	friendly
ç”Ÿå­˜	shÄ“ngcÃºn	to survive
ç”Ÿæ´»ä¹ æƒ¯	shÄ“nghuÃ³xÃ­guÃ n	living habits
åŸºæœ¬ä¸Š	jÄ«bÄ›nshang	basically
è§‚å…‰	guÄnguÄng	sightseeing
ç»æµ	jÄ«ngjÃ¬	economy
å‘è¾¾	fÄdÃ¡	developed
è‡ªæ²»å¿	zÃ¬zhÃ¬xiÃ n	autonomous region
å½“åœ°	dÄngdÃ¬	local (å¦å¤–çš„åœ°æ–¹ï¼‰ (lit. that place)
æœ¬åœ°	bÄ›ndÃ¬	local (è¿™ä¸ªåœ°æ–¹ï¼‰ (lit. this place)
å…¬åŠ¡å‘˜	gÅngwÃ¹yuÃ¡n	civil servant
æ”¿åºœå¹²éƒ¨	zhÃ¨ngfÇ” gÃ nbÃ¹	government officer
å¸¦å¤´	dÃ itÃ³u	to take the lead
è¥é€ 	yÃ­ngzÃ o	to create (an atmosphere)
æ–¹å¼	fÄngshÃ¬	way
å” å—‘	lÃ okÄ“	to chat ï¼ˆä¸œåŒ—ï¼‰
ç™¾åˆ†ä¹‹	bÇifÄ“nzhÄ«	percent
é²œèŠ±	xiÄnhuÄ	fresh flowers
å–‚	wÃ¨i	to feed
æ—…æ¸¸	lÇšyÃ³u	travel
æ¬¢è¿	huÄnyÃ­ng	welcome
éæ´²	fÄ“izhÅu	Africa
åŒ—ç¾æ´²	bÄ›imÄ›izhÅu	North America
å—ç¾æ´²	nÃ¡nmÄ›izhÅu	South America
å¤§æ´‹æ´²	dÃ yÃ¡ngzhÅu	Oceania
å—ææ´²	nÃ¡njÃ­zhÅu	Antarctica
æ¾³å¤§åˆ©äºš	Ã odÃ lÃ¬yÃ 	Australia
æ¾³æ´²	Ã ozhÅu	(also?) Australia
å¯¹ã€‚ã€‚ã€‚å¤±æœ›	duÃ¬ ã€‚ ã€‚ ã€‚ shÄ«wÃ ng	to be disappointed in
å¯¹ã€‚ã€‚ã€‚æ»¡æ„	duÃ¬ ã€‚ ã€‚ ã€‚ mÇnyÃ¬	to be satisfied with
å¯¹ã€‚ã€‚ã€‚æ„Ÿåˆ°å¾ˆå¼€å¿ƒ	duÃ¬ ã€‚ ã€‚ ã€‚ gÇndÃ o hÄ›n kÄixÄ«n	to feel happy about
å¯¹ã€‚ã€‚ã€‚æœ‰å¸®åŠ©/æ²¡å¸®åŠ©	duÃ¬ ã€‚ ã€‚ ã€‚ yÇ’u bÄngzhÃ¹ / mÃ©i bÄngzhÃ¹	helpful/not helpful for
å¯¹ã€‚ã€‚ã€‚æœ‰å½±å“/æœ‰å¥½çš„å½±å“	duÃ¬ ã€‚ ã€‚ ã€‚ yÇ’u yÇngxiÇng / yÇ’u hÇo de yÇngxiÇng	have a good effect on (smth)
è¯åº—	yÃ odiÃ n	pharmacy
è¯æ±‡	cÃ­huÃ¬	vocabulary
è¯æ±‡è¡¨	cÃ­huÃ¬biÇo	glossary
æ³¢å£«é¡¿	bÅshÃ¬dÃ¹n	Boston
çˆ±å°”å…°	Ã iÄ›rlÃ¡n	Ireland
å¯’å‡	hÃ¡njiÃ 	winter vacation
æš‘å‡	shÇ”jiÃ 	summer vacation
æ˜¥å¤©	chÅ«ntiÄn	spring
ç§‹å¤©	qiÅ«tiÄn	autumn
å†¬å¤©	dÅngtiÄn	winter
ä¸€ç›´å¾€å‰èµ°	yÄ«zhÃ­ wÇngqiÃ¡nzÇ’u	keep going straight
å½•éŸ³	lÃ¹yÄ«n	recording
å¤¸å¼ 	kuÄzhÄng	to exaggerate
èœ»èœ“	qÄ«ngtÃ­ng	dragonfly
é“¾æ¥	liÃ njiÄ“	link (as in for a website)
è™½ç„¶	suÄ«rÃ¡n	although
ä½ å‘€	nÇ ya	(colloquial, used to express dissatisfaction with the person being addressed)
æ‰‹ç—’ç—’	shÇ’u yÇngyang	(literally hands itch) eager to do smth
ç©¿ä¸å‡ºå»	chuÄn bÃ¹ chÅ«qÃ¹	(colloquial, used to talk about clothes you wouldn't want to wear outside)
å“ªå„¿ç©¿å¾—(?)å‡ºå»å‘€ï¼Ÿ	nÇr chuÄn dÃ© ( ? ) chÅ«qÃ¹ ya ï¼Ÿ	where would I wear it?
ä¼šè¢«åˆ«äººç¬‘è¯	huÃ¬ bÃ¨i biÃ©ren xiÃ ohuÃ 	would be laughed at by others
ä¹ æƒ¯ç”¨è¯­	xÃ­guÃ nyÃ²ngyÇ”	idioms (colloquialisms)
æˆè¯­	chÃ©ngyÇ”	idioms (proverbs)
åŠæ³•	bÃ nfÇ	solution
æ–¹æ³•	fÄngfÇ	method
ä½œå®¶	zuÃ²jiÄ	writer
å„ç§	gÃ¨zhÇ’ng	all types of smth
äº’ç›¸	hÃ¹xiÄng	each other / mutually
æˆ‘ä»¬è¦äº’ç›¸å­¦ä¹ ï¼Œäº’ç›¸å¸®åŠ©ã€‚	wÇ’men yÃ o hÃ¹xiÄngxuÃ©xÃ­ ï¼Œ hÃ¹xiÄngbÄngzhÃ¹ ã€‚	We need to learn from each other and help each other.
é‚®å·®	yÃ³uchÄi	mailman
åœ¨å½“åœ°æ—¶é—´	zÃ i dÄngdÃ¬ shÃ­jiÄn	(in) local time
çºªå½•ç‰‡	jÃ¬lÃ¹piÄn	documentary
çœ	shÄ›ng	province
èƒƒ	wÃ¨i	stomach
çƒ¤	kÇo	bake/ roast
ä¸­ç¾æ´²	zhÅngmÄ›izhÅu	Central America
æ–‡åŒ–å†²çª	wÃ©nhuÃ chÅngtÅ«	cultural conflict
æŠ¢å·¥ä½œ	qiÇng gÅngzuÃ²	steal jobs
æ–‡ç« 	wÃ©nzhÄng	article
æ–°é²œ	xÄ«nxiÄn	fresh
èµŒåš	dÇ”bÃ³	gamble
èµŒåœº	dÇ”chÇng	casino
æ·±åˆ»	shÄ“nkÃ¨	profound
è®©æˆ‘å°è±¡æ·±åˆ»	rÃ ng wÇ’ yÃ¬nxiÃ ng shÄ“nkÃ¨	gave me a profound impression
ç¾¤ä½“	qÃºntÇ	group
ç‰¹å¾	tÃ¨zhÄ“ng	characteristic
æ´›æ‰çŸ¶	luÃ²shÄnjÄ«	Los Angeles
å¥½å®¢	hÃ okÃ¨	hospitable
æ¸¸å®¢	yÃ³ukÃ¨	tourists
äººæƒ…ç¾	rÃ©nqÃ­ng mÄ›i	beauty of humanity
å†·æ¼ 	lÄ›ngmÃ²	indifferent
æ¥å¾…å®¢äºº	jiÄ“dÃ ikÃ¨rÃ©n	receive guests
æ”¾çƒŸèŠ±	fÃ ng yÄnhuÄ	set off fireworks
æœ€åä¸€ç§’	zuÃ¬hÃ²u yÄ«miÇo	the last second
ç†™ç†™æ”˜æ”˜	xÄ«xÄ«rÇngrÇng	bustling
æ—…æ¸¸åŒº	lÇšyÃ³uqÅ«	travel destination/tourist area
æ‹¥æŒ¤	yÅngjÇ	crowded
å¥‡è§‚	qÃ­guÄn	wonders
åŸƒåŠ	ÄijÃ­	Egypt
æ–‡åŒ–åŒ…å®¹	wÃ©nhuÃ  bÄorÃ³ng	cultural inclusiveness
è€æ€»	lÇozÇ’ng	Boss
æ—©ç‚¹	zÇodiÇn	Early
ç™½å¤§è¤‚	bÃ¡idÃ guÃ 	doctor's white coat
åŠç“¶	diÃ opÃ­ng	IV fluid bottle
å°æŸ´èƒ¡	xiÇochÃ¡ihÃº	medicine for fever
ç«ç›†	huÇ’pÃ©n	brazier (barbecue?)
è“¬èœç”Ÿè¾‰	pÃ©ngbÃ¬shÄ“nghuÄ«	honored with your visit
å…ˆå¹²ä¸ºæ•¬	xiÄngÄn wÃ©i jÃ¬ng	may I propose a toast
è¿‡èŠ‚	guÃ²jiÃ©	to celebrate festival/holiday
å‘¨å›´	zhÅuwÃ©i	around
å¤§å±±æ·±å¤„	dÃ shÄnshÄ“nchÃ¹	deep in the mountains
æ±‰æ—	hÃ nzÃº	han ethnic group
å°‘æ•°æ°‘æ—	shÇoshÃ¹mÃ­nzÃº	minority (china)
å°‘æ•°æ—è£”	shÇoshÃ¹ zÃºyÃ¬	minority (USA)
åè£”	huÃ¡yÃ¬	oversea chinese
è—æ—	zÃ ng zÃº	Tibetan
ä¿¡ä»°	xÃ¬nyÇng	Belief
ä½›æ•™	fÃ³jiÃ o	Buddhism
è´­ç‰©	gÃ²uwÃ¹	Shopping
è¶³å¤Ÿ	zÃºgÃ²u	enough
æé«˜	tÃ­gÄo	improve
ç”Ÿæ´»è´¨é‡	shÄ“nghuÃ³ zhÃ¬liÃ ng	Quality of Life
æé«˜æ±‰è¯­æ°´å¹³	tÃ­gÄo hÃ nyÇ” shuÇpÃ­ng	Improve the level of Chinese
æé«˜è¯´è¯èƒ½åŠ›	tÃ­gÄo shuÅhuÃ  nÃ©nglÃ¬	Improving the ability to speak
æ”¹å–„ç”Ÿæ´»ä¹ æƒ¯	gÇishÃ nshÄ“nghuÃ³ xÃ­guÃ n	Improve living habits
æ”¹è‰¯ä¸€ä¸ªäº§å“	gÇiliÃ¡ng yÄ«gÃ¨ chÇnpÇn	Improve a product
å±±è„š	shÄnjiÇo	mountain base
å±±è…°	shÄnyÄo	mountain side
å±±é¡¶	shÄndÇng	mountain peak
å†›äº‹åŸºåœ°	jÅ«nshÃ¬jÄ«dÃ¬	Military base
æ¨è¿Ÿ	tuÄ«chÃ­	put off
æ¨å¸è´£ä»»	tuÄ«xiÃ¨zÃ©rÃ¨n	shrug off responsibilities
æƒ…ç»ªåŒ–	qÃ­ngxÃ¹huÃ 	Emotional
ä¸€ä¸ªæ¹–	yÄ«gÃ¨ hÃº	A lake
ä¸€å¹´å››å­£	yÄ«niÃ¡nsÃ¬jÃ¬	all year around
å­—ä½“	zÃ¬tÇ	Font
é›ç‹—	liÃ¹gÇ’u	walk the dog
å…½åŒ»	shÃ²u yÄ«	veterinary
é£é“ƒ	fÄ“nglÃ­ng	Wind chime
é—¹é’Ÿ	nÃ ozhÅng	Alarm clock
æ—¥ç¨‹	rÃ¬chÃ©ng	schedule
åŒä¹‰è¯	tÃ³ngyÃ¬cÃ­	Synonym
å¯ºåº™	sÃ¬miÃ o	temple
æ•™å ‚	jiÃ otÃ¡ng	church
æ¸…çœŸå¯º	qÄ«ngzhÄ“nsÃ¬	mosque
çŠ¹å¤ªä¼šå ‚	yÃ³utÃ i huÃ¬tÃ¡ng	synagogue
å¸Œæœ›çš„ç¯å¡”	xÄ«wÃ ng de dÄ“ngtÇ	a beacon of hope
æ˜æ˜¾	mÃ­ngxiÇn	obvious
äº¤å‰	jiÄochÄ	intersect
ä¸»æµæ–‡åŒ–	zhÇ”liÃº wÃ©nhuÃ 	Mainstream culture
é¢˜ç›®	tÃ­mÃ¹	topic
ä¸»è¦	zhÇ”yÃ o	main
ç”Ÿæ´»æ–¹å¼	shÄ“nghuÃ³ fÄngshÃ¬	lifestyle
å®¶ä¹¡	jiÄxiÄng	hometown
èŠ¹èœ	qÃ­ncÃ i	celery
è¿›å–	jÃ¬nqÇ”	proactive
å¤šå…ƒ	duÅyuÃ¡n	Diverse
å†œç”°	nÃ³ngtiÃ¡n	farmland
äºšæ´²äºº	yÃ zhÅu rÃ©n	Asian
åŒ…å®¹	bÄorÃ³ng	tolerance/ inclusiveness
è’™å¤æ—	mÄ›nggÇ”zÃº	Mongolian
å°åº¦äºº	yÃ¬ndÃ¹rÃ©n	Indian
å¥½å¤„	hÇochu	benefit
å¥½å	hÇohuÃ i	Good or bad
åå¤„	huÃ ichu	harm
æ€æƒ³å¼€æ”¾	sÄ«xiÇngkÄifÃ ng	Open-minded
å…³å¿ƒ	guÄnxÄ«n	care
æ§åˆ¶	kÃ²ngzhÃ¬	control
æ‚²å‰§	bÄ“ijÃ¹	tragedy
ç¤¾ä¼šé—®é¢˜	shÃ¨huÃ¬ wÃ¨ntÃ­	Social Issues
ä¸–ç•Œ	shÃ¬jiÃ¨	world
å…¨çƒå˜æš–	quÃ¡nqiÃº biÃ nnuÇn	global warming
å…¸å‹	diÇnxÃ­ng	typical
ç©†æ–¯æ—	mÃ¹sÄ«lÃ­n	Muslim
ç§æ—æ­§è§†	zhÇ’ngzÃºqÃ­shÃ¬	racism
å¼º	qiÃ¡ng	strong
åŸºç£å¾’	jÄ«dÅ«tÃº	Christian
æª	qiÄng	gun
æ‘åº„	cÅ«nzhuÄng	village
æ¨å¼€é—¨	tuÄ«kÄi mÃ©n	open the door
é›ªå±±	xuÄ›shÄn	Snow mountain
æ”¾ç‰›	fÃ ngniÃº	to herd
è‰åœ°	cÇodÃ¬	meadow
èµ›é©¬	sÃ imÇ	horse racing
ç¿»å±±è¶Šå²­	fÄnshÄnyuÃ¨lÇng	cross the mountains
è‰åŸ	cÇoyuÃ¡n	prairie
å†°å·	bÄ«ngchuÄn	glacier
ç™½å¡”	bÃ¡itÇ	White tower
åšå®¢	zuÃ²kÃ¨	Be a guest
éª‘ç€	qÃ­zhe	Ride
è‡ªç”±	zÃ¬yÃ³u	freedom
æ‰“å°	dÇyÃ¬n	Print
æ‰“å°æœº	dÇyÃ¬njÄ«	printer
æ‰“å°å‡ºæ¥	dÇyÃ¬n chÅ«lÃ¡i	print it out
å‡ºç°	chÅ«xiÃ n	Appear
ä»£è¡¨	dÃ ibiÇo	represent
æ°”å€™å˜åŒ–	qÃ¬hÃ²ubiÃ nhuÃ 	climate change
å…¨çƒæš–åŒ–	quÃ¡nqiÃº nuÇnhuÃ 	global warming
å¤©æ°”	tiÄnqÃ¬	weather
æ„Ÿå—	gÇnshÃ²u	to feel
è¡Œä¸º	xÃ­ngwÃ©i	Behavior
æ£®æ—	sÄ“nlÃ­n	forest
ç”µå­äº§å“	diÃ nzichÇnpÇn	electronic product
ç¾é£Ÿ	mÄ›ishÃ­	gourmet food
ç²¤èœ	yuÃ¨cÃ i	cantonese food
çˆ±å¥½	Ã ihÃ o	hobby
æ—¥é£Ÿ	rÃ¬shÃ­	solar eclipse
è¿‡é©¬è·¯	guÃ² mÇlÃ¹	cross the road
è°ƒå¤´	diÃ otou	take u turn
å“æˆ‘ä¸€è·³	xiÃ  wÇ’ yÄ« tiÃ o	scare me
å‰æ’	qiÃ¡npÃ¡i	front row
åæ’	hÃ²upÃ¡i	back row
å¸–å­	tiÄ›zi	post (social media)
å¯¹...å¥½å¥‡	duÃ¬ ... hÃ oqÃ­	curious about
å¥½å¥‡å¿ƒ	hÃ oqÃ­xÄ«n	curious
ç‰ˆæœ¬	bÇnbÄ›n	version
åŸç‰ˆ	yuÃ¡nbÇn	original version
é…éŸ³	pÃ¨iyÄ«n	dubbing
å­—å¹•	zÃ¬mÃ¹	subtitles
æœ‰è€å¿ƒ	yÇ’u nÃ ixÄ«n	patient (has patience)
é‡åˆ°	yÃ¹dÃ o	to meet
åè¯	mÃ­ngcÃ­	noun
ä¸­ä¸œ	zhÅngdÅng	Middle East
å”¯ç‹¬	wÃ©idÃº	the only
æˆ˜äº‰	zhÃ n zhÄ“ng	war
ä»¥è‰²åˆ—	yÇsÃ¨liÃ¨	Israel
å·´å‹’æ–¯å¦	bÄlÃ¨sÄ«tÇn	Palestine
å‡è£…	jiÇzhuÄng	to pretend
æ­£åé¢	zhÃ¨ng hÃ²umiÃ n	Behind (lit. central back)
ä¸€å®¶ä¸‰å£	yÄ«jiÄ sÄnkÇ’u	family of 3
ç‰Œå­	pÃ¡izi	brand
çœ¼å½±ç›˜	yÇnyÇng pÃ¡n	eye shadow palette
â€œåŒåä¸€â€	â€œ shuÄngshÃ­ yÄ« â€	Double 11 big sale
çœ¼å½±	yÇnyÇng	Eye shadow
æƒ…ä¾£	qÃ­nglÇš	Couple
å¤«å¦‡	fÅ«fÃ¹	married couple
ç§Ÿæˆ¿å­	zÅ«fÃ¡ngzi	Rent a house
ç…§é¡¾	zhÃ ogu	take care of
å¯æ€•	kÄ›pÃ 	scary/ horrible
æªå‡»æ¡ˆ	qiÄngjÄ«Ã n	Shooting
ç¥ˆç¥·	qÃ­dÇo	pray
æ³•å¾‹	fÇlÇœ	law
ç”µæ¢¯	diÃ ntÄ«	elevator
æ‰¶æ‰‹ç”µæ¢¯	fÃºshÇ’u diÃ ntÄ«	escalator
èœ˜è››	zhÄ«zhÅ«	spider
èŸ‘è‚	zhÄnglÃ¡ng	cockroach
å±•ç¤º	zhÇnshÃ¬	exhibit
åŒæ€§æ‹	tÃ³ngxÃ¬ngliÃ n	Homosexuality
æ€§å°‘æ•°ç¾¤ä½“	xÃ¬ng shÇoshÃ¹ qÃºntÇ	LGBTQ+
è„±å£ç§€	tuÅkÇ’uxiÃ¹	stand up comedy
å±•ç¤ºæ‰å	zhÇnshÃ¬ cÃ¡ihuÃ¡	exhibit one's talent
å±•ç¤ºèƒ½åŠ›	zhÇnshÃ¬ nÃ©nglÃ¬	Display ability
ç‚«è€€	xuÃ nyÃ o	show off
æç¬‘	gÇoxiÃ o	funny
å‡ ä¸ªæ˜ŸæœŸå‰	jÇge xÄ«ngqÄ« qiÃ¡n	few weeks ago
å‰§é€	jÃ¹tÃ²u	spoiler/ to spoil a show for sb
ç¨å¾®ç­‰ä¸€ä¸‹	shÄowÄ“i dÄ›ng yÄ«xiÃ 	Wait a little bit
ç¨å¾®æœ‰ç‚¹å„¿å†·	shÄowÄ“i yÇ’udiÇnr lÄ›ng	A little cold
å†…å‘	nÃ¨ixiÃ ng	Introverted
é€‰æ‹©	xuÇnzÃ©	option/ choice
ææ··	gÇohÃ¹n	get confused between
ä¼¸æ‡’è…°	shÄ“nlÇnyÄo	stretch your back
æ‹‰ä¼¸	lÄshÄ“n	Stretch
ç‘œä¼½	yÃºjiÄ	Yoga
æ™®æ‹‰æ	pÇ”lÄtÃ­	Pilate
è„ŠæŸ±	jÇzhÃ¹	spine
å¤„ç†ä¸€äº›äº‹æƒ…	chÇ”lÇ yÄ«xiÄ“ shÃ¬qing	Deal with something
å¯¹ä»˜ä¸€ä¸ªäºº	duÃ¬fu yÄ«gÃ¨ rÃ©n	Deal with a person
å¥½çš„å…³ç³»	hÇo de guÄnxi	Good relationship
ç§˜å¯†æ­¦å™¨	mÃ¬mÃ¬wÇ”qÃ¬	Secret weapon
æ”¾å¤§æ‹›	fÃ ngdÃ  zhÄo	bring out the big guns
ç”»å®¶	huÃ jiÄ	painter
ç»å¯¹	juÃ©duÃ¬	
ç¢°è§	pÃ¨ngjiÃ n	to bump into
çˆ†ç‚¸	bÃ ozhÃ 	to explode
è®©äººåˆ†å¿ƒ	rÃ ng rÃ©n fÄ“nxÄ«n	distracting
ç‚¹å¿ƒ	diÇnxin	dim sum
èŠ‚ç›®	jiÃ©mÃ¹	programme
æ…°å®‰å¦‡	wÃ¨iÄnfÃ¹	comfort woman (Chinese military concubines for Japanese soliders during WWII)
ä¾µç•¥	qÄ«nlÃ¼Ã¨	invade
å¼€ä¼š	kÄihuÃ¬	to have a meeting
ä¼šè®®	huÃ¬yÃ¬	a meeting
å‚åŠ 	cÄnjiÄ	attend/ participate
æœ‰è¶£	yÇ’uqÃ¹	interesting
è¦æ±‚	yÄoqiÃº	requirement
åˆ†æ‹…	fÄ“ndÄn	share (responsibilities/ pain/ etc.)
å‚åŠ æ´»åŠ¨	cÄnjiÄ huÃ³dÃ²ng	attend events
ä¸¾æ‰‹	jÇ”shÇ’u	raise a hand
è®¤åŒ	rÃ¨ntÃ³ng	agree with
æœ€ä½å·¥èµ„	zuÃ¬dÄ«gÅngzÄ«	minimum wage
æ­§è§†	qÃ­shÃ¬	discriminate
ç›´ç”·	zhÃ­ nÃ¡n	Straight male
å¥–å­¦é‡‘	jiÇngxuÃ©jÄ«n	scholarship
å¼¥è¡¥	mÃ­bÇ”	reparation
ç™¾åˆ†æ¯”	bÇifÄ“nbÇ	percentage
ä¸¥è‚ƒ	yÃ¡nsÃ¹	serious
å…³äº	guÄnyÃº	about
ä¸€èˆ¬å°±è¯´	yÄ«bÄn jiÃ¹ shuÅ	Generally speaking
è¾…å¯¼	fÇ”dÇo	Counsel
å…¬å¹³	gÅngpÃ­ng	fair
ä¸Šç«	shÃ nghuÇ’	to get angry/to have internal heat (face swelling?)
å¥–	jiÇng	prize
å……ç”µå®	chÅngdiÃ n bÇo	powerbank
æ’å¤´ğŸ”Œ	chÄtÃ³u ğŸ”Œ	charger
æ’åº§	chÄzuÃ²	socket
å……ç”µ	chÅngdiÃ n	to charge
ä»ªå¼	yÃ­shÃ¬	ritual
ç”Ÿæ´»è¦æœ‰ä»ªå¼æ„Ÿ	shÄ“nghuÃ³ yÃ o yÇ’u yÃ­shÃ¬ gÇn	Life must have a sense of ritual
è™šå‡	xÅ«jiÇ	fake
èµç¾	zÃ nmÄ›i	praise
ä¸¢åƒåœ¾	diÅ« lÄjÄ«	to take out the trash/ to litter
èœ˜è››ç½‘	zhÄ«zhÅ«wÇng	Spider web
æ„ŸåŠ¨	gÇndÃ²ng	moved/ touched
å¡é€šç‰‡	kÇtÅngpiÃ n	cartoon
å½“...çš„æ—¶å€™	dÄng ... de shÃ­hou	when
è¡Œæç®±	xÃ­nglixiÄng	suitcase
è¿›æ­¥	jÃ¬nbÃ¹	progress/ make a progress
é€€æ­¥	tuÃ¬bÃ¹	regress/ become worse
é‡è§†	zhÃ²ngshÃ¬	to value/ think highly of/ take seriously
è¡Œä¸š	hÃ¡ngyÃ¨	industry
åˆ›ä¸š	chuÃ ngyÃ¨	to start a business/ entrepreneurship
å…¬å¸	gÅngsÄ«	company
æ®‹é…·	cÃ¡nkÃ¹	cruel
é€ å¥	zÃ ojÃ¹	make a sentence
ç‰›	niÃº	awesome
æ•ˆæœ	xiÃ oguÇ’	Effect
æœ‰æ•ˆæœ	yÇ’u xiÃ oguÇ’	effective
æ²¡æ•ˆæœ	mÃ©i xiÃ oguÇ’	no effect
ç¡®å®	quÃ¨shÃ­	really
æŠŠ...æ”¾è¿›å»	bÇ ... fÃ ngjÃ¬nqÃ¹	put (smth) away
æ”¶èµ·æ¥	shÅu qÇlai	to put away
æ˜æ˜	mÃ­ngmÃ­ng	Clearly
æŠŠ...æ‹¿å‡ºæ¥	bÇ ... nÃ¡ chÅ«lÃ¡i	take (smth) out
å½“æ—¶	dÃ ngshÃ­	then
ç²—é²	cÅ«lÇ”	Rude
èˆè¹ˆå®¶	wÇ”dÇojiÄ	dancer
å…³é”®	guÄnjiÃ n	essential
æ•¢	gÇn	dare to, confident about doing smth
ä¸€æ—¦	yÄ«dÃ n	once (... consequence)
ä¸€æ ‹æˆ¿å­	yÄ«dÃ²ng fÃ¡ngzi	a house
ä¸€å¥—æˆ¿å­	yÄ«tÃ o fÃ¡ngzi	an apartment
ç¤¾äº¤å°´å°¬ç—‡	shÃ¨jiÄo gÄngÃ  zhÃ¨ng	socially awkward
é«˜å†·	gÄolÄ›ng	arrogant
è®©æˆ‘å¥½å°´å°¬	rÃ ng wÇ’ hÇo gÄngÃ 	It's embarrassing/ awkward
ç¾æ„§	xiÅ«kuÃ¬	embarrassed
é¢§éª¨	quÃ¡ngÇ”	Cheekbones
å®¡ç¾	shÄ›nmÄ›i	Aesthetic
å¯¹ç§°	duÃ¬chÃ¨n	symmetry
å®‰æ…°	ÄnwÃ¨i	comfort
åå°”è¡—	huÃ¡Ä›rjiÄ“	Wall Street
è¯šå®	chÃ©ngshÃ­	honest
è€å®	lÇoshÃ­	honest/ reliable/ a bit stupid
ç¤¾åŒº	shÃ¨qÅ«	Community
åäºº	huÃ¡rÃ©n	oversea chinese
åµæ¶	chÇojiÃ 	argue
æ‰“æ‹›å‘¼	dÇzhÄohu	greet
è§„åˆ™	guÄ«zÃ©	rule
è°ˆè¯	tÃ¡nhuÃ 	conversation
å¤–è²Œ	wÃ imÃ o	appearance
æ¸¸æ³³è¿åŠ¨å‘˜	yÃ³uyÇ’ng yÃ¹ndÃ²ngyuÃ¡n	swimmer
å¼ºå¥¸	qiÃ¡ngjiÄn	rape
å¼ºå¥¸çŠ¯	qiÃ¡ngjiÄnfÃ n	Rape
æ³•å®˜	fÇguÄn	the Judge
åˆ¤	pÃ n	to convict
åç‰¢	zuÃ²lÃ¡o	go to prison
æ”¿åºœå®˜å‘˜	zhÃ¨ngfÇ” guÄnyuÃ¡n	government officer
æƒåŠ›	quÃ¡nlÃ¬	power
ä¼ªè£…	wÄ›izhuÄng	disguise/ camouflage
æ‰“æ‰®ï¼ˆæˆï¼‰	dÇbÃ n ï¼ˆ chÃ©ng ï¼‰	dress up (as)
ä¸‡åœ£èŠ‚	wÃ nshÃ¨ngjiÃ©	Halloween
å¸è¡€é¬¼	xÄ«xuÃ¨guÇ	vampire
å®šä¹‰	dÃ¬ngyÃ¬	definition
æ¯”æ–¹è¯´	bÇfangshuÅ	for example
é«˜é¢§éª¨	gÄoquÃ¡ngÇ”	high cheekbones
æ‰“æ‰® (æˆ)	dÇbÃ n   ( chÃ©ng )	dress up (as) (for Halloween)
å¥åº·	jiÃ nkÄng	health
å»º	jiÃ n	to build (a house)
å®¡ç¾æ ‡å‡†	shÄ›nmÄ›i biÄozhÇ”n	Aesthetic standards
æ®‹å¿	cÃ¡nrÄ›n	cruel
ç»¦è™«	tÄochÃ³ng	tapeworm
åµ	luÇn	egg
è›‹	dÃ n	egg (with a shell)
èº«ææ²¡æœ‰æ›²çº¿	shÄ“ncÃ¡i mÃ©iyÇ’u qÅ«xiÃ n	There is no curve
å†…åœ¨ç¾	nÃ¨izÃ imÄ›i	inner beauty
è‚¡ç¥¨	gÇ”piÃ o	stock
åˆ»è–„	kÃ¨bÃ³	mean
è¯´å®è¯	shuÅshÃ­huÃ 	frankly speaking
å°–è„¸	jiÄnliÇn	sharp face
å–„è‰¯	shÃ nliÃ¡ng	kind-hearted
æœ‰å‡ºæ¯	yÇ’u chÅ«xi	promising
å’¬è‚Œ	yÇo jÄ«	masseter muscle
å¤¸	kuÄ	to praise
äººä¸å¯è²Œç›¸	rÃ©nbÃ¹kÄ›mÃ o xiÄng	don't judge a book by its cover
è™šä¼ª	xÅ«wÄ›i	hypocritical
æ‹†äºŒä»£	chÄi Ã¨rdÃ i	the second generation of people who gain from House Removal System
å¼ ä¸ªå„¿	zhÄng gÃ¨r	to grow taller
ç²—	cÅ«	thick
ç»†	xÃ¬	thin
å¤–åœ¨	wÃ i zÃ i	appearance (in contrast with inner beauty)
æ‹†å“ªå„¿	chÄi nÇr	joke about House Removal System ("China")
å¯ŒäºŒä»£	fÃ¹ Ã¨rdÃ i	children of rich people/rich second generation
å•ä½	dÄnwÃ¨i	unit (e.g. of apartment)
æ‘é‡Œ	cÅ«nlÇ	Village
å†…åœ¨(ç¾)	nÃ¨izÃ i ( mÄ›i )	inner beauty)
çæ‰¯	xiÄchÄ›	bullshit (ä¸œåŒ—å£è¯­)
çè¯´	xiÄshuÅ	Talk nonsense
è¯é¢˜	huÃ tÃ­	topic
åœŸè±ª	tÇ”hÃ¡o	rich people (used jokingly among friends)
è®¾è®¡	shÃ¨jÃ¬	design
ä½ å¤ªè¿‡åˆ†äº†	nÇ tÃ iguÃ²fÄ“n le	you're going too far
è¿‡åˆ†äº†	guÃ²fÃ¨n le	to go too far
è¿™ä¹ˆè¯´å¤ªè¿‡åˆ†äº†	zhÃ¨me shuÅ tÃ iguÃ²fÄ“n le	That said so too much
è‚¡ç¥¨è·Œäº†	gÇ”piÃ o diÄ“ le	the stock fell
ç›¸å	xiÄngfÇn	on the contrary
æ‰¹è¯„	pÄ«pÃ­ng	criticism
ç›´æ¥	zhÃ­jiÄ“	directly
èµ„æº	zÄ«yuÃ¡n	resource
ä»˜æ°´ç”µè´¹	fÃ¹ shuÇdiÃ nfÃ¨i	Pay water and electricity fee
è´ªå¿ƒ	tÄnxÄ«n	greedy
äººæ‰‹ä¸è¶³	rÃ©nshÇ’ubÃ¹zÃº	Lack of manpower
ä¸è¶³	bÃ¹zÃº	insufficient/ downside
æµè¡Œ	liÃºxÃ­ng	trendy/ popular
å¥¢ä¾ˆå“	shÄ“chÇpÇn	Luxury
æŠ„è¢­	chÄoxÃ­	Plagiarize
ç¼–å‰§	biÄnjÃ¹	screenwriter
è‘—å	zhÃ¹mÃ­ng	renowned
æ—¥å¸¸ç”Ÿæ´»	rÃ¬chÃ¡ngshÄ“nghuÃ³	Daily life
ä»£æ›¿	dÃ itÃ¬	replace
ä»£ç¬”	dÃ ibÇ	to ghost write
ä»£è´­	dÃ igÃ²u	help others buy things  (some people get paid by doing so)
å¯„	jÃ¬	to mail
è°ˆæ‹çˆ±	tÃ¡nliÃ nÃ i	fall in love
ç¼ºç‚¹	quÄ“diÇn	shortcoming
ä¸€å°æ‰‹æœº	yÄ«tÃ¡i shÇ’ujÄ«	One phone
æ¯›æ¯¯	mÃ¡otÇn	Blanket
è½¯	ruÇn	soft
æ–™å­	liÃ ozi	material (for clothes)
å–è‰º	mÃ iyÃ¬	to busk
å¯¹â€¦æ•æ„Ÿ	duÃ¬  mÇngÇn	sensitive to
æƒ…ç»ª	qÃ­ngxÃ¹	mood
ç£¨ç ‚	mÃ³shÄ	Scrub
æ•æ„Ÿè¯é¢˜	mÇngÇnhuÃ tÃ­	sensitive topics
å·å¬	tÅutÄ«ng	Eavesdrop
æªæ‰‹	qiÄngshÇ’u	ghostwriter/ gunman
è®©ä½ é€€å­¦	rÃ ng nÇ tuÃ¬xuÃ©	Let you drop out
ç¬”å	bÇmÃ­ng	pen name
åšæ ‡è®°	zuÃ² biÄojÃ¬	to highlight/annotate
æ•²é—¨	qiÄomÃ©n	Knock on the door
æ•²å­—	qiÄozÃ¬	type words
æ‰‹è…•	shÇ’uwÃ n	wrist
ç¥ç»	shÃ©njÄ«ng	nerve
å •èƒ	duÃ²tÄi	Abortion
åˆæ³•	hÃ©fÇ	legal
å·	zhÅu	state
ç©ç¬‘å¼€å¤§äº†	wÃ¡nxiÃ o kÄidÃ  le	the joke went wrong/ too far
æµæµªè€…	liÃºlÃ ngzhÄ›	homeless
ç°è±¡	xiÃ nxiÃ ng	Phenomenon
æ²¡äººç®¡	mÃ©irÃ©nguÇn	nobody cares/ tackles it
è¯æ˜	zhÃ¨ngmÃ­ng	prove
é£æ ¼	fÄ“nggÃ©	style
å¥½è±å	hÇolÃ¡iwÃ¹	Hollywood
è¡¨æƒ…	biÇoqÃ­ng	expression
å¹³é™	pÃ­ngjÃ¬ng	calm
æ¥å—	jiÄ“shÃ²u	accept
ä»£ç 	dÃ imÇ	(computer) code
å¸æ¯’	xÄ«dÃº	drug
è‘—åç¼–å‰§è°ˆæŠ„è¢­	zhÃ¹mÃ­ng biÄnjÃ¹ tÃ¡n chÄoxÃ­	Famous screenwriter talks about plagiarism
åœ¨ä½ ä»¬è¡Œä¸šä¸­	zÃ i nÇmen hÃ¡ngyÃ¨ zhÅng	In your industry
ä»£	dÃ i	to replace
ä»¥...ä¸ºç”Ÿ	yÇ ... wÃ©ishÄ“ng	for a living
åœ¨ä»–æˆåå‰ï¼Œä»–æ›¾ä»¥å–è‰ºä¸ºç”Ÿ	zÃ i tÄ chÃ©ngmÃ­ng qiÃ¡n ï¼Œ tÄ zÄ“ng yÇ mÃ iyÃ¬ wÃ©ishÄ“ng	Before he became famous, he made a living as a busker.
ä½ æ€ä¹ˆçœ‹ï¼Ÿ	nÇ zÄ›nme kÃ n ï¼Ÿ	What do you think?
ä½ è§‰å¾—å‘¢ï¼Ÿ	nÇ juÃ©de ne ï¼Ÿ	What do you think?
ä½ çš„çœ‹æ³•æ˜¯ä»€ä¹ˆï¼Ÿ	nÇ de kÃ nfÇ shÃ¬ shÃ©nme ï¼Ÿ	What is your opinion?
å¦ç„¶	tÇnrÃ¡n	calm
æ ‡ç‚¹ç¬¦å·	biÄodiÇnfÃºhÃ o	Punctuation
æ•²	qiÄo	knock on the door, or type
è§¦åŠ¨ç¥ç»	chÃ¹dÃ²ng shÃ©njÄ«ng	to strike a nerve
ä¹±è±¡	luÃ nxiÃ ng	Chaotic
ç‹¬ç‰¹	dÃºtÃ¨	unique
å…»è€é™¢	yÇnglÇoyuÃ n	Nursing home
æœ‹å‹åœˆ	pÃ©ngyouquÄn	Circle of friends
æ‰©å¤§ç¤¾äº¤åœˆ	kuÃ²dÃ  shÃ¨jiÄoquÄn	Expand the social circle
éŸ³ä¹åœˆ	yÄ«nyuÃ¨ quÄn	the Music â€œCommunityâ€
å¨±ä¹åœˆ	yÃºlÃ¨quÄn	entertainment industry
åœˆå†…äºº	quÄnnÃ¨irÃ©n	Insiders
åœˆå¤–äºº	quÄnwÃ irÃ©n	Outsider
æ—¶å°š	shÃ­shÃ ng	Fashion
æ±‚å©š	qiÃºhÅ«n	to propose
äº’ç›¸é—®é—®é¢˜	hÃ¹xiÄng wÃ¨n wÃ¨ntÃ­	ask each other questions
å‡ºè½¨	chÅ«guÇ	to cheat on one's partner
è¾“å…¥å¯†ç 	shÅ«rÃ¹ mÃ¬mÇ	enter password
æµåˆ©	liÃºlÃ¬	fluent
çº æ­£	jiÅ«zhÃ¨ng	to correct
å¯¹å¥¹è€è„¾æ°”	duÃ¬ tÄ shuÇpÃ­qÃ¬	give her attitudes
å‡ºå›½	chÅ«guÃ³	Go abroad
ç»™...ä¸¢è„¸	gÄ›i ... diÅ«liÇn	lose face
éšä¾¿æ‰”åƒåœ¾	suÃ­biÃ n rÄ“ng lÄjÄ«	to litter everything
è¯å¦†åº—	yÃ ozhuÄngdiÃ n	Drug store
é€‚åˆ	shÃ¬hÃ©	to suit
å…³æ³¨	guÄnzhÃ¹	to follow (an account)
å˜å¾—å¾ˆå¥å¿˜	biÃ nde hÄ›n jiÃ nwÃ ng	Become very forgetful
è®°å¿†åŠ›	jÃ¬yÃ¬lÃ¬	memory
ä¼¼æ›¾ç›¸è¯†	sÃ¬cÃ©ngxiÄngshÃ­	feels like it was seen before/ deja vu
æµªæ¼«çš„	lÃ ngmÃ n de	Romantic
ä¿çš®	qiÃ opi	Playful
çˆ±ç©	Ã iwÃ¡n	Play
ç»éªŒ	jÄ«ngyÃ n	experience
ä¿„ç½—æ–¯	Ã©luÃ³sÄ«	Russia
ä¹°æ–¹	mÇifÄng	buyer
å–æ–¹	mÃ ifÄng	Seller
çŒœæƒ³	cÄixiÇng	guess
æ‰å	cÃ¡ihuÃ¡	Talent
å…»æ´»	yÇnghuo	to feed someone
å†…å®¹	nÃ¨irÃ³ng	content
è¾“å‡º	shÅ«chÅ«	Output
è´ªé’±	tÄnqiÃ¡n	greedy
ä¸è¦è„¸	bÃ¹yÃ oliÇn	shameless
æœ‰å¸‚åœº	yÇ’u shÃ¬chÇng	popular (business)
è€ç™¾å§“	lÇobÇixÃ¬ng	Ordinary people
å¿˜æ€§å¾ˆå¤§	wÃ ngxÃ¬ng hÄ›ndÃ 	forgetful
å›ç­”	huÃ­dÃ¡	answer
é‡‡è®¿	cÇifÇng	Interview
æ‰‹æŒ‡	shÇ’uzhÇ	finger
ç”»ç”»	huÃ huÃ 	draw
ä¸€å¹…ç”»	yÄ«fÃº huÃ 	A painting
å†³å®š	juÃ©dÃ¬ng	Decide
å±±å¯¨å“	shÄnzhÃ i pÇn	fake goods
é«˜ç®¡	gÄoguÇn	executives (of a company)
ç»“æœ	jiÃ©guÇ’	result
åæœ	hÃ²uguÇ’	consequence
æ¬£èµ	xÄ«nshÇng	appreciate
å£éŸ³å¾ˆé‡	kÇ’uyin hÄ›n zhÃ²ng	The accent is very heavy
æœªæ¥çš„åå¹´	wÃ¨ilÃ¡i de shÃ­niÃ¡n	The next ten years
è¿‡æœŸ	guÃ²qÄ«	Expired
ç­¾è¯	qiÄnzhÃ¨ng	visa
è¶…è¿‡	chÄoguÃ²	over/ more than
æ£•è‰²	zÅngsÃ¨	brown
æ²™æ¼ 	shÄmÃ²	desert
åœ°æ ‡	dÃ¬biÄo	landmark
æ—¶ä»£å¹¿åœº	shÃ­dÃ iguÇngchÇng	Times Square
æ–°è¥¿å…°	xÄ«nxÄ«lÃ¡n	New Zealand
é‡‘é—¨å¤§æ¡¥	jÄ«nmÃ©ndÃ qiÃ¡o	Golden Gate Bridge
åœ¨ä¹	zÃ ihu	care
å‰§æœ¬	jÃ¹bÄ›n	script
ç¿»è¯‘	fÄnyÃ¬	translate
é¡¾å®¢	gÃ¹kÃ¨	customer
è½»æ¾	qÄ«ngsÅng	easy
å‡ºç§Ÿè½¦	chÅ«zÅ«chÄ“	taxi
æ€§æƒ…	xÃ¬ngqÃ­ng	temperament
çƒ­æƒ…	rÃ¨qÃ­ng	enthusiasm
è´¨é‡	zhÃ¬liÃ ng	quality
å‡ºå£	chÅ«kÇ’u	exit
å…¥å£	rÃ¹kÇ’u	Entrance
ç†¬å¤œ	Ã¡oyÃ¨	stay up
ç³–å°¿ç—…	tÃ¡ngniÃ obÃ¬ng	diabetes
é«˜è¡€å‹	gÄoxuÃ¨yÄ	high blood pressure
è°£è¨€	yÃ¡oyÃ¡n	rumor
ä¿—è¯­	sÃºyÇ”	saying
è’éƒŠ	huÄngjiÄo	wilderness
åæœå¾ˆä¸¥é‡	hÃ²uguÇ’ hÄ›n yÃ¡nzhÃ²ng	Very serious consequences
å±±è„‰	shÄnmÃ i	mountain range
å±±è„Š	shÄnjÇ	mountain ridge
é‡å¤–	yÄ›wÃ i	the wild
å¼€æ´¾å¯¹	kÄi pÃ iduÃ¬	have a party
ç²¾è‡´çš„ç”Ÿæ´»	jÄ«ngzhÃ¬ de shÄ“nghuÃ³	Exquisite life
ç²¾è‡´çš„æ™šé¤	jÄ«ngzhÃ¬ de wÇncÄn	Exquisite dinner
æ™®é€š	pÇ”tÅng	normal
ä½åœ¨Airbnb	zhÃ¹ zÃ i airbnb	stay at an airbnb
é›•åƒ	diÄoxiÃ ng	statue
ç¥æ®¿	shÃ©ndiÃ n	shrine
ç²¾è‡´	jÄ«ngzhÃ¬	Exquisite
åˆ«è‡´	biÃ©zhÃ¬	unconventionally beautiful
é±¼ç¼¸	yÃºgÄng	Fish tank
ç«è­¦	huÇ’jÇng	fire alarm
å“	xiÇng	to go off/ to ring
ä¹¡éƒŠé‡å¤–	xiÄng jiÄoyÄ› wÃ i	Countryside
é¢å›¢	miÃ ntuÃ¡n	Dough
æ‰é¢å›¢	rÃ³u miÃ ntuÃ¡n	Knead dough
å«å­	diÃ nzi	mat
æš–å’Œ	nuÇnhuo	warm
æµ´è¢	yÃ¹pÃ¡o	Bathrobe
è½åœ°çª—	luÃ²dÃ¬chuÄng	Floor -to -ceiling window
çª—å¸˜	chuÄngliÃ¡n	curtain
éšç§	yÇnsÄ«	privacy
åå¡Œ	tÄntÄ	Collapse
å¶åƒ	Ç’uxiÃ ng	Idol
æˆ‘çš„å¶åƒå¡Œæˆ¿äº†	wÇ’ de Ç’uxiÃ ng tÄfÃ¡ng le	my idol's image is completely destroyed
ä¿æŠ¤	bÇohÃ¹	Protect
å¯¹...è®²ç©¶	duÃ¬ ... jiÇngjiu	pay close attention to/ have high standards for sth
å¥‡ç‰¹	qÃ­tÃ¨	unique (strange)
æåˆ°	tÃ­dÃ o	Mention
ç…¤æ°”	mÃ©iqÃ¬	(coal) gas
å¤§é™†	dÃ lÃ¹	mainland (China)
ç±è´¯	jÃ­guÃ n	registered birthplace, one's native place, place of ancestry
å£å‘³	kÇ’uwÃ¨i	taste
æ—¥å‰§	rÃ¬jÃ¹	Japanese drama
å¢“ç¢‘	mÃ¹bÄ“i	tombstone
æ£ºæ	guÄncai	coffin
å¡è½¦	kÇchÄ“	truck
æ‘å­	cÅ«nzi	Village
ç‰¹è‰²	tÃ¨sÃ¨	feature (of smth)
å­˜åœ¨	cÃºnzÃ i	exist
å •è½	duÃ²luÃ²	fallen?
å •è½å¤©ä½¿	duÃ²luÃ² tiÄnshÇ	Fallen angel
å®‰èº«ç«‹å‘½	ÄnshÄ“nlÃ¬mÃ¬ng	settle down
æ‰“å·¥	dÇgÅng	work to earn a living
ä¸‰æ–‡é±¼	sÄnwÃ©nyÃº	salmon
æ¬§ç¾	ÅumÄ›i	European and American
ä¸¹éº¦	dÄnmÃ i	Denmark
å®ˆæ—§	shÇ’ujiÃ¹	conservative
ä¼ ç»Ÿ	chuÃ¡ntÇ’ng	Tradition
è’å‡‰	huÄngliÃ¡ng	desolate
çŸ¥è¯†	zhÄ«shi	Knowledge
æ¸¸ä¹å›­	yÃ³ulÃ¨yuÃ¡n	amusement park
å½±å“	yÇngxiÇng	influence, effect, to influence, to affect (usually adversely), to disturb
é‡äºº	yÄ›rÃ©n	savage (pejorative, don't use)
é‡å…½	yÄ›shÃ²u	wild beast
é¦–é¥°	shÇ’ushÃ¬	jewelry
æ´—æ‰‹æ¶²	xÇshÇ’uyÃ¨	handwashing fluid
ç«ç‘°èŠ±	mÃ©iguÄ«huÄ	Rose
æ…æ‹Œ	jiÇobÃ n	Stir
å…¬å¯“	gÅngyÃ¹	apartment
é…’é¦™ä¸æ€•å··å­æ·±	jiÇ”xiÄng bÃ¹pÃ  xiÃ ngzishÄ“n	lit. "aroma of wine is not afraid of deep alleys", if your wine tastes good it doesn't matter the location of your store, quality goods need no advertising
é˜¿æ ¹å»·	ÄgÄ“ntÃ­ng	Argentina
æ‹‰æ–¯ç»´åŠ æ–¯	lÄsÄ«wÃ©ijiÄsÄ«	Las Vegas
æ­¦æœ¯	wÇ”shÃ¹	Martial arts
å•è¯å¡	dÄncÃ­ kÇ	flashcard
æ‰¾åˆ°ä¸€ä¸ªæ–¹æ³•	zhÇodÃ o yÄ«gÃ¨ fÄngfÇ	figure out
çˆ±æƒ…ç‰‡	Ã iqÃ­ngpiÄn	romantic movie
ææ€–ç‰‡	kÇ’ngbÃ¹piÄn	Horror film
åŠ¨ä½œç‰‡	dÃ²ngzuÃ²piÄn	Action movie
æƒŠæ‚šç‰‡	jÄ«ngsÇ’ngpiÄn	thriller
ç”µè§†å‰§	diÃ nshÃ¬jÃ¹	TV drama
åˆ·å‰§	shuÄjÃ¹	binge watch tv shows
å…¬å¸æ³•	gÅngsÄ«fÇ	Corporate law
æ°‘æ³•	mÃ­nfÇ	Civil law
åˆ‘æ³•	xÃ­ngfÇ	criminal law
è‡ªå¾‹	zÃ¬lÇœ	self-discipline (åè¯/å½¢å®¹è¯)
è§„å¾‹	guÄ«lÇœ	pattern
æœ‰è§„å¾‹çš„ç”Ÿæ´»	yÇ’u guÄ«lÇœ de shÄ“nghuÃ³	routined life
å¾‹å¸ˆ	lÇœshÄ«	lawyer
ç»™ä½ ç•™ä¸‹äº†...çš„å°è±¡	gÄ›i nÇ liÃºxiÃ  le ... de yÃ¬nxiÃ ng	Leave you the impression of ...
åä¹‰è¯	fÇnyÃ¬cÃ­	antonym
æµ…	qiÇn	shallow
æ°´å¾ˆæ·±	shuÇ hÄ›n shÄ“n	deceiving
é¢œè‰²å¾ˆæ·±/ æµ…	yÃ¡nsÃ¨ hÄ›nshÄ“n /   qiÇn	dark/ light colour
å¯¹...å¾ˆç†Ÿæ‚‰	duÃ¬ ... hÄ›n shÃºxÄ«	Very familiar
ç¡è¡£	shuÃ¬yÄ«	pyjamas
å¼‚äººä¹‹ä¸‹	yÃ¬ rÃ©n zhÄ«xiÃ 	I am Nobody (C-Drama)
Xä»¥ä¸Š	x yÇshÃ ng	More than X
è§’è‰²	juÃ©sÃ¨	character
æƒ…èŠ‚	qÃ­ngjiÃ©	plot
ä»…ä¾›å‚è€ƒ	jÇngÅngcÄnkÇo	for reference only
ä»…ä»…å› ä¸º	jÇnjÇn yÄ«nwÃ¨i	only because
ä½ç½®	wÃ¨izhi	Location
æ‰“å“ˆæ¬ ğŸ¥±	dÇhÄqian ğŸ¥±	Yawning
æ‰“é¼¾	dÇhÄn	Snoring
æ ‡å‡†	biÄozhÇ”n	standard
æœªæ¥	wÃ¨ilÃ¡i	future
ä½“é‡	tÇzhÃ²ng	body weight
å¯é 	kÄ›kÃ o	reliable
èœœæœˆæœŸ	mÃ¬yuÃ¨ qÄ«	honeymoon phase
æ…¢æ€§ç—…	mÃ nxÃ¬ngbÃ¬ng	chronic disease
ç¬‘è¯	xiÃ ohuÃ 	joke
å¼€è¿‡åˆ†çš„ç©ç¬‘	kÄi guÃ²fÃ¨n de wÃ¡nxiÃ o	the joke has gone too far
è¦æƒ³...	yÃ o xiÇng ...	If you want ...
å…±åŒçˆ±å¥½	gÃ²ngtÃ³ngÃ ihÇo	mutual hobby
å…±åŒè¯é¢˜	gÃ²ngtÃ³nghuÃ tÃ­	mutual chat material
å…±åŒæœ‹å‹	gÃ²ngtÃ³ng pÃ©ngyou	mutual friend
å…±åŒæ•Œäºº	gÃ²ngtÃ³ng dÃ­rÃ©n	mutual enemy
å…±åŒç”Ÿæ´»	gÃ²ngtÃ³ng shÄ“nghuÃ³	live together
å…±åŒåŠªåŠ›	gÃ²ngtÃ³ngnÇ”lÃ¬	Work together
å½¢å®¹è¯	xÃ­ngrÃ³ngcÃ­	adjective
åˆé€‚	hÃ©shÃ¬	suitable/ appropriate
æœ‰å¹¸ç¦æ„Ÿ	yÇ’u xÃ¬ngfÃºgÇn	have a sense of happiness
ç¨³å®š	wÄ›ndÃ¬ng	stable
å¼ºè¿«ç—‡	qiÇngpÃ²zhÃ¨ng	obsessive-compulsive disorder
åˆä½œ	hÃ©zuÃ²	cooperate
å¤åˆ¶	fÃ¹zhÃ¬	copy
ç²˜è´´	zhÄntiÄ“	paste
å¼€å¿ƒ	kÄixÄ«n	ï¼ˆæœ€å¸¸ç”¨ï¼‰å¼€å¿ƒğŸ˜„ï¼Œä¸å¼€å¿ƒğŸ˜¢
é«˜å…´	gÄoxÃ¬ng	å¾ˆé«˜å…´è®¤è¯†ä½ / é«˜å…´ğŸ˜„ï¼Œä¸é«˜å…´ğŸ˜ 
å¿«ä¹	kuÃ ilÃ¨	æ–°å¹´å¿«ä¹/ ç”Ÿæ—¥å¿«ä¹/ åœ£è¯å¿«ä¹/ å¿«ä¹çš„ä¸€å¤©
æ„‰å¿«	yÃºkuÃ i	å‘¨æœ«æ„‰å¿«/ åˆä½œæ„‰å¿«/ æ—…é€”æ„‰å¿«/ æˆ‘æœ‰ä¸€ä¸ªæ„‰å¿«çš„å‡æœŸ
æ„‰æ‚¦	yÃºyuÃ¨	æˆ‘ä»Šå¤©å¿ƒæƒ…å¾ˆæ„‰æ‚¦
å¹¸ç¦	xÃ¬ngfÃº	å¾ˆæ·±ï¼Œå¾ˆç¨³å®šï¼Œå¾ˆé•¿æ—¶é—´çš„
æ¢—	gÄ›ng	meme  (official translation)
è¡¨æƒ…åŒ…	biÇoqÃ­ng bÄo	meme (with image)
å®˜æ–¹	guÄnfÄng	official (e.g. the "official translation")
ç®—äº†	suÃ nle	nevermind
æ²¡äº‹äº†	mÃ©ishÃ¬ le	nevermind
æŒ‡ç¤ºç‰Œ	zhÇshÃ¬pÃ¡i	sign (e.g. in the Ithaka kitchen)
è¿‡å¡‘	guÃ²sÃ¹	laminate (vb.)
å¤©ä½¿	tiÄnshÇ	Angel
å¹³åº•ç…é”…	pÃ­ngdÇ jiÄnguÅ	frying pan
é“¸é“	zhÃ¹tiÄ›	cast iron
é‘„éµ	zhÃ¹tiÄ›	cast iron (just including bc the traditional is insane)
ç¾½è¡£ç”˜è“	yÇ”yÄ« gÄnlÃ¡n	kale
å°æ‰è±†	xiÇobiÇndÃ²u	lentil
ç²‰æœ«	fÄ›nmÃ²	powder
é¦™èœç±½	xiÄng cÃ izÇ	coriander (seeds)
åœŸèŒ´é¦™ç±½	tÇ” huÃ­xiÄng zÇ	cumin
è´£å¤‡	zÃ©bÃ¨i	blame
å€Ÿå£	jiÃ¨kÇ’u	excuse
æŒ‰æ‘©	Ã nmÃ³	massage
æ­¥éª¤	bÃ¹zhÃ²u	step
æç¤º	tÃ­shÃ¬	hint/ tips
æ‹›å¾…å®¢äºº	zhÄodÃ i kÃ¨rÃ©n	to treat guests
æ°‘å›½æ—¶æœŸ	mÃ­nguÃ³shÃ­qÄ«	Republic of China
å†²çª	chÅngtÅ«	conflict
è§£å†³	jiÄ›juÃ©	solve
äº¤é€š	jiÄotÅng	transportation
æ²Ÿé€š	gÅutÅng	communicate
è£å‘˜	cÃ¡iyuÃ¡n	lay off
æ³¡èŒ¶	pÃ ochÃ¡	brew a cup of tea
æ³¡é¢	pÃ omiÃ n	instant noodles
å‘	fÄ	to send (texts/ photos/emails)
ç›®æ ‡	mÃ¹biÄo	goal
å¤å¸Œè…Š	gÇ”xÄ«lÃ 	Ancient Greece
å¤ç½—é©¬	gÇ”luÃ³mÇ	ancient rome
è¯æ ¹	cÃ­gÄ“n	word root
çŸ³å¤´	shÃ­tou	Stone
ç¿»è¯‘ç¬”	fÄnyÃ¬ bÇ	translation pen
æ‰«	sÇo	scan
è¡¨ç¤º	biÇoshÃ¬	express
å¸ƒç½®	bÃ¹zhÃ¬	arrange/ organise
å¿…é¡»	bÃ¬xÅ«	must
èƒ½æ¥å—æ–°çš„æƒ³æ³•	nÃ©ng jiÄ“shÃ²u xÄ«n de xiÇngfÇ	open-minded
è™šå¿ƒå­¦ä¹ 	xÅ«xÄ«nxuÃ©xÃ­	learn sth with a humble attitude
å©šç¤¼	hÅ«nlÇ	wedding
æ‰¿è¯º	chÃ©ngnuÃ²	promise
æœ‰å¾ˆå¥½çš„å…³ç³»	yÇ’u hÄ›n hÇo de guÄnxi	Have a strong connection/ good relationship
ä¸å®‰	bÃ¹Än	insecure
ç—‡çŠ¶	zhÃ¨ngzhuÃ ng	Symptoms
æœ€è¿‘	zuÃ¬jÃ¬n	recently
ç¾½è¡£ç”˜è“	yÇ”yÄ« gÄnlÃ¡n	kale
å·å¿ƒèœ	juÇnxÄ«ncÃ i	cabbage
èŠ¥èœç§	jiÃ¨cÃ i zhÇ’ng	mustard seed
èåœ	luÃ³bo	daikon radish
èœèŠ±	cÃ ihuÄ	cauliflower
å¨ƒå¨ƒèœ	wÃ¡wa cÃ i	napa cabbage
å®¶æ—	jiÄzÃº	family (of a plant etc.)
è¥¿å…°èŠ±	xÄ«lÃ¡nhuÄ	broccoli
åŸ¹è‚²	pÃ©iyÃ¹	to breed
é¢ç­‹	miÃ njÄ«n	seitan
éº¸è´¨	fÅ«zhÃ¬	gluten
çƒ¤ç®±	kÇoxiÄng	oven
çƒ¤	kÇo	bake/ roast
é¦™æ–™	xiÄngliÃ o	spices
ç´ é£Ÿ	sÃ¹shÃ­	vegetarian diet
è…çƒ‚	fÇ”lÃ n	rot
çŠ¹å¤ªäºº	yÃ³utÃ irÃ©n	Jewish person
å¾‹æ³•	lÇœfÇ	religious law
çŠ¹å¤ªæ´é£Ÿ	yÃ³utÃ i jiÃ©shÃ­	kosher
æ¸…çœŸ	qÄ«ngzhÄ“n	halaal
ä¼Šæ–¯å…°æ•™	yÄ«sÄ«lÃ¡njiÃ o	islam
ä½›æ•™	fÃ³jiÃ o	buddhism
ç§å§“åˆ¶åº¦	zhÇ’ngxÃ¬ng zhÃ¬dÃ¹	Caste System
æ•™è‚²	jiÃ oyÃ¹	educate
åˆå”±å›¢	hÃ©chÃ ngtuÃ¡n	choir
æ–°æ•™	xÄ«njiÃ o	Protestant
å¤©ä¸»æ•™	tiÄnzhÇ”jiÃ o	Catholicism
æ•™ä¼š	jiÃ ohuÃ¬	Church
é“å¾·	dÃ odÃ©	Morality
ä¸»æ•™	zhÇ”jiÃ o	bishop
æ€§ä¸‘é—»	xÃ¬ngchÇ’uwÃ©n	Sex scandal
æœ€åä¸€æ ¹ç¨»è‰	zuÃ¬hÃ²u yÄ«gÄ“n dÃ ocÇo	The last straw
å›´è£™	wÃ©iqÃºn	apron
èŠ¸è–¹å±	yÃºntÃ¡i shÇ”	Brassicas
